Lmod has detected the following error: The following module(s) are unknown:
"cuda/12.8"

Please check the spelling or version number. Also try "module spider ..."
It is also possible your cache file is out-of-date; it may help to try:
  $ module --ignore_cache load "cuda/12.8"

Also make sure that all modulefiles written in TCL start with the string
#%Module



/u/musadorukucar/miniconda3/envs/allegro_fix_2/bin/python
Python 3.9.20
[Sat Aug 29 08:02:05 CDT 2026] Starting training script...
* Initialize Output
  ...generate file name results/Allegro_FPS_150_DFT_Li3PS4/run_Allegro_FPS_150_DFT_Li3PS4/log
  ...open log file results/Allegro_FPS_150_DFT_Li3PS4/run_Allegro_FPS_150_DFT_Li3PS4/log
  ...generate file name results/Allegro_FPS_150_DFT_Li3PS4/run_Allegro_FPS_150_DFT_Li3PS4/metrics_epoch.csv
  ...open log file results/Allegro_FPS_150_DFT_Li3PS4/run_Allegro_FPS_150_DFT_Li3PS4/metrics_epoch.csv
  ...generate file name results/Allegro_FPS_150_DFT_Li3PS4/run_Allegro_FPS_150_DFT_Li3PS4/metrics_initialization.csv
  ...open log file results/Allegro_FPS_150_DFT_Li3PS4/run_Allegro_FPS_150_DFT_Li3PS4/metrics_initialization.csv
  ...generate file name results/Allegro_FPS_150_DFT_Li3PS4/run_Allegro_FPS_150_DFT_Li3PS4/metrics_batch_train.csv
  ...open log file results/Allegro_FPS_150_DFT_Li3PS4/run_Allegro_FPS_150_DFT_Li3PS4/metrics_batch_train.csv
  ...generate file name results/Allegro_FPS_150_DFT_Li3PS4/run_Allegro_FPS_150_DFT_Li3PS4/metrics_batch_val.csv
  ...open log file results/Allegro_FPS_150_DFT_Li3PS4/run_Allegro_FPS_150_DFT_Li3PS4/metrics_batch_val.csv
  ...generate file name results/Allegro_FPS_150_DFT_Li3PS4/run_Allegro_FPS_150_DFT_Li3PS4/best_model.pth
  ...generate file name results/Allegro_FPS_150_DFT_Li3PS4/run_Allegro_FPS_150_DFT_Li3PS4/last_model.pth
  ...generate file name results/Allegro_FPS_150_DFT_Li3PS4/run_Allegro_FPS_150_DFT_Li3PS4/trainer.pth
  ...generate file name results/Allegro_FPS_150_DFT_Li3PS4/run_Allegro_FPS_150_DFT_Li3PS4/config.yaml
Torch device: cuda
instantiate Loss
...Loss_param = dict(
...   optional_args = {},
...   positional_args = {'coeffs': {'forces': 1.0, 'total_energy': [1.0, 'PerAtomMSELoss']}})
instantiate MSELoss
...MSELoss_param = dict(
...   optional_args = {'size_average': None, 'reduce': None},
...   positional_args = {'reduction': 'none'})
 parsing forces 1.0
 parsing 1.0 MSELoss
instantiate MSELoss
...MSELoss_param = dict(
...   optional_args = {'size_average': None, 'reduce': None},
...   positional_args = {'reduction': 'none'})
 parsing total_energy [1.0, 'PerAtomMSELoss']
 parsing 1.0 PerAtomMSELoss
create loss instance <class 'nequip.train._loss.PerAtomLoss'>
instantiate MSELoss
...MSELoss_param = dict(
...   optional_args = {'size_average': None, 'reduce': None},
...   positional_args = {'reduction': 'none'})
search for AtomicData_options with prefix dataset
search for r_max with prefix dataset
          0_args :                                               r_max
instantiate TypeMapper
   optional_args :                             chemical_symbol_to_type
...TypeMapper_param = dict(
...   optional_args = {'type_names': None, 'chemical_symbol_to_type': {'Li': 0, 'P': 1, 'S': 2}, 'type_to_chemical_symbol': None, 'chemical_symbols': None},
...   positional_args = {})
instantiate ASEDataset
   optional_args :                                            ase_args
   optional_args :                                                root
   optional_args :                                           file_name <-                                  dataset_file_name
   optional_args :                                  AtomicData_options <-                         dataset_AtomicData_options
...ASEDataset_param = dict(
...   optional_args = {'ase_args': {'format': 'extxyz'}, 'file_name': 'FPS_150_DFT_Li3PS4_train_valid_test_samples_merged.xyz', 'url': None, 'AtomicData_options': {'r_max': 5.0}, 'include_frames': None, 'key_mapping': None, 'include_keys': None, 'root': 'results/Allegro_FPS_150_DFT_Li3PS4'},
...   positional_args = {'type_mapper': <nequip.data.transforms.TypeMapper object at 0x7f928aae64c0>})
Processing dataset...
/u/musadorukucar/miniconda3/envs/allegro_fix_2/lib/python3.9/site-packages/nequip/utils/_global_options.py:95: UserWarning: Do NOT manually set PYTORCH_JIT_USE_NNC_NOT_NVFUSER=0 unless you know exactly what you're doing!
  warnings.warn(
/u/musadorukucar/miniconda3/envs/allegro_fix_2/lib/python3.9/site-packages/nequip/utils/_global_options.py:95: UserWarning: Do NOT manually set PYTORCH_JIT_USE_NNC_NOT_NVFUSER=0 unless you know exactly what you're doing!
  warnings.warn(
/u/musadorukucar/miniconda3/envs/allegro_fix_2/lib/python3.9/site-packages/nequip/utils/_global_options.py:95: UserWarning: Do NOT manually set PYTORCH_JIT_USE_NNC_NOT_NVFUSER=0 unless you know exactly what you're doing!
  warnings.warn(
/u/musadorukucar/miniconda3/envs/allegro_fix_2/lib/python3.9/site-packages/nequip/utils/_global_options.py:95: UserWarning: Do NOT manually set PYTORCH_JIT_USE_NNC_NOT_NVFUSER=0 unless you know exactly what you're doing!
  warnings.warn(
/u/musadorukucar/miniconda3/envs/allegro_fix_2/lib/python3.9/site-packages/nequip/utils/_global_options.py:95: UserWarning: Do NOT manually set PYTORCH_JIT_USE_NNC_NOT_NVFUSER=0 unless you know exactly what you're doing!
  warnings.warn(
/u/musadorukucar/miniconda3/envs/allegro_fix_2/lib/python3.9/site-packages/nequip/utils/_global_options.py:95: UserWarning: Do NOT manually set PYTORCH_JIT_USE_NNC_NOT_NVFUSER=0 unless you know exactly what you're doing!
  warnings.warn(
/u/musadorukucar/miniconda3/envs/allegro_fix_2/lib/python3.9/site-packages/nequip/utils/_global_options.py:95: UserWarning: Do NOT manually set PYTORCH_JIT_USE_NNC_NOT_NVFUSER=0 unless you know exactly what you're doing!
  warnings.warn(
/u/musadorukucar/miniconda3/envs/allegro_fix_2/lib/python3.9/site-packages/nequip/utils/_global_options.py:95: UserWarning: Do NOT manually set PYTORCH_JIT_USE_NNC_NOT_NVFUSER=0 unless you know exactly what you're doing!
  warnings.warn(
/u/musadorukucar/miniconda3/envs/allegro_fix_2/lib/python3.9/site-packages/nequip/utils/_global_options.py:95: UserWarning: Do NOT manually set PYTORCH_JIT_USE_NNC_NOT_NVFUSER=0 unless you know exactly what you're doing!
  warnings.warn(
/u/musadorukucar/miniconda3/envs/allegro_fix_2/lib/python3.9/site-packages/nequip/utils/_global_options.py:95: UserWarning: Do NOT manually set PYTORCH_JIT_USE_NNC_NOT_NVFUSER=0 unless you know exactly what you're doing!
  warnings.warn(
/u/musadorukucar/miniconda3/envs/allegro_fix_2/lib/python3.9/site-packages/nequip/utils/_global_options.py:95: UserWarning: Do NOT manually set PYTORCH_JIT_USE_NNC_NOT_NVFUSER=0 unless you know exactly what you're doing!
  warnings.warn(
/u/musadorukucar/miniconda3/envs/allegro_fix_2/lib/python3.9/site-packages/nequip/utils/_global_options.py:95: UserWarning: Do NOT manually set PYTORCH_JIT_USE_NNC_NOT_NVFUSER=0 unless you know exactly what you're doing!
  warnings.warn(
/u/musadorukucar/miniconda3/envs/allegro_fix_2/lib/python3.9/site-packages/nequip/utils/_global_options.py:95: UserWarning: Do NOT manually set PYTORCH_JIT_USE_NNC_NOT_NVFUSER=0 unless you know exactly what you're doing!
  warnings.warn(
/u/musadorukucar/miniconda3/envs/allegro_fix_2/lib/python3.9/site-packages/nequip/utils/_global_options.py:95: UserWarning: Do NOT manually set PYTORCH_JIT_USE_NNC_NOT_NVFUSER=0 unless you know exactly what you're doing!
  warnings.warn(
/u/musadorukucar/miniconda3/envs/allegro_fix_2/lib/python3.9/site-packages/nequip/utils/_global_options.py:95: UserWarning: Do NOT manually set PYTORCH_JIT_USE_NNC_NOT_NVFUSER=0 unless you know exactly what you're doing!
  warnings.warn(
/u/musadorukucar/miniconda3/envs/allegro_fix_2/lib/python3.9/site-packages/nequip/utils/_global_options.py:95: UserWarning: Do NOT manually set PYTORCH_JIT_USE_NNC_NOT_NVFUSER=0 unless you know exactly what you're doing!
  warnings.warn(
Loaded data: Batch(atomic_numbers=[2048000, 1], batch=[2048000], cell=[16000, 3, 3], edge_cell_shift=[51907084, 3], edge_index=[2, 51907084], forces=[2048000, 3], free_energy=[16000], pbc=[16000, 3], pos=[2048000, 3], ptr=[16001], stress=[16000, 3, 3], total_energy=[16000, 1])
    processed data size: ~2107.71 MB
Cached processed data to disk
Done!
Successfully loaded the data set of type ASEDataset(16000)...
Building Allegro model...
instantiate AllegroBesselBasis
        all_args :                                  PolynomialCutoff_p
        all_args :                               num_bessels_per_basis
        all_args :                                               r_max
        all_args :                                          type_names
...AllegroBesselBasis_param = dict(
...   optional_args = {'bessel_frequency_cutoff': None, 'num_bessels_per_basis': 8, 'per_edge_type_cutoff': None, 'type_names': ['Li', 'P', 'S'], 'trainable': True, 'PolynomialCutoff_p': 6, 'r_max': 5.0},
...   positional_args = {'irreps_in': None})
instantiate ProductTypeEmbedding
        all_args :                                           num_types
   optional_args :                        initial_scalar_embedding_dim
...ProductTypeEmbedding_param = dict(
...   optional_args = {'radial_basis_mlp': <class 'allegro.nn._fc.ScalarMLPFunction'>, 'radial_basis_mlp_kwargs': {'mlp_nonlinearity': 'silu', 'mlp_initialization': 'uniform', 'mlp_bias': False, 'mlp_bfloat16': False}, 'num_types': 3, 'initial_scalar_embedding_dim': 128},
...   positional_args = {'irreps_in': {'pos': 1x1o, 'edge_index': None, 'edge_embedding': 8x0e, 'edge_cutoff': 1x0e}})
instantiate SphericalHarmonicEdgeAttrs
        all_args :                                      irreps_edge_sh
...SphericalHarmonicEdgeAttrs_param = dict(
...   optional_args = {'edge_sh_normalization': 'component', 'edge_sh_normalize': True, 'out_field': 'edge_attrs', 'irreps_edge_sh': '1x0e+1x1o+1x2e'},
...   positional_args = {'irreps_in': {'pos': 1x1o, 'edge_index': None, 'edge_embedding': 128x0e, 'edge_cutoff': 1x0e}})
instantiate Allegro_Module
        all_args :                                               r_max
        all_args :                                 num_tensor_features
        all_args :                                           num_types
        all_args :                                   avg_num_neighbors
        all_args :                         tensor_track_allowed_irreps
        all_args :                                          num_layers
        all_args :                                       latent_resnet
        all_args :        two_body_latent_kwargs.mlp_latent_dimensions <-              two_body_latent_mlp_latent_dimensions
        all_args :             two_body_latent_kwargs.mlp_nonlinearity <-                   two_body_latent_mlp_nonlinearity
        all_args :           two_body_latent_kwargs.mlp_initialization <-                 two_body_latent_mlp_initialization
        all_args :              env_embed_kwargs.mlp_latent_dimensions <-                    env_embed_mlp_latent_dimensions
        all_args :                   env_embed_kwargs.mlp_nonlinearity <-                         env_embed_mlp_nonlinearity
        all_args :                 env_embed_kwargs.mlp_initialization <-                       env_embed_mlp_initialization
        all_args :                 latent_kwargs.mlp_latent_dimensions <-                       latent_mlp_latent_dimensions
        all_args :                      latent_kwargs.mlp_nonlinearity <-                            latent_mlp_nonlinearity
        all_args :                    latent_kwargs.mlp_initialization <-                          latent_mlp_initialization
   optional_args :                                edge_invariant_field
   optional_args :                                               field
...Allegro_Module_param = dict(
...   optional_args = {'avg_num_neighbors': 25.168229166666666, 'field': 'edge_attrs', 'edge_invariant_field': 'edge_embedding', 'self_edge_tensor_product': False, 'tensors_mixing_mode': 'uuulin', 'tensor_track_weight_init': 'uniform', 'weight_individual_irreps': True, 'two_body_latent': <class 'allegro.nn._fc.ScalarMLPFunction'>, 'two_body_latent_kwargs': {'mlp_nonlinearity': 'silu', 'mlp_initialization': 'uniform', 'mlp_bias': False, 'mlp_bfloat16': False, 'mlp_latent_dimensions': [128, 256, 512, 1024]}, 'env_embed': <class 'allegro.nn._fc.ScalarMLPFunction'>, 'env_embed_kwargs': {'mlp_nonlinearity': None, 'mlp_initialization': 'uniform', 'mlp_bias': False, 'mlp_bfloat16': False, 'mlp_latent_dimensions': []}, 'latent': <class 'allegro.nn._fc.ScalarMLPFunction'>, 'latent_kwargs': {'mlp_nonlinearity': 'silu', 'mlp_initialization': 'uniform', 'mlp_bias': False, 'mlp_bfloat16': False, 'mlp_latent_dimensions': [1024, 1024, 1024]}, 'latent_resnet': True, 'latent_resnet_coefficients': None, 'latent_resnet_coefficients_learnable': False, 'latent_out_field': 'edge_features', 'r_max': 5.0, 'num_tensor_features': 8, 'num_layers': 2, 'num_types': 3, 'tensor_track_allowed_irreps': 1x0e+1x0o+1x1e+1x1o+1x2e+1x2o},
...   positional_args = {'irreps_in': {'pos': 1x1o, 'edge_index': None, 'edge_embedding': 128x0e, 'edge_cutoff': 1x0e, 'edge_attrs': 1x0e+1x1o+1x2e}})
instantiate ScalarMLP
        all_args :                               mlp_latent_dimensions <-                     edge_eng_mlp_latent_dimensions
        all_args :                                    mlp_nonlinearity <-                          edge_eng_mlp_nonlinearity
        all_args :                                  mlp_initialization <-                        edge_eng_mlp_initialization
   optional_args :                                           out_field
   optional_args :                                mlp_output_dimension
   optional_args :                                               field
...ScalarMLP_param = dict(
...   optional_args = {'mlp_nonlinearity': None, 'mlp_initialization': 'uniform', 'mlp_bias': False, 'mlp_bfloat16': False, 'field': 'edge_features', 'out_field': 'edge_energy', 'mlp_latent_dimensions': [128], 'mlp_output_dimension': 1},
...   positional_args = {'irreps_in': {'pos': 1x1o, 'edge_index': None, 'edge_embedding': 128x0e, 'edge_cutoff': 1x0e, 'edge_attrs': 1x0e+1x1o+1x2e, 'edge_features': 1024x0e}})
instantiate EdgewiseEnergySum
        all_args :                                           num_types
        all_args :                                   avg_num_neighbors
...EdgewiseEnergySum_param = dict(
...   optional_args = {'avg_num_neighbors': 25.168229166666666, 'normalize_edge_energy_sum': True, 'num_types': 3},
...   positional_args = {'irreps_in': {'pos': 1x1o, 'edge_index': None, 'edge_embedding': 128x0e, 'edge_cutoff': 1x0e, 'edge_attrs': 1x0e+1x1o+1x2e, 'edge_features': 1024x0e, 'edge_energy': 1x0e}})
instantiate AtomwiseReduce
   optional_args :                                              reduce
   optional_args :                                           out_field
   optional_args :                                               field
...AtomwiseReduce_param = dict(
...   optional_args = {'out_field': 'total_energy', 'reduce': 'sum', 'avg_num_atoms': None, 'field': 'atomic_energy'},
...   positional_args = {'irreps_in': {'pos': 1x1o, 'edge_index': None, 'edge_embedding': 128x0e, 'edge_cutoff': 1x0e, 'edge_attrs': 1x0e+1x1o+1x2e, 'edge_features': 1024x0e, 'edge_energy': 1x0e, 'atomic_energy': 1x0e}})
Replace string dataset_per_atom_total_energy_mean to -4.281155153946875
Atomic outputs are scaled by: [Li, P, S: None], shifted by [Li, P, S: -4.281155].
instantiate PerSpeciesScaleShift
        all_args :                                       default_dtype
        all_args :                                           num_types
        all_args :                                          type_names
   optional_args :                          arguments_in_dataset_units
   optional_args :                                               field
   optional_args :                                              scales
   optional_args :                                           out_field
   optional_args :                                              shifts
...PerSpeciesScaleShift_param = dict(
...   optional_args = {'out_field': 'atomic_energy', 'scales_trainable': False, 'shifts_trainable': False, 'default_dtype': 'float64', 'num_types': 3, 'type_names': ['Li', 'P', 'S'], 'field': 'atomic_energy', 'shifts': tensor(-4.2812, dtype=torch.float64), 'scales': None, 'arguments_in_dataset_units': True},
...   positional_args = {'irreps_in': {'pos': 1x1o, 'edge_index': None, 'edge_embedding': 128x0e, 'edge_cutoff': 1x0e, 'edge_attrs': 1x0e+1x1o+1x2e, 'edge_features': 1024x0e, 'edge_energy': 1x0e, 'atomic_energy': 1x0e}})
Replace string dataset_forces_rms to 0.6541861242462662
Initially outputs are globally scaled by: 0.6541861242462662, total_energy are globally shifted by None.
PerSpeciesScaleShift's arguments were in dataset units; rescaling:
  Original scales: n/a shifts: [Li: -4.281155, P: -4.281155, S: -4.281155]
  New scales: n/a shifts: [Li: -6.544246, P: -6.544246, S: -6.544246]
Successfully built the network...
Saved trainer to results/Allegro_FPS_150_DFT_Li3PS4/run_Allegro_FPS_150_DFT_Li3PS4/trainer.pth
Saved last model to to results/Allegro_FPS_150_DFT_Li3PS4/run_Allegro_FPS_150_DFT_Li3PS4/last_model.pth
Number of weights: 7252360
Number of trainable weights: 7252360
instantiate Adam
...Adam_param = dict(
...   optional_args = {'betas': (0.9, 0.999), 'eps': 1e-08, 'weight_decay': 0, 'amsgrad': False, 'maximize': False},
...   positional_args = {'params': <generator object Module.parameters at 0x7f92de857eb0>, 'lr': 0.001})
instantiate ReduceLROnPlateau
        all_args :                                            patience <-                              lr_scheduler_patience
        all_args :                                              factor <-                                lr_scheduler_factor
...ReduceLROnPlateau_param = dict(
...   optional_args = {'mode': 'min', 'factor': 0.5, 'patience': 50, 'threshold': 0.0001, 'threshold_mode': 'rel', 'cooldown': 0, 'min_lr': 0, 'eps': 1e-08, 'verbose': False},
...   positional_args = {'optimizer': Adam (
Parameter Group 0
    amsgrad: False
    betas: (0.9, 0.999)
    eps: 1e-08
    lr: 0.001
    maximize: False
    weight_decay: 0
)})
get args for EarlyStopping
        all_args :                                               delta <-                               early_stopping_delta
        all_args :                                        upper_bounds <-                        early_stopping_upper_bounds
        all_args :                                           patiences <-                           early_stopping_patiences
        all_args :                                        lower_bounds <-                        early_stopping_lower_bounds
        all_args :                                    cumulative_delta <-                    early_stopping_cumulative_delta
...EarlyStopping_param = dict(
...   optional_args = {'lower_bounds': {'LR': 1e-05}, 'upper_bounds': {'cumulative_wall': 604800.0}, 'patiences': {'validation_loss': 50}, 'delta': {'validation_loss': 0.0001}, 'cumulative_delta': False},
...   positional_args = {})
! Starting training ...
Saved trainer to results/Allegro_FPS_150_DFT_Li3PS4/run_Allegro_FPS_150_DFT_Li3PS4/trainer.pth
Saved last model to to results/Allegro_FPS_150_DFT_Li3PS4/run_Allegro_FPS_150_DFT_Li3PS4/last_model.pth
instantiate Metrics
...Metrics_param = dict(
...   optional_args = {},
...   positional_args = {'components': [['forces', 'mae'], ['forces', 'rmse'], ['forces', 'mae', {'PerSpecies': True, 'report_per_component': False}], ['forces', 'rmse', {'PerSpecies': True, 'report_per_component': False}], ['total_energy', 'mae'], ['total_energy', 'mae', {'PerAtom': True}], ['total_energy', 'rmse'], ['total_energy', 'rmse', {'PerAtom': True}]]})
instantiate L1Loss
...L1Loss_param = dict(
...   optional_args = {'size_average': None, 'reduce': None},
...   positional_args = {'reduction': 'none'})
instantiate L1Loss
...L1Loss_param = dict(
...   optional_args = {'size_average': None, 'reduce': None},
...   positional_args = {'reduction': 'none'})
instantiate L1Loss
...L1Loss_param = dict(
...   optional_args = {'size_average': None, 'reduce': None},
...   positional_args = {'reduction': 'none'})
instantiate L1Loss
...L1Loss_param = dict(
...   optional_args = {'size_average': None, 'reduce': None},
...   positional_args = {'reduction': 'none'})
instantiate L1Loss
...L1Loss_param = dict(
...   optional_args = {'size_average': None, 'reduce': None},
...   positional_args = {'reduction': 'none'})
instantiate L1Loss
...L1Loss_param = dict(
...   optional_args = {'size_average': None, 'reduce': None},
...   positional_args = {'reduction': 'none'})
instantiate L1Loss
...L1Loss_param = dict(
...   optional_args = {'size_average': None, 'reduce': None},
...   positional_args = {'reduction': 'none'})
instantiate L1Loss
...L1Loss_param = dict(
...   optional_args = {'size_average': None, 'reduce': None},
...   positional_args = {'reduction': 'none'})
Traceback (most recent call last):
  File "/u/musadorukucar/miniconda3/envs/allegro_fix_2/bin/nequip-train", line 6, in <module>
    sys.exit(main())
  File "/u/musadorukucar/miniconda3/envs/allegro_fix_2/lib/python3.9/site-packages/nequip/scripts/train.py", line 115, in main
    trainer.train()
  File "/u/musadorukucar/miniconda3/envs/allegro_fix_2/lib/python3.9/site-packages/nequip/train/trainer.py", line 780, in train
    self._post_init_callback()
  File "/u/musadorukucar/miniconda3/envs/allegro_fix_2/lib/python3.9/site-packages/nequip/scripts/train.py", line 263, in _unused_check
    raise KeyError(message)
KeyError: 'The following keys in the config file were not used, did you make a typo?: BesselBasis_trainable, env_embed_multiplicity, embed_initial_edge, optimizer_params. (If this sounds wrong, please file an issue. You can turn this error into a warning with `--warn-unused`, but please make sure that the key really is correctly spelled and used!.)'
* Initialize Output
  ...generate file name results/Allegro_FPS_150_DFT_Li3PS4/run_Allegro_FPS_150_DFT_Li3PS4/log
  ...open log file results/Allegro_FPS_150_DFT_Li3PS4/run_Allegro_FPS_150_DFT_Li3PS4/log
  ...generate file name results/Allegro_FPS_150_DFT_Li3PS4/run_Allegro_FPS_150_DFT_Li3PS4/metrics_epoch.csv
  ...open log file results/Allegro_FPS_150_DFT_Li3PS4/run_Allegro_FPS_150_DFT_Li3PS4/metrics_epoch.csv
  ...generate file name results/Allegro_FPS_150_DFT_Li3PS4/run_Allegro_FPS_150_DFT_Li3PS4/metrics_initialization.csv
  ...open log file results/Allegro_FPS_150_DFT_Li3PS4/run_Allegro_FPS_150_DFT_Li3PS4/metrics_initialization.csv
  ...generate file name results/Allegro_FPS_150_DFT_Li3PS4/run_Allegro_FPS_150_DFT_Li3PS4/metrics_batch_train.csv
  ...open log file results/Allegro_FPS_150_DFT_Li3PS4/run_Allegro_FPS_150_DFT_Li3PS4/metrics_batch_train.csv
  ...generate file name results/Allegro_FPS_150_DFT_Li3PS4/run_Allegro_FPS_150_DFT_Li3PS4/metrics_batch_val.csv
  ...open log file results/Allegro_FPS_150_DFT_Li3PS4/run_Allegro_FPS_150_DFT_Li3PS4/metrics_batch_val.csv
  ...generate file name results/Allegro_FPS_150_DFT_Li3PS4/run_Allegro_FPS_150_DFT_Li3PS4/best_model.pth
  ...generate file name results/Allegro_FPS_150_DFT_Li3PS4/run_Allegro_FPS_150_DFT_Li3PS4/last_model.pth
  ...generate file name results/Allegro_FPS_150_DFT_Li3PS4/run_Allegro_FPS_150_DFT_Li3PS4/trainer.pth
  ...generate file name results/Allegro_FPS_150_DFT_Li3PS4/run_Allegro_FPS_150_DFT_Li3PS4/config.yaml
Torch device: cuda
instantiate Loss
...Loss_param = dict(
...   optional_args = {},
...   positional_args = {'coeffs': {'forces': 1.0, 'total_energy': [1.0, 'PerAtomMSELoss']}})
instantiate MSELoss
...MSELoss_param = dict(
...   optional_args = {'size_average': None, 'reduce': None},
...   positional_args = {'reduction': 'none'})
 parsing forces 1.0
 parsing 1.0 MSELoss
instantiate MSELoss
...MSELoss_param = dict(
...   optional_args = {'size_average': None, 'reduce': None},
...   positional_args = {'reduction': 'none'})
 parsing total_energy [1.0, 'PerAtomMSELoss']
 parsing 1.0 PerAtomMSELoss
create loss instance <class 'nequip.train._loss.PerAtomLoss'>
instantiate MSELoss
...MSELoss_param = dict(
...   optional_args = {'size_average': None, 'reduce': None},
...   positional_args = {'reduction': 'none'})
Number of weights: 7252360
Number of trainable weights: 7252360
instantiate Adam
   optional_args :                                               betas
   optional_args :                                                 eps
   optional_args :                                             amsgrad
   optional_args :                                            maximize
   optional_args :                                        weight_decay
...Adam_param = dict(
...   optional_args = {'betas': (0.9, 0.999), 'eps': 1e-08, 'weight_decay': 0, 'amsgrad': False, 'maximize': False},
...   positional_args = {'params': <generator object Module.parameters at 0x7f72141a4190>, 'lr': 0.001})
instantiate ReduceLROnPlateau
        all_args :                                            patience <-                              lr_scheduler_patience
        all_args :                                              factor <-                                lr_scheduler_factor
...ReduceLROnPlateau_param = dict(
...   optional_args = {'mode': 'min', 'factor': 0.5, 'patience': 50, 'threshold': 0.0001, 'threshold_mode': 'rel', 'cooldown': 0, 'min_lr': 0, 'eps': 1e-08, 'verbose': False},
...   positional_args = {'optimizer': Adam (
Parameter Group 0
    amsgrad: False
    betas: (0.9, 0.999)
    eps: 1e-08
    lr: 0.001
    maximize: False
    weight_decay: 0
)})
get args for EarlyStopping
        all_args :                                        lower_bounds <-                        early_stopping_lower_bounds
        all_args :                                    cumulative_delta <-                    early_stopping_cumulative_delta
        all_args :                                        upper_bounds <-                        early_stopping_upper_bounds
        all_args :                                           patiences <-                           early_stopping_patiences
        all_args :                                               delta <-                               early_stopping_delta
...EarlyStopping_param = dict(
...   optional_args = {'lower_bounds': {'LR': 1e-05}, 'upper_bounds': {'cumulative_wall': 604800.0}, 'patiences': {'validation_loss': 50}, 'delta': {'validation_loss': 0.0001}, 'cumulative_delta': False},
...   positional_args = {})
Reload optimizer and scheduler states
search for AtomicData_options with prefix dataset
          0_args :                                  AtomicData_options <-                         dataset_AtomicData_options
search for r_max with prefix dataset
          1_args :                                               r_max
instantiate TypeMapper
   optional_args :                             chemical_symbol_to_type
   optional_args :                             type_to_chemical_symbol
   optional_args :                                          type_names
...TypeMapper_param = dict(
...   optional_args = {'type_names': ['Li', 'P', 'S'], 'chemical_symbol_to_type': {'Li': 0, 'P': 1, 'S': 2}, 'type_to_chemical_symbol': {0: 'Li', 1: 'P', 2: 'S'}, 'chemical_symbols': None},
...   positional_args = {})
instantiate ASEDataset
   optional_args :                                                root
   optional_args :                                            ase_args
   optional_args :                                           file_name <-                                  dataset_file_name
   optional_args :                                  AtomicData_options <-                         dataset_AtomicData_options
...ASEDataset_param = dict(
...   optional_args = {'ase_args': {'format': 'extxyz'}, 'file_name': 'FPS_150_DFT_Li3PS4_train_valid_test_samples_merged.xyz', 'url': None, 'AtomicData_options': {'r_max': 5.0}, 'include_frames': None, 'key_mapping': None, 'include_keys': None, 'root': 'results/Allegro_FPS_150_DFT_Li3PS4'},
...   positional_args = {'type_mapper': <nequip.data.transforms.TypeMapper object at 0x7f7213e29d00>})
Successfully re-loaded the data set of type ASEDataset(16000)...
Saved trainer to results/Allegro_FPS_150_DFT_Li3PS4/run_Allegro_FPS_150_DFT_Li3PS4/trainer.pth
Saved last model to to results/Allegro_FPS_150_DFT_Li3PS4/run_Allegro_FPS_150_DFT_Li3PS4/last_model.pth
! Starting training ...
Saved trainer to results/Allegro_FPS_150_DFT_Li3PS4/run_Allegro_FPS_150_DFT_Li3PS4/trainer.pth
Saved last model to to results/Allegro_FPS_150_DFT_Li3PS4/run_Allegro_FPS_150_DFT_Li3PS4/last_model.pth
instantiate Metrics
...Metrics_param = dict(
...   optional_args = {},
...   positional_args = {'components': [['forces', 'mae'], ['forces', 'rmse'], ['forces', 'mae', {'PerSpecies': True, 'report_per_component': False}], ['forces', 'rmse', {'PerSpecies': True, 'report_per_component': False}], ['total_energy', 'mae'], ['total_energy', 'mae', {'PerAtom': True}], ['total_energy', 'rmse'], ['total_energy', 'rmse', {'PerAtom': True}]]})
instantiate L1Loss
...L1Loss_param = dict(
...   optional_args = {'size_average': None, 'reduce': None},
...   positional_args = {'reduction': 'none'})
instantiate L1Loss
...L1Loss_param = dict(
...   optional_args = {'size_average': None, 'reduce': None},
...   positional_args = {'reduction': 'none'})
instantiate L1Loss
...L1Loss_param = dict(
...   optional_args = {'size_average': None, 'reduce': None},
...   positional_args = {'reduction': 'none'})
instantiate L1Loss
...L1Loss_param = dict(
...   optional_args = {'size_average': None, 'reduce': None},
...   positional_args = {'reduction': 'none'})
instantiate L1Loss
...L1Loss_param = dict(
...   optional_args = {'size_average': None, 'reduce': None},
...   positional_args = {'reduction': 'none'})
instantiate L1Loss
...L1Loss_param = dict(
...   optional_args = {'size_average': None, 'reduce': None},
...   positional_args = {'reduction': 'none'})
instantiate L1Loss
...L1Loss_param = dict(
...   optional_args = {'size_average': None, 'reduce': None},
...   positional_args = {'reduction': 'none'})
instantiate L1Loss
...L1Loss_param = dict(
...   optional_args = {'size_average': None, 'reduce': None},
...   positional_args = {'reduction': 'none'})

validation
# Epoch batch         loss       loss_f       loss_e        f_mae       f_rmse     Li_f_mae      P_f_mae      S_f_mae  psavg_f_mae    Li_f_rmse     P_f_rmse     S_f_rmse psavg_f_rmse        e_mae      e/N_mae       e_rmse     e/N_rmse
      0   100        0.955        0.846        0.108        0.416        0.602        0.241        0.801        0.452        0.498        0.314         1.05        0.611        0.659         27.3        0.213         27.6        0.215
      0   160          1.7         1.64       0.0519        0.599        0.839        0.324         1.08        0.685        0.697        0.439         1.39        0.884        0.904         18.4        0.143         19.1        0.149


  Initialization     #    Epoch      wal       LR       loss_f       loss_e         loss        f_mae       f_rmse     Li_f_mae      P_f_mae      S_f_mae  psavg_f_mae    Li_f_rmse     P_f_rmse     S_f_rmse psavg_f_rmse        e_mae      e/N_mae       e_rmse     e/N_rmse
! Initial Validation          0    8.547    0.001         1.03       0.0938         1.13        0.464        0.665         0.26        0.849        0.522        0.544        0.347          1.1          0.7        0.717         24.9        0.194         25.6          0.2
Wall time: 8.548223113990389
! Best model        0    1.128
Saved trainer to results/Allegro_FPS_150_DFT_Li3PS4/run_Allegro_FPS_150_DFT_Li3PS4/trainer.pth
Saved last model to to results/Allegro_FPS_150_DFT_Li3PS4/run_Allegro_FPS_150_DFT_Li3PS4/last_model.pth

training
# Epoch batch         loss       loss_f       loss_e        f_mae       f_rmse     Li_f_mae      P_f_mae      S_f_mae  psavg_f_mae    Li_f_rmse     P_f_rmse     S_f_rmse psavg_f_rmse        e_mae      e/N_mae       e_rmse     e/N_rmse
      1    75        0.124        0.124     0.000228        0.172         0.23        0.128        0.322        0.167        0.205        0.164        0.403        0.213         0.26        0.985      0.00769         1.26      0.00987

validation
# Epoch batch         loss       loss_f       loss_e        f_mae       f_rmse     Li_f_mae      P_f_mae      S_f_mae  psavg_f_mae    Li_f_rmse     P_f_rmse     S_f_rmse psavg_f_rmse        e_mae      e/N_mae       e_rmse     e/N_rmse
      1   100        0.154        0.154     7.59e-06        0.182        0.257        0.134        0.368        0.172        0.225        0.166        0.492        0.225        0.294        0.178      0.00139        0.231       0.0018
      1   160        0.312        0.312     0.000415        0.259        0.365        0.153        0.509        0.276        0.313        0.192        0.641         0.37        0.401          1.2      0.00935         1.71       0.0133


  Train      #    Epoch      wal       LR       loss_f       loss_e         loss        f_mae       f_rmse     Li_f_mae      P_f_mae      S_f_mae  psavg_f_mae    Li_f_rmse     P_f_rmse     S_f_rmse psavg_f_rmse        e_mae      e/N_mae       e_rmse     e/N_rmse
! Train               1   16.340    0.001        0.279      0.00675        0.285        0.244        0.345        0.165        0.443        0.253        0.287        0.216        0.582        0.345        0.381          4.4       0.0344         6.88       0.0537
! Validation          1   16.340    0.001        0.187     0.000187        0.188          0.2        0.283        0.129        0.393        0.204        0.242        0.162        0.512        0.274        0.316        0.898      0.00702         1.15      0.00895
Wall time: 16.341742162941955
! Best model        1    0.188
Saved trainer to results/Allegro_FPS_150_DFT_Li3PS4/run_Allegro_FPS_150_DFT_Li3PS4/trainer.pth
Saved last model to to results/Allegro_FPS_150_DFT_Li3PS4/run_Allegro_FPS_150_DFT_Li3PS4/last_model.pth

training
# Epoch batch         loss       loss_f       loss_e        f_mae       f_rmse     Li_f_mae      P_f_mae      S_f_mae  psavg_f_mae    Li_f_rmse     P_f_rmse     S_f_rmse psavg_f_rmse        e_mae      e/N_mae       e_rmse     e/N_rmse
      2    75        0.101        0.101      0.00019        0.159        0.207        0.116         0.28        0.161        0.186        0.145        0.342        0.203         0.23        0.829      0.00647         1.16      0.00902

validation
# Epoch batch         loss       loss_f       loss_e        f_mae       f_rmse     Li_f_mae      P_f_mae      S_f_mae  psavg_f_mae    Li_f_rmse     P_f_rmse     S_f_rmse psavg_f_rmse        e_mae      e/N_mae       e_rmse     e/N_rmse
      2   100        0.118        0.118     2.51e-05        0.161        0.224        0.114        0.317        0.157        0.196        0.139        0.425        0.203        0.256        0.356      0.00278         0.42      0.00328
      2   160        0.239        0.238     0.000104        0.225        0.319        0.127        0.454        0.241        0.274        0.156        0.569        0.324         0.35        0.846      0.00661        0.853      0.00667


  Train      #    Epoch      wal       LR       loss_f       loss_e         loss        f_mae       f_rmse     Li_f_mae      P_f_mae      S_f_mae  psavg_f_mae    Li_f_rmse     P_f_rmse     S_f_rmse psavg_f_rmse        e_mae      e/N_mae       e_rmse     e/N_rmse
! Train               2   22.187    0.001        0.191     0.000788        0.191        0.203        0.286        0.128        0.382        0.214        0.241        0.161        0.499        0.286        0.315         1.92        0.015         2.35       0.0184
! Validation          2   22.187    0.001        0.142     0.000133        0.142        0.175        0.247        0.111        0.342         0.18        0.211        0.138        0.446         0.24        0.275        0.816      0.00638        0.965      0.00754
Wall time: 22.187713899998926
! Best model        2    0.142
Saved trainer to results/Allegro_FPS_150_DFT_Li3PS4/run_Allegro_FPS_150_DFT_Li3PS4/trainer.pth
Saved last model to to results/Allegro_FPS_150_DFT_Li3PS4/run_Allegro_FPS_150_DFT_Li3PS4/last_model.pth

training
# Epoch batch         loss       loss_f       loss_e        f_mae       f_rmse     Li_f_mae      P_f_mae      S_f_mae  psavg_f_mae    Li_f_rmse     P_f_rmse     S_f_rmse psavg_f_rmse        e_mae      e/N_mae       e_rmse     e/N_rmse
      3    75       0.0736       0.0736     5.27e-05        0.138        0.177       0.0946        0.222        0.149        0.155        0.117         0.27        0.185        0.191        0.561      0.00438        0.608      0.00475

validation
# Epoch batch         loss       loss_f       loss_e        f_mae       f_rmse     Li_f_mae      P_f_mae      S_f_mae  psavg_f_mae    Li_f_rmse     P_f_rmse     S_f_rmse psavg_f_rmse        e_mae      e/N_mae       e_rmse     e/N_rmse
      3   100       0.0747       0.0747     1.82e-05        0.131        0.179       0.0919        0.229        0.137        0.152        0.115        0.309        0.174        0.199        0.243       0.0019        0.357      0.00279
      3   160        0.162        0.162     7.61e-05        0.189        0.263        0.115        0.359        0.202        0.225        0.142        0.447        0.271        0.287        0.564      0.00441         0.73      0.00571


  Train      #    Epoch      wal       LR       loss_f       loss_e         loss        f_mae       f_rmse     Li_f_mae      P_f_mae      S_f_mae  psavg_f_mae    Li_f_rmse     P_f_rmse     S_f_rmse psavg_f_rmse        e_mae      e/N_mae       e_rmse     e/N_rmse
! Train               3   28.076    0.001        0.128     0.000447        0.128         0.17        0.234        0.109        0.287        0.186        0.194         0.14        0.378        0.243        0.254         1.46       0.0114         1.77       0.0138
! Validation          3   28.076    0.001       0.0944     6.27e-05       0.0944        0.145        0.201       0.0954        0.258        0.155         0.17        0.121        0.339        0.203        0.221        0.474       0.0037        0.663      0.00518
Wall time: 28.077163319918327
! Best model        3    0.094
Saved trainer to results/Allegro_FPS_150_DFT_Li3PS4/run_Allegro_FPS_150_DFT_Li3PS4/trainer.pth
Saved last model to to results/Allegro_FPS_150_DFT_Li3PS4/run_Allegro_FPS_150_DFT_Li3PS4/last_model.pth

training
# Epoch batch         loss       loss_f       loss_e        f_mae       f_rmse     Li_f_mae      P_f_mae      S_f_mae  psavg_f_mae    Li_f_rmse     P_f_rmse     S_f_rmse psavg_f_rmse        e_mae      e/N_mae       e_rmse     e/N_rmse
      4    75        0.045       0.0443      0.00074        0.105        0.138       0.0815        0.176        0.106        0.121        0.102        0.216        0.136        0.151         2.28       0.0178         2.28       0.0178

validation
# Epoch batch         loss       loss_f       loss_e        f_mae       f_rmse     Li_f_mae      P_f_mae      S_f_mae  psavg_f_mae    Li_f_rmse     P_f_rmse     S_f_rmse psavg_f_rmse        e_mae      e/N_mae       e_rmse     e/N_rmse
      4   100       0.0497       0.0497     3.17e-05        0.109        0.146       0.0789        0.175        0.114        0.123          0.1        0.236        0.145         0.16        0.417      0.00326        0.471      0.00368
      4   160         0.12         0.12      6.2e-05        0.162        0.227        0.103        0.287        0.176        0.189        0.128        0.362         0.24        0.243        0.485      0.00379        0.659      0.00515


  Train      #    Epoch      wal       LR       loss_f       loss_e         loss        f_mae       f_rmse     Li_f_mae      P_f_mae      S_f_mae  psavg_f_mae    Li_f_rmse     P_f_rmse     S_f_rmse psavg_f_rmse        e_mae      e/N_mae       e_rmse     e/N_rmse
! Train               4   33.862    0.001       0.0852     0.000431       0.0857        0.139        0.191       0.0938        0.227        0.151        0.157        0.121        0.299        0.199        0.206          1.4       0.0109         1.74       0.0136
! Validation          4   33.862    0.001       0.0666     5.27e-05       0.0667        0.122        0.169       0.0831        0.207         0.13         0.14        0.107        0.273        0.173        0.184        0.454      0.00355        0.608      0.00475
Wall time: 33.862385006970726
! Best model        4    0.067
Saved trainer to results/Allegro_FPS_150_DFT_Li3PS4/run_Allegro_FPS_150_DFT_Li3PS4/trainer.pth
Saved last model to to results/Allegro_FPS_150_DFT_Li3PS4/run_Allegro_FPS_150_DFT_Li3PS4/last_model.pth

training
# Epoch batch         loss       loss_f       loss_e        f_mae       f_rmse     Li_f_mae      P_f_mae      S_f_mae  psavg_f_mae    Li_f_rmse     P_f_rmse     S_f_rmse psavg_f_rmse        e_mae      e/N_mae       e_rmse     e/N_rmse
      5    75       0.0359       0.0345      0.00141       0.0923        0.122       0.0736        0.156       0.0903        0.107       0.0928        0.195        0.116        0.135         3.14       0.0245         3.14       0.0245

validation
# Epoch batch         loss       loss_f       loss_e        f_mae       f_rmse     Li_f_mae      P_f_mae      S_f_mae  psavg_f_mae    Li_f_rmse     P_f_rmse     S_f_rmse psavg_f_rmse        e_mae      e/N_mae       e_rmse     e/N_rmse
      5   100        0.038        0.038        2e-05       0.0949        0.128       0.0694        0.153       0.0994        0.107       0.0894        0.203        0.127         0.14        0.358       0.0028        0.374      0.00292
      5   160       0.0971       0.0971     5.84e-05        0.145        0.204       0.0941        0.248        0.157        0.166        0.118        0.316        0.218        0.218        0.526      0.00411         0.64        0.005


  Train      #    Epoch      wal       LR       loss_f       loss_e         loss        f_mae       f_rmse     Li_f_mae      P_f_mae      S_f_mae  psavg_f_mae    Li_f_rmse     P_f_rmse     S_f_rmse psavg_f_rmse        e_mae      e/N_mae       e_rmse     e/N_rmse
! Train               5   39.640    0.001       0.0664     0.000307       0.0667        0.122        0.169        0.085        0.195        0.132        0.138         0.11        0.257        0.177        0.181         1.19      0.00929         1.47       0.0115
! Validation          5   39.640    0.001       0.0525     3.92e-05       0.0525        0.108         0.15       0.0751        0.182        0.114        0.124       0.0972         0.24        0.153        0.163        0.409       0.0032        0.525       0.0041
Wall time: 39.64052380796056
! Best model        5    0.053
Saved trainer to results/Allegro_FPS_150_DFT_Li3PS4/run_Allegro_FPS_150_DFT_Li3PS4/trainer.pth
Saved last model to to results/Allegro_FPS_150_DFT_Li3PS4/run_Allegro_FPS_150_DFT_Li3PS4/last_model.pth

training
# Epoch batch         loss       loss_f       loss_e        f_mae       f_rmse     Li_f_mae      P_f_mae      S_f_mae  psavg_f_mae    Li_f_rmse     P_f_rmse     S_f_rmse psavg_f_rmse        e_mae      e/N_mae       e_rmse     e/N_rmse
      6    75       0.0293       0.0286     0.000772       0.0826        0.111       0.0636        0.146       0.0811       0.0968       0.0812        0.184        0.105        0.123         2.32       0.0181         2.33       0.0182

validation
# Epoch batch         loss       loss_f       loss_e        f_mae       f_rmse     Li_f_mae      P_f_mae      S_f_mae  psavg_f_mae    Li_f_rmse     P_f_rmse     S_f_rmse psavg_f_rmse        e_mae      e/N_mae       e_rmse     e/N_rmse
      6   100       0.0326       0.0326     1.11e-05       0.0869        0.118       0.0629        0.143       0.0909        0.099       0.0818        0.188        0.118        0.129        0.249      0.00194        0.278      0.00217
      6   160       0.0833       0.0832     6.16e-05        0.135        0.189        0.089        0.228        0.146        0.154        0.113        0.292        0.201        0.202        0.565      0.00442        0.657      0.00513


  Train      #    Epoch      wal       LR       loss_f       loss_e         loss        f_mae       f_rmse     Li_f_mae      P_f_mae      S_f_mae  psavg_f_mae    Li_f_rmse     P_f_rmse     S_f_rmse psavg_f_rmse        e_mae      e/N_mae       e_rmse     e/N_rmse
! Train               6   45.527    0.001       0.0544     0.000261       0.0546        0.111        0.153       0.0775        0.179        0.119        0.125        0.101        0.235        0.158        0.165         1.09      0.00849         1.35       0.0106
! Validation          6   45.527    0.001       0.0447     3.02e-05       0.0447       0.0993        0.138       0.0696        0.168        0.105        0.114       0.0906        0.221        0.141        0.151        0.356      0.00278         0.46       0.0036
Wall time: 45.52779836789705
! Best model        6    0.045
Saved trainer to results/Allegro_FPS_150_DFT_Li3PS4/run_Allegro_FPS_150_DFT_Li3PS4/trainer.pth
Saved last model to to results/Allegro_FPS_150_DFT_Li3PS4/run_Allegro_FPS_150_DFT_Li3PS4/last_model.pth

training
# Epoch batch         loss       loss_f       loss_e        f_mae       f_rmse     Li_f_mae      P_f_mae      S_f_mae  psavg_f_mae    Li_f_rmse     P_f_rmse     S_f_rmse psavg_f_rmse        e_mae      e/N_mae       e_rmse     e/N_rmse
      7    75       0.0261       0.0257     0.000405       0.0779        0.105       0.0581        0.139       0.0775       0.0916       0.0749        0.177          0.1        0.117         1.67        0.013         1.69       0.0132

validation
# Epoch batch         loss       loss_f       loss_e        f_mae       f_rmse     Li_f_mae      P_f_mae      S_f_mae  psavg_f_mae    Li_f_rmse     P_f_rmse     S_f_rmse psavg_f_rmse        e_mae      e/N_mae       e_rmse     e/N_rmse
      7   100       0.0291       0.0291     5.35e-06       0.0817        0.112       0.0584        0.137       0.0854       0.0935       0.0761        0.178        0.112        0.122        0.134      0.00104        0.194      0.00151
      7   160       0.0738       0.0738     6.47e-05        0.127        0.178       0.0851        0.214        0.137        0.146        0.108        0.275        0.189         0.19        0.587      0.00458        0.673      0.00526


  Train      #    Epoch      wal       LR       loss_f       loss_e         loss        f_mae       f_rmse     Li_f_mae      P_f_mae      S_f_mae  psavg_f_mae    Li_f_rmse     P_f_rmse     S_f_rmse psavg_f_rmse        e_mae      e/N_mae       e_rmse     e/N_rmse
! Train               7   51.370    0.001       0.0467     0.000224        0.047        0.102        0.141       0.0719        0.168        0.109        0.116       0.0936         0.22        0.146        0.153        0.999       0.0078         1.25      0.00979
! Validation          7   51.370    0.001       0.0395     2.43e-05       0.0395       0.0933         0.13        0.065        0.158       0.0982        0.107       0.0852        0.208        0.132        0.142        0.298      0.00233        0.413      0.00323
Wall time: 51.37095198989846
! Best model        7    0.040
Saved trainer to results/Allegro_FPS_150_DFT_Li3PS4/run_Allegro_FPS_150_DFT_Li3PS4/trainer.pth
Saved last model to to results/Allegro_FPS_150_DFT_Li3PS4/run_Allegro_FPS_150_DFT_Li3PS4/last_model.pth

training
# Epoch batch         loss       loss_f       loss_e        f_mae       f_rmse     Li_f_mae      P_f_mae      S_f_mae  psavg_f_mae    Li_f_rmse     P_f_rmse     S_f_rmse psavg_f_rmse        e_mae      e/N_mae       e_rmse     e/N_rmse
      8    75       0.0235       0.0233     0.000207        0.075       0.0999       0.0544        0.132       0.0761       0.0876       0.0697        0.168       0.0964        0.111         1.18      0.00924         1.21      0.00942

validation
# Epoch batch         loss       loss_f       loss_e        f_mae       f_rmse     Li_f_mae      P_f_mae      S_f_mae  psavg_f_mae    Li_f_rmse     P_f_rmse     S_f_rmse psavg_f_rmse        e_mae      e/N_mae       e_rmse     e/N_rmse
      8   100       0.0265       0.0265     3.75e-06       0.0778        0.106       0.0552        0.131       0.0814       0.0893       0.0717        0.171        0.107        0.117        0.126     0.000985        0.162      0.00127
      8   160       0.0669       0.0669     5.63e-05        0.122        0.169       0.0816        0.204        0.131        0.139        0.103        0.261        0.179        0.181        0.561      0.00439        0.629      0.00491


  Train      #    Epoch      wal       LR       loss_f       loss_e         loss        f_mae       f_rmse     Li_f_mae      P_f_mae      S_f_mae  psavg_f_mae    Li_f_rmse     P_f_rmse     S_f_rmse psavg_f_rmse        e_mae      e/N_mae       e_rmse     e/N_rmse
! Train               8   57.177    0.001       0.0422     0.000158       0.0423       0.0971        0.134       0.0672         0.16        0.104         0.11       0.0877        0.209        0.139        0.145        0.842      0.00658         1.05      0.00823
! Validation          8   57.177    0.001       0.0357     2.07e-05       0.0357       0.0886        0.124       0.0613        0.151       0.0935        0.102       0.0806        0.198        0.126        0.135         0.28      0.00219        0.381      0.00298
Wall time: 57.177604393917136
! Best model        8    0.036
Saved trainer to results/Allegro_FPS_150_DFT_Li3PS4/run_Allegro_FPS_150_DFT_Li3PS4/trainer.pth
Saved last model to to results/Allegro_FPS_150_DFT_Li3PS4/run_Allegro_FPS_150_DFT_Li3PS4/last_model.pth

training
# Epoch batch         loss       loss_f       loss_e        f_mae       f_rmse     Li_f_mae      P_f_mae      S_f_mae  psavg_f_mae    Li_f_rmse     P_f_rmse     S_f_rmse psavg_f_rmse        e_mae      e/N_mae       e_rmse     e/N_rmse
      9    75       0.0212       0.0211     0.000152       0.0717       0.0949       0.0521        0.125       0.0731       0.0833       0.0667        0.158        0.092        0.105            1      0.00784         1.03      0.00807

validation
# Epoch batch         loss       loss_f       loss_e        f_mae       f_rmse     Li_f_mae      P_f_mae      S_f_mae  psavg_f_mae    Li_f_rmse     P_f_rmse     S_f_rmse psavg_f_rmse        e_mae      e/N_mae       e_rmse     e/N_rmse
      9   100       0.0242       0.0242     3.26e-06       0.0745        0.102       0.0529        0.127       0.0777       0.0857       0.0684        0.164        0.103        0.112        0.142      0.00111        0.151      0.00118
      9   160       0.0614       0.0614     4.84e-05        0.117        0.162       0.0785        0.196        0.126        0.133        0.099        0.249        0.172        0.173        0.528      0.00413        0.583      0.00455


  Train      #    Epoch      wal       LR       loss_f       loss_e         loss        f_mae       f_rmse     Li_f_mae      P_f_mae      S_f_mae  psavg_f_mae    Li_f_rmse     P_f_rmse     S_f_rmse psavg_f_rmse        e_mae      e/N_mae       e_rmse     e/N_rmse
! Train               9   62.974    0.001       0.0388     0.000143        0.039       0.0933        0.129       0.0646        0.153          0.1        0.106       0.0842        0.199        0.134        0.139        0.762      0.00595            1      0.00784
! Validation          9   62.974    0.001       0.0326     1.85e-05       0.0327       0.0847        0.118       0.0585        0.144       0.0895       0.0975       0.0769        0.189        0.121        0.129         0.28      0.00219         0.36      0.00282
Wall time: 62.974914915976115
! Best model        9    0.033
Saved trainer to results/Allegro_FPS_150_DFT_Li3PS4/run_Allegro_FPS_150_DFT_Li3PS4/trainer.pth
Saved last model to to results/Allegro_FPS_150_DFT_Li3PS4/run_Allegro_FPS_150_DFT_Li3PS4/last_model.pth

training
# Epoch batch         loss       loss_f       loss_e        f_mae       f_rmse     Li_f_mae      P_f_mae      S_f_mae  psavg_f_mae    Li_f_rmse     P_f_rmse     S_f_rmse psavg_f_rmse        e_mae      e/N_mae       e_rmse     e/N_rmse
     10    75       0.0219       0.0218     7.87e-05       0.0731       0.0967       0.0492        0.118       0.0798       0.0822       0.0633        0.148        0.101        0.104        0.717       0.0056        0.743       0.0058

validation
# Epoch batch         loss       loss_f       loss_e        f_mae       f_rmse     Li_f_mae      P_f_mae      S_f_mae  psavg_f_mae    Li_f_rmse     P_f_rmse     S_f_rmse psavg_f_rmse        e_mae      e/N_mae       e_rmse     e/N_rmse
     10   100       0.0223       0.0223     3.79e-06       0.0717       0.0978       0.0511        0.122       0.0745       0.0827       0.0658        0.158       0.0983        0.107        0.151      0.00118        0.163      0.00127
     10   160       0.0567       0.0567     4.12e-05        0.112        0.156       0.0758        0.188        0.121        0.128       0.0954        0.239        0.166        0.167        0.491      0.00384        0.537       0.0042


  Train      #    Epoch      wal       LR       loss_f       loss_e         loss        f_mae       f_rmse     Li_f_mae      P_f_mae      S_f_mae  psavg_f_mae    Li_f_rmse     P_f_rmse     S_f_rmse psavg_f_rmse        e_mae      e/N_mae       e_rmse     e/N_rmse
! Train              10   68.775    0.001       0.0355     0.000153       0.0356       0.0894        0.123       0.0622        0.146       0.0957        0.101        0.081         0.19        0.128        0.133         0.84      0.00656         1.04       0.0081
! Validation         10   68.775    0.001       0.0301     1.77e-05       0.0301       0.0813        0.113       0.0561        0.139       0.0859       0.0936       0.0739        0.182        0.116        0.124        0.288      0.00225        0.352      0.00275
Wall time: 68.77614844695199
! Best model       10    0.030
Saved trainer to results/Allegro_FPS_150_DFT_Li3PS4/run_Allegro_FPS_150_DFT_Li3PS4/trainer.pth
Saved last model to to results/Allegro_FPS_150_DFT_Li3PS4/run_Allegro_FPS_150_DFT_Li3PS4/last_model.pth

training
# Epoch batch         loss       loss_f       loss_e        f_mae       f_rmse     Li_f_mae      P_f_mae      S_f_mae  psavg_f_mae    Li_f_rmse     P_f_rmse     S_f_rmse psavg_f_rmse        e_mae      e/N_mae       e_rmse     e/N_rmse
     11    75       0.0228       0.0227     4.67e-05       0.0747       0.0986       0.0472        0.113       0.0856       0.0821       0.0609        0.142        0.108        0.103        0.555      0.00433        0.572      0.00447

validation
# Epoch batch         loss       loss_f       loss_e        f_mae       f_rmse     Li_f_mae      P_f_mae      S_f_mae  psavg_f_mae    Li_f_rmse     P_f_rmse     S_f_rmse psavg_f_rmse        e_mae      e/N_mae       e_rmse     e/N_rmse
     11   100       0.0207       0.0207     4.89e-06       0.0693       0.0941       0.0498        0.119       0.0717         0.08       0.0637        0.152       0.0943        0.103        0.158      0.00123        0.185      0.00145
     11   160       0.0527       0.0527     3.71e-05        0.108         0.15       0.0732         0.18        0.116        0.123       0.0922        0.229         0.16         0.16        0.467      0.00365         0.51      0.00398


  Train      #    Epoch      wal       LR       loss_f       loss_e         loss        f_mae       f_rmse     Li_f_mae      P_f_mae      S_f_mae  psavg_f_mae    Li_f_rmse     P_f_rmse     S_f_rmse psavg_f_rmse        e_mae      e/N_mae       e_rmse     e/N_rmse
! Train              11   74.594    0.001       0.0334     0.000175       0.0336       0.0869         0.12       0.0604        0.141       0.0934       0.0982       0.0786        0.183        0.125        0.129        0.892      0.00697         1.11      0.00865
! Validation         11   74.594    0.001       0.0279     1.67e-05       0.0279       0.0784        0.109       0.0543        0.134       0.0826       0.0902       0.0714        0.175        0.111        0.119        0.289      0.00226        0.342      0.00267
Wall time: 74.59520152199548
! Best model       11    0.028
Saved trainer to results/Allegro_FPS_150_DFT_Li3PS4/run_Allegro_FPS_150_DFT_Li3PS4/trainer.pth
Saved last model to to results/Allegro_FPS_150_DFT_Li3PS4/run_Allegro_FPS_150_DFT_Li3PS4/last_model.pth

training
# Epoch batch         loss       loss_f       loss_e        f_mae       f_rmse     Li_f_mae      P_f_mae      S_f_mae  psavg_f_mae    Li_f_rmse     P_f_rmse     S_f_rmse psavg_f_rmse        e_mae      e/N_mae       e_rmse     e/N_rmse
     12    75       0.0206       0.0206     1.55e-05       0.0717       0.0939       0.0464         0.11       0.0811       0.0791       0.0596        0.137        0.102       0.0993        0.299      0.00233        0.329      0.00257

validation
# Epoch batch         loss       loss_f       loss_e        f_mae       f_rmse     Li_f_mae      P_f_mae      S_f_mae  psavg_f_mae    Li_f_rmse     P_f_rmse     S_f_rmse psavg_f_rmse        e_mae      e/N_mae       e_rmse     e/N_rmse
     12   100       0.0193       0.0193     5.32e-06       0.0672        0.091       0.0487        0.115        0.069       0.0776       0.0621        0.148       0.0906          0.1        0.155      0.00121        0.193      0.00151
     12   160       0.0493       0.0493     3.29e-05        0.104        0.145       0.0711        0.174        0.112        0.119       0.0894        0.221        0.155        0.155         0.44      0.00344        0.481      0.00376


  Train      #    Epoch      wal       LR       loss_f       loss_e         loss        f_mae       f_rmse     Li_f_mae      P_f_mae      S_f_mae  psavg_f_mae    Li_f_rmse     P_f_rmse     S_f_rmse psavg_f_rmse        e_mae      e/N_mae       e_rmse     e/N_rmse
! Train              12   80.475    0.001       0.0315     0.000201       0.0317       0.0844        0.116       0.0587        0.136       0.0907       0.0953       0.0764        0.178        0.121        0.125        0.962      0.00752         1.19      0.00928
! Validation         12   80.475    0.001       0.0261     1.67e-05       0.0261       0.0758        0.106       0.0527        0.129       0.0798       0.0873       0.0693        0.169        0.108        0.115        0.293      0.00229        0.342      0.00267
Wall time: 80.4755973679712
! Best model       12    0.026
Saved trainer to results/Allegro_FPS_150_DFT_Li3PS4/run_Allegro_FPS_150_DFT_Li3PS4/trainer.pth
Saved last model to to results/Allegro_FPS_150_DFT_Li3PS4/run_Allegro_FPS_150_DFT_Li3PS4/last_model.pth

training
# Epoch batch         loss       loss_f       loss_e        f_mae       f_rmse     Li_f_mae      P_f_mae      S_f_mae  psavg_f_mae    Li_f_rmse     P_f_rmse     S_f_rmse psavg_f_rmse        e_mae      e/N_mae       e_rmse     e/N_rmse
     13    75       0.0194       0.0194     2.37e-05       0.0699       0.0912       0.0458        0.106       0.0789       0.0769       0.0585        0.132       0.0983       0.0964        0.386      0.00301        0.408      0.00319

validation
# Epoch batch         loss       loss_f       loss_e        f_mae       f_rmse     Li_f_mae      P_f_mae      S_f_mae  psavg_f_mae    Li_f_rmse     P_f_rmse     S_f_rmse psavg_f_rmse        e_mae      e/N_mae       e_rmse     e/N_rmse
     13   100       0.0181       0.0181     6.49e-06       0.0652       0.0881       0.0476        0.112       0.0667       0.0754       0.0607        0.143       0.0873       0.0971        0.168      0.00131        0.213      0.00167
     13   160       0.0462       0.0462     2.99e-05        0.101        0.141       0.0691        0.167        0.108        0.115       0.0868        0.214         0.15         0.15         0.42      0.00328        0.458      0.00358


  Train      #    Epoch      wal       LR       loss_f       loss_e         loss        f_mae       f_rmse     Li_f_mae      P_f_mae      S_f_mae  psavg_f_mae    Li_f_rmse     P_f_rmse     S_f_rmse psavg_f_rmse        e_mae      e/N_mae       e_rmse     e/N_rmse
! Train              13   86.274    0.001       0.0295     0.000207       0.0297       0.0816        0.112       0.0568        0.132       0.0875       0.0922        0.074        0.172        0.117        0.121        0.994      0.00777          1.2      0.00941
! Validation         13   86.274    0.001       0.0245     1.65e-05       0.0246       0.0735        0.102       0.0513        0.125       0.0772       0.0847       0.0675        0.164        0.104        0.112        0.294       0.0023         0.34      0.00266
Wall time: 86.27455822494812
! Best model       13    0.025
Saved trainer to results/Allegro_FPS_150_DFT_Li3PS4/run_Allegro_FPS_150_DFT_Li3PS4/trainer.pth
Saved last model to to results/Allegro_FPS_150_DFT_Li3PS4/run_Allegro_FPS_150_DFT_Li3PS4/last_model.pth

training
# Epoch batch         loss       loss_f       loss_e        f_mae       f_rmse     Li_f_mae      P_f_mae      S_f_mae  psavg_f_mae    Li_f_rmse     P_f_rmse     S_f_rmse psavg_f_rmse        e_mae      e/N_mae       e_rmse     e/N_rmse
     14    75       0.0181       0.0181     2.64e-05       0.0674       0.0879       0.0449        0.103       0.0754       0.0743       0.0574         0.13       0.0938       0.0936        0.413      0.00323        0.431      0.00336

validation
# Epoch batch         loss       loss_f       loss_e        f_mae       f_rmse     Li_f_mae      P_f_mae      S_f_mae  psavg_f_mae    Li_f_rmse     P_f_rmse     S_f_rmse psavg_f_rmse        e_mae      e/N_mae       e_rmse     e/N_rmse
     14   100       0.0171       0.0171     6.89e-06       0.0633       0.0854       0.0465        0.109       0.0645       0.0733       0.0594        0.139       0.0842       0.0944        0.182      0.00142         0.22      0.00172
     14   160       0.0433       0.0433     2.76e-05       0.0975        0.136       0.0672        0.161        0.104        0.111       0.0842        0.207        0.145        0.145        0.403      0.00315         0.44      0.00344


  Train      #    Epoch      wal       LR       loss_f       loss_e         loss        f_mae       f_rmse     Li_f_mae      P_f_mae      S_f_mae  psavg_f_mae    Li_f_rmse     P_f_rmse     S_f_rmse psavg_f_rmse        e_mae      e/N_mae       e_rmse     e/N_rmse
! Train              14   92.107    0.001       0.0278     0.000211        0.028       0.0791        0.109       0.0554        0.129       0.0845       0.0896       0.0721        0.168        0.113        0.118         1.01      0.00787         1.22       0.0095
! Validation         14   92.107    0.001       0.0231     1.62e-05       0.0231       0.0714       0.0994         0.05        0.122       0.0748       0.0822       0.0657        0.159        0.101        0.109        0.293      0.00229        0.337      0.00264
Wall time: 92.10801393899601
! Best model       14    0.023
Saved trainer to results/Allegro_FPS_150_DFT_Li3PS4/run_Allegro_FPS_150_DFT_Li3PS4/trainer.pth
Saved last model to to results/Allegro_FPS_150_DFT_Li3PS4/run_Allegro_FPS_150_DFT_Li3PS4/last_model.pth

training
# Epoch batch         loss       loss_f       loss_e        f_mae       f_rmse     Li_f_mae      P_f_mae      S_f_mae  psavg_f_mae    Li_f_rmse     P_f_rmse     S_f_rmse psavg_f_rmse        e_mae      e/N_mae       e_rmse     e/N_rmse
     15    75       0.0158       0.0158     4.27e-05       0.0631       0.0822       0.0445        0.101       0.0677       0.0709       0.0567        0.128       0.0837       0.0894        0.531      0.00415        0.547      0.00428

validation
# Epoch batch         loss       loss_f       loss_e        f_mae       f_rmse     Li_f_mae      P_f_mae      S_f_mae  psavg_f_mae    Li_f_rmse     P_f_rmse     S_f_rmse psavg_f_rmse        e_mae      e/N_mae       e_rmse     e/N_rmse
     15   100       0.0161       0.0161     7.71e-06       0.0616        0.083       0.0456        0.106       0.0624       0.0714       0.0583        0.136       0.0814       0.0919        0.198      0.00155        0.233      0.00182
     15   160       0.0406       0.0406     2.57e-05       0.0943        0.132       0.0653        0.156        0.101        0.107       0.0818          0.2        0.141        0.141        0.389      0.00304        0.424      0.00331


  Train      #    Epoch      wal       LR       loss_f       loss_e         loss        f_mae       f_rmse     Li_f_mae      P_f_mae      S_f_mae  psavg_f_mae    Li_f_rmse     P_f_rmse     S_f_rmse psavg_f_rmse        e_mae      e/N_mae       e_rmse     e/N_rmse
! Train              15   98.137    0.001       0.0262      0.00022       0.0264       0.0768        0.106        0.054        0.126       0.0816       0.0871       0.0704        0.164         0.11        0.115         1.03      0.00807         1.24       0.0097
! Validation         15   98.137    0.001       0.0218     1.58e-05       0.0218       0.0693       0.0966       0.0488        0.118       0.0725       0.0799       0.0641        0.155       0.0979        0.106        0.289      0.00226        0.333       0.0026
Wall time: 98.13829036790412
! Best model       15    0.022
Saved trainer to results/Allegro_FPS_150_DFT_Li3PS4/run_Allegro_FPS_150_DFT_Li3PS4/trainer.pth
Saved last model to to results/Allegro_FPS_150_DFT_Li3PS4/run_Allegro_FPS_150_DFT_Li3PS4/last_model.pth

training
# Epoch batch         loss       loss_f       loss_e        f_mae       f_rmse     Li_f_mae      P_f_mae      S_f_mae  psavg_f_mae    Li_f_rmse     P_f_rmse     S_f_rmse psavg_f_rmse        e_mae      e/N_mae       e_rmse     e/N_rmse
     16    75       0.0145       0.0144     1.82e-05       0.0599       0.0786       0.0449          0.1       0.0612       0.0687       0.0569        0.128       0.0763       0.0871        0.315      0.00246        0.357      0.00279

validation
# Epoch batch         loss       loss_f       loss_e        f_mae       f_rmse     Li_f_mae      P_f_mae      S_f_mae  psavg_f_mae    Li_f_rmse     P_f_rmse     S_f_rmse psavg_f_rmse        e_mae      e/N_mae       e_rmse     e/N_rmse
     16   100       0.0153       0.0153     8.06e-06         0.06       0.0808       0.0448        0.103       0.0606       0.0696       0.0571        0.133       0.0788       0.0896        0.206      0.00161        0.238      0.00186
     16   160       0.0382       0.0382     2.43e-05       0.0914        0.128       0.0635        0.151       0.0974        0.104       0.0795        0.194        0.136        0.136        0.378      0.00295        0.413      0.00322


  Train      #    Epoch      wal       LR       loss_f       loss_e         loss        f_mae       f_rmse     Li_f_mae      P_f_mae      S_f_mae  psavg_f_mae    Li_f_rmse     P_f_rmse     S_f_rmse psavg_f_rmse        e_mae      e/N_mae       e_rmse     e/N_rmse
! Train              16  103.931    0.001        0.025     0.000208       0.0252       0.0749        0.103       0.0528        0.123       0.0795       0.0851       0.0688         0.16        0.107        0.112        0.972      0.00759         1.21      0.00943
! Validation         16  103.931    0.001       0.0206     1.54e-05       0.0207       0.0675        0.094       0.0477        0.115       0.0703       0.0778       0.0627        0.151        0.095        0.103        0.285      0.00222        0.328      0.00256
Wall time: 103.93143118789885
! Best model       16    0.021
Saved trainer to results/Allegro_FPS_150_DFT_Li3PS4/run_Allegro_FPS_150_DFT_Li3PS4/trainer.pth
Saved last model to to results/Allegro_FPS_150_DFT_Li3PS4/run_Allegro_FPS_150_DFT_Li3PS4/last_model.pth

training
# Epoch batch         loss       loss_f       loss_e        f_mae       f_rmse     Li_f_mae      P_f_mae      S_f_mae  psavg_f_mae    Li_f_rmse     P_f_rmse     S_f_rmse psavg_f_rmse        e_mae      e/N_mae       e_rmse     e/N_rmse
     17    75       0.0144       0.0144     5.41e-06       0.0595       0.0784       0.0446          0.1       0.0604       0.0685       0.0563        0.129       0.0758       0.0871        0.165      0.00129        0.195      0.00152

validation
# Epoch batch         loss       loss_f       loss_e        f_mae       f_rmse     Li_f_mae      P_f_mae      S_f_mae  psavg_f_mae    Li_f_rmse     P_f_rmse     S_f_rmse psavg_f_rmse        e_mae      e/N_mae       e_rmse     e/N_rmse
     17   100       0.0145       0.0145      8.9e-06       0.0585       0.0788        0.044        0.101       0.0588       0.0679        0.056         0.13       0.0766       0.0875        0.214      0.00167         0.25      0.00195
     17   160       0.0361       0.0361     2.37e-05       0.0887        0.124       0.0618        0.147       0.0944        0.101       0.0773        0.188        0.133        0.133        0.371       0.0029        0.408      0.00319


  Train      #    Epoch      wal       LR       loss_f       loss_e         loss        f_mae       f_rmse     Li_f_mae      P_f_mae      S_f_mae  psavg_f_mae    Li_f_rmse     P_f_rmse     S_f_rmse psavg_f_rmse        e_mae      e/N_mae       e_rmse     e/N_rmse
! Train              17  109.917    0.001        0.024     0.000203       0.0242       0.0735        0.101       0.0518        0.121       0.0779       0.0835       0.0674        0.158        0.104         0.11        0.949      0.00741         1.19      0.00933
! Validation         17  109.917    0.001       0.0196     1.48e-05       0.0196       0.0658       0.0916       0.0467        0.112       0.0684       0.0758       0.0613        0.147       0.0924          0.1        0.278      0.00218        0.322      0.00252
Wall time: 109.91829918092117
! Best model       17    0.020
Saved trainer to results/Allegro_FPS_150_DFT_Li3PS4/run_Allegro_FPS_150_DFT_Li3PS4/trainer.pth
Saved last model to to results/Allegro_FPS_150_DFT_Li3PS4/run_Allegro_FPS_150_DFT_Li3PS4/last_model.pth

training
# Epoch batch         loss       loss_f       loss_e        f_mae       f_rmse     Li_f_mae      P_f_mae      S_f_mae  psavg_f_mae    Li_f_rmse     P_f_rmse     S_f_rmse psavg_f_rmse        e_mae      e/N_mae       e_rmse     e/N_rmse
     18    75        0.014        0.014     3.71e-06       0.0587       0.0774        0.044       0.0997       0.0594       0.0677       0.0554        0.129       0.0743       0.0862        0.147      0.00115        0.161      0.00126

validation
# Epoch batch         loss       loss_f       loss_e        f_mae       f_rmse     Li_f_mae      P_f_mae      S_f_mae  psavg_f_mae    Li_f_rmse     P_f_rmse     S_f_rmse psavg_f_rmse        e_mae      e/N_mae       e_rmse     e/N_rmse
     18   100       0.0139       0.0139     8.18e-06       0.0572        0.077       0.0432       0.0989       0.0572       0.0664        0.055        0.127       0.0744       0.0856        0.211      0.00165         0.24      0.00187
     18   160       0.0343       0.0343     2.29e-05       0.0864        0.121       0.0602        0.143       0.0919       0.0982       0.0753        0.183        0.129        0.129        0.365      0.00285        0.401      0.00313


  Train      #    Epoch      wal       LR       loss_f       loss_e         loss        f_mae       f_rmse     Li_f_mae      P_f_mae      S_f_mae  psavg_f_mae    Li_f_rmse     P_f_rmse     S_f_rmse psavg_f_rmse        e_mae      e/N_mae       e_rmse     e/N_rmse
! Train              18  115.722    0.001        0.023     0.000216       0.0232       0.0718       0.0992       0.0508        0.119       0.0759       0.0818       0.0661        0.155        0.102        0.108        0.973       0.0076         1.23      0.00962
! Validation         18  115.722    0.001       0.0187     1.38e-05       0.0187       0.0642       0.0895       0.0457         0.11       0.0666       0.0741       0.0601        0.144       0.0901       0.0981        0.269       0.0021        0.311      0.00243
Wall time: 115.72316861990839
! Best model       18    0.019
Saved trainer to results/Allegro_FPS_150_DFT_Li3PS4/run_Allegro_FPS_150_DFT_Li3PS4/trainer.pth
Saved last model to to results/Allegro_FPS_150_DFT_Li3PS4/run_Allegro_FPS_150_DFT_Li3PS4/last_model.pth

training
# Epoch batch         loss       loss_f       loss_e        f_mae       f_rmse     Li_f_mae      P_f_mae      S_f_mae  psavg_f_mae    Li_f_rmse     P_f_rmse     S_f_rmse psavg_f_rmse        e_mae      e/N_mae       e_rmse     e/N_rmse
     19    75       0.0136       0.0136      7.7e-06       0.0577       0.0762       0.0437       0.0981       0.0582       0.0666       0.0549        0.127       0.0728        0.085        0.182      0.00142        0.232      0.00181

validation
# Epoch batch         loss       loss_f       loss_e        f_mae       f_rmse     Li_f_mae      P_f_mae      S_f_mae  psavg_f_mae    Li_f_rmse     P_f_rmse     S_f_rmse psavg_f_rmse        e_mae      e/N_mae       e_rmse     e/N_rmse
     19   100       0.0133       0.0133     8.29e-06        0.056       0.0754       0.0425       0.0973       0.0558       0.0652       0.0541        0.125       0.0727       0.0839        0.208      0.00163        0.241      0.00188
     19   160       0.0327       0.0327     2.32e-05       0.0843        0.118       0.0588        0.139       0.0897       0.0959       0.0734        0.179        0.126        0.126        0.365      0.00285        0.403      0.00315


  Train      #    Epoch      wal       LR       loss_f       loss_e         loss        f_mae       f_rmse     Li_f_mae      P_f_mae      S_f_mae  psavg_f_mae    Li_f_rmse     P_f_rmse     S_f_rmse psavg_f_rmse        e_mae      e/N_mae       e_rmse     e/N_rmse
! Train              19  121.528    0.001       0.0222     0.000226       0.0224       0.0705       0.0975       0.0499        0.117       0.0744       0.0804       0.0649        0.153          0.1        0.106        0.988      0.00772         1.26      0.00984
! Validation         19  121.528    0.001       0.0179      1.3e-05       0.0179       0.0628       0.0876       0.0449        0.108        0.065       0.0726        0.059        0.141        0.088       0.0961         0.26      0.00203        0.302      0.00236
Wall time: 121.52903406089172
! Best model       19    0.018
Saved trainer to results/Allegro_FPS_150_DFT_Li3PS4/run_Allegro_FPS_150_DFT_Li3PS4/trainer.pth
Saved last model to to results/Allegro_FPS_150_DFT_Li3PS4/run_Allegro_FPS_150_DFT_Li3PS4/last_model.pth

training
# Epoch batch         loss       loss_f       loss_e        f_mae       f_rmse     Li_f_mae      P_f_mae      S_f_mae  psavg_f_mae    Li_f_rmse     P_f_rmse     S_f_rmse psavg_f_rmse        e_mae      e/N_mae       e_rmse     e/N_rmse
     20    75       0.0132       0.0131     3.04e-05       0.0569        0.075       0.0435       0.0962        0.057       0.0656       0.0545        0.125       0.0714       0.0838        0.441      0.00345        0.461       0.0036

validation
# Epoch batch         loss       loss_f       loss_e        f_mae       f_rmse     Li_f_mae      P_f_mae      S_f_mae  psavg_f_mae    Li_f_rmse     P_f_rmse     S_f_rmse psavg_f_rmse        e_mae      e/N_mae       e_rmse     e/N_rmse
     20   100       0.0128       0.0128     7.98e-06       0.0549        0.074       0.0418       0.0957       0.0546        0.064       0.0532        0.123        0.071       0.0824        0.201      0.00157        0.237      0.00185
     20   160       0.0313       0.0313     2.41e-05       0.0825        0.116       0.0574        0.136       0.0879       0.0938       0.0717        0.175        0.123        0.123        0.367      0.00287        0.411      0.00321


  Train      #    Epoch      wal       LR       loss_f       loss_e         loss        f_mae       f_rmse     Li_f_mae      P_f_mae      S_f_mae  psavg_f_mae    Li_f_rmse     P_f_rmse     S_f_rmse psavg_f_rmse        e_mae      e/N_mae       e_rmse     e/N_rmse
! Train              20  127.271    0.001       0.0215      0.00023       0.0217       0.0695        0.096       0.0492        0.115       0.0732       0.0792       0.0639         0.15       0.0985        0.104        0.996      0.00778         1.27      0.00993
! Validation         20  127.271    0.001       0.0173     1.21e-05       0.0173       0.0616       0.0859       0.0441        0.106       0.0636       0.0712        0.058        0.139       0.0862       0.0943        0.249      0.00195        0.291      0.00227
Wall time: 127.27197391190566
! Best model       20    0.017
Saved trainer to results/Allegro_FPS_150_DFT_Li3PS4/run_Allegro_FPS_150_DFT_Li3PS4/trainer.pth
Saved last model to to results/Allegro_FPS_150_DFT_Li3PS4/run_Allegro_FPS_150_DFT_Li3PS4/last_model.pth

training
# Epoch batch         loss       loss_f       loss_e        f_mae       f_rmse     Li_f_mae      P_f_mae      S_f_mae  psavg_f_mae    Li_f_rmse     P_f_rmse     S_f_rmse psavg_f_rmse        e_mae      e/N_mae       e_rmse     e/N_rmse
     21    75       0.0129       0.0128     5.48e-05       0.0562        0.074       0.0437        0.094       0.0561       0.0646       0.0547        0.123       0.0702       0.0827        0.604      0.00472         0.62      0.00484

validation
# Epoch batch         loss       loss_f       loss_e        f_mae       f_rmse     Li_f_mae      P_f_mae      S_f_mae  psavg_f_mae    Li_f_rmse     P_f_rmse     S_f_rmse psavg_f_rmse        e_mae      e/N_mae       e_rmse     e/N_rmse
     21   100       0.0123       0.0123     8.95e-06        0.054       0.0727       0.0411       0.0942       0.0535       0.0629       0.0524        0.121       0.0695        0.081        0.208      0.00163         0.25      0.00196
     21   160       0.0301       0.0301      2.6e-05       0.0809        0.114       0.0562        0.133       0.0863       0.0919       0.0701        0.172        0.121        0.121        0.373      0.00291        0.427      0.00333


  Train      #    Epoch      wal       LR       loss_f       loss_e         loss        f_mae       f_rmse     Li_f_mae      P_f_mae      S_f_mae  psavg_f_mae    Li_f_rmse     P_f_rmse     S_f_rmse psavg_f_rmse        e_mae      e/N_mae       e_rmse     e/N_rmse
! Train              21  133.175    0.001       0.0209     0.000233       0.0211       0.0685       0.0945       0.0485        0.114       0.0721       0.0781        0.063        0.148        0.097        0.103         1.01      0.00791         1.28      0.00998
! Validation         21  133.175    0.001       0.0167     1.19e-05       0.0167       0.0605       0.0845       0.0434        0.104       0.0624         0.07       0.0571        0.137       0.0846       0.0928        0.244       0.0019        0.289      0.00225
Wall time: 133.17595320299733
! Best model       21    0.017
Saved trainer to results/Allegro_FPS_150_DFT_Li3PS4/run_Allegro_FPS_150_DFT_Li3PS4/trainer.pth
Saved last model to to results/Allegro_FPS_150_DFT_Li3PS4/run_Allegro_FPS_150_DFT_Li3PS4/last_model.pth

training
# Epoch batch         loss       loss_f       loss_e        f_mae       f_rmse     Li_f_mae      P_f_mae      S_f_mae  psavg_f_mae    Li_f_rmse     P_f_rmse     S_f_rmse psavg_f_rmse        e_mae      e/N_mae       e_rmse     e/N_rmse
     22    75       0.0127       0.0126     8.97e-05       0.0559       0.0735       0.0442       0.0919       0.0557       0.0639       0.0551        0.121       0.0699        0.082        0.779      0.00609        0.793       0.0062

validation
# Epoch batch         loss       loss_f       loss_e        f_mae       f_rmse     Li_f_mae      P_f_mae      S_f_mae  psavg_f_mae    Li_f_rmse     P_f_rmse     S_f_rmse psavg_f_rmse        e_mae      e/N_mae       e_rmse     e/N_rmse
     22   100       0.0119       0.0119     7.65e-06        0.053       0.0714       0.0405       0.0926       0.0525       0.0619       0.0516        0.119       0.0682       0.0797        0.195      0.00153        0.232      0.00181
     22   160       0.0291       0.0291     2.51e-05       0.0795        0.112       0.0551        0.131        0.085       0.0904       0.0688        0.169        0.119        0.119        0.369      0.00288         0.42      0.00328


  Train      #    Epoch      wal       LR       loss_f       loss_e         loss        f_mae       f_rmse     Li_f_mae      P_f_mae      S_f_mae  psavg_f_mae    Li_f_rmse     P_f_rmse     S_f_rmse psavg_f_rmse        e_mae      e/N_mae       e_rmse     e/N_rmse
! Train              22  139.072    0.001       0.0203     0.000236       0.0206       0.0676       0.0933        0.048        0.112       0.0711        0.077       0.0622        0.147       0.0956        0.101         1.03      0.00807         1.29         0.01
! Validation         22  139.072    0.001       0.0162     1.08e-05       0.0162       0.0595       0.0832       0.0428        0.103       0.0613       0.0689       0.0563        0.135       0.0832       0.0914        0.234      0.00183        0.276      0.00215
Wall time: 139.0726144029759
! Best model       22    0.016
Saved trainer to results/Allegro_FPS_150_DFT_Li3PS4/run_Allegro_FPS_150_DFT_Li3PS4/trainer.pth
Saved last model to to results/Allegro_FPS_150_DFT_Li3PS4/run_Allegro_FPS_150_DFT_Li3PS4/last_model.pth

training
# Epoch batch         loss       loss_f       loss_e        f_mae       f_rmse     Li_f_mae      P_f_mae      S_f_mae  psavg_f_mae    Li_f_rmse     P_f_rmse     S_f_rmse psavg_f_rmse        e_mae      e/N_mae       e_rmse     e/N_rmse
     23    75       0.0127       0.0125     0.000149       0.0559       0.0732       0.0452       0.0904       0.0552       0.0636       0.0562        0.119       0.0693       0.0815         1.01      0.00789         1.02      0.00798

validation
# Epoch batch         loss       loss_f       loss_e        f_mae       f_rmse     Li_f_mae      P_f_mae      S_f_mae  psavg_f_mae    Li_f_rmse     P_f_rmse     S_f_rmse psavg_f_rmse        e_mae      e/N_mae       e_rmse     e/N_rmse
     23   100       0.0116       0.0116     7.73e-06       0.0522       0.0704       0.0399       0.0914       0.0517        0.061       0.0509        0.118       0.0671       0.0786          0.2      0.00157        0.233      0.00182
     23   160       0.0282       0.0282     2.59e-05       0.0783         0.11       0.0541        0.129       0.0837       0.0891       0.0675        0.167        0.117        0.117        0.371       0.0029        0.426      0.00333


  Train      #    Epoch      wal       LR       loss_f       loss_e         loss        f_mae       f_rmse     Li_f_mae      P_f_mae      S_f_mae  psavg_f_mae    Li_f_rmse     P_f_rmse     S_f_rmse psavg_f_rmse        e_mae      e/N_mae       e_rmse     e/N_rmse
! Train              23  144.866    0.001       0.0199     0.000236       0.0201       0.0667       0.0922       0.0473        0.111       0.0703       0.0761       0.0613        0.145       0.0945          0.1         1.05       0.0082         1.29       0.0101
! Validation         23  144.866    0.001       0.0157     1.05e-05       0.0157       0.0587        0.082       0.0422        0.101       0.0604       0.0679       0.0555        0.133        0.082       0.0902        0.228      0.00178        0.271      0.00212
Wall time: 144.86697267496493
! Best model       23    0.016
Saved trainer to results/Allegro_FPS_150_DFT_Li3PS4/run_Allegro_FPS_150_DFT_Li3PS4/trainer.pth
Saved last model to to results/Allegro_FPS_150_DFT_Li3PS4/run_Allegro_FPS_150_DFT_Li3PS4/last_model.pth

training
# Epoch batch         loss       loss_f       loss_e        f_mae       f_rmse     Li_f_mae      P_f_mae      S_f_mae  psavg_f_mae    Li_f_rmse     P_f_rmse     S_f_rmse psavg_f_rmse        e_mae      e/N_mae       e_rmse     e/N_rmse
     24    75       0.0126       0.0124      0.00017       0.0558       0.0729       0.0459       0.0893       0.0548       0.0633        0.057        0.118       0.0688       0.0811         1.08      0.00843         1.09      0.00852

validation
# Epoch batch         loss       loss_f       loss_e        f_mae       f_rmse     Li_f_mae      P_f_mae      S_f_mae  psavg_f_mae    Li_f_rmse     P_f_rmse     S_f_rmse psavg_f_rmse        e_mae      e/N_mae       e_rmse     e/N_rmse
     24   100       0.0113       0.0112     7.37e-06       0.0515       0.0694       0.0394       0.0901       0.0509       0.0601       0.0502        0.116        0.066       0.0775        0.199      0.00155        0.227      0.00178
     24   160       0.0274       0.0274     2.58e-05       0.0772        0.108       0.0531        0.128       0.0826       0.0878       0.0664        0.165        0.116        0.116        0.369      0.00288        0.425      0.00332


  Train      #    Epoch      wal       LR       loss_f       loss_e         loss        f_mae       f_rmse     Li_f_mae      P_f_mae      S_f_mae  psavg_f_mae    Li_f_rmse     P_f_rmse     S_f_rmse psavg_f_rmse        e_mae      e/N_mae       e_rmse     e/N_rmse
! Train              24  150.649    0.001       0.0193     0.000234       0.0196       0.0658        0.091       0.0466        0.109       0.0692       0.0751       0.0604        0.143       0.0931        0.099         1.04      0.00811         1.28         0.01
! Validation         24  150.649    0.001       0.0153     9.92e-06       0.0153       0.0579        0.081       0.0417       0.0998       0.0595        0.067       0.0548        0.131       0.0808        0.089        0.222      0.00173        0.264      0.00206
Wall time: 150.65020567493048
! Best model       24    0.015
Saved trainer to results/Allegro_FPS_150_DFT_Li3PS4/run_Allegro_FPS_150_DFT_Li3PS4/trainer.pth
Saved last model to to results/Allegro_FPS_150_DFT_Li3PS4/run_Allegro_FPS_150_DFT_Li3PS4/last_model.pth

training
# Epoch batch         loss       loss_f       loss_e        f_mae       f_rmse     Li_f_mae      P_f_mae      S_f_mae  psavg_f_mae    Li_f_rmse     P_f_rmse     S_f_rmse psavg_f_rmse        e_mae      e/N_mae       e_rmse     e/N_rmse
     25    75       0.0125       0.0123      0.00017       0.0556       0.0727       0.0459        0.089       0.0546       0.0631       0.0569        0.117       0.0687       0.0809         1.08      0.00845         1.09      0.00853

validation
# Epoch batch         loss       loss_f       loss_e        f_mae       f_rmse     Li_f_mae      P_f_mae      S_f_mae  psavg_f_mae    Li_f_rmse     P_f_rmse     S_f_rmse psavg_f_rmse        e_mae      e/N_mae       e_rmse     e/N_rmse
     25   100        0.011        0.011     6.77e-06       0.0508       0.0685       0.0388        0.089       0.0502       0.0594       0.0496        0.115        0.065       0.0765        0.192       0.0015        0.218       0.0017
     25   160       0.0267       0.0267     2.49e-05       0.0762        0.107       0.0523        0.126       0.0815       0.0867       0.0653        0.163        0.114        0.114        0.364      0.00284        0.417      0.00326


  Train      #    Epoch      wal       LR       loss_f       loss_e         loss        f_mae       f_rmse     Li_f_mae      P_f_mae      S_f_mae  psavg_f_mae    Li_f_rmse     P_f_rmse     S_f_rmse psavg_f_rmse        e_mae      e/N_mae       e_rmse     e/N_rmse
! Train              25  156.484    0.001       0.0188     0.000215        0.019       0.0648       0.0898        0.046        0.108       0.0682       0.0741       0.0595        0.142       0.0918       0.0977         1.01      0.00787         1.23      0.00959
! Validation         25  156.484    0.001        0.015     9.28e-06        0.015       0.0571         0.08       0.0412       0.0986       0.0587       0.0662       0.0541         0.13       0.0798        0.088        0.215      0.00168        0.255      0.00199
Wall time: 156.4846607329091
! Best model       25    0.015
Saved trainer to results/Allegro_FPS_150_DFT_Li3PS4/run_Allegro_FPS_150_DFT_Li3PS4/trainer.pth
Saved last model to to results/Allegro_FPS_150_DFT_Li3PS4/run_Allegro_FPS_150_DFT_Li3PS4/last_model.pth

training
# Epoch batch         loss       loss_f       loss_e        f_mae       f_rmse     Li_f_mae      P_f_mae      S_f_mae  psavg_f_mae    Li_f_rmse     P_f_rmse     S_f_rmse psavg_f_rmse        e_mae      e/N_mae       e_rmse     e/N_rmse
     26    75       0.0124       0.0122     0.000194       0.0553       0.0724       0.0457       0.0888       0.0542       0.0629       0.0567        0.117       0.0683       0.0805         1.16      0.00904         1.17      0.00911

validation
# Epoch batch         loss       loss_f       loss_e        f_mae       f_rmse     Li_f_mae      P_f_mae      S_f_mae  psavg_f_mae    Li_f_rmse     P_f_rmse     S_f_rmse psavg_f_rmse        e_mae      e/N_mae       e_rmse     e/N_rmse
     26   100       0.0107       0.0107     7.05e-06       0.0501       0.0675       0.0384        0.088       0.0494       0.0586        0.049        0.113       0.0641       0.0755        0.197      0.00154        0.222      0.00174
     26   160        0.026        0.026     2.52e-05       0.0752        0.105       0.0515        0.125       0.0805       0.0858       0.0643        0.161        0.113        0.113        0.365      0.00285        0.421      0.00329


  Train      #    Epoch      wal       LR       loss_f       loss_e         loss        f_mae       f_rmse     Li_f_mae      P_f_mae      S_f_mae  psavg_f_mae    Li_f_rmse     P_f_rmse     S_f_rmse psavg_f_rmse        e_mae      e/N_mae       e_rmse     e/N_rmse
! Train              26  162.279    0.001       0.0184     0.000211       0.0186       0.0641       0.0888       0.0454        0.107       0.0672       0.0733       0.0588        0.141       0.0906       0.0968            1      0.00783         1.22      0.00951
! Validation         26  162.279    0.001       0.0146     9.17e-06       0.0146       0.0564       0.0791       0.0407       0.0975       0.0579       0.0654       0.0535        0.129       0.0789        0.087        0.212      0.00166        0.254      0.00198
Wall time: 162.2795860109618
! Best model       26    0.015
Saved trainer to results/Allegro_FPS_150_DFT_Li3PS4/run_Allegro_FPS_150_DFT_Li3PS4/trainer.pth
Saved last model to to results/Allegro_FPS_150_DFT_Li3PS4/run_Allegro_FPS_150_DFT_Li3PS4/last_model.pth

training
# Epoch batch         loss       loss_f       loss_e        f_mae       f_rmse     Li_f_mae      P_f_mae      S_f_mae  psavg_f_mae    Li_f_rmse     P_f_rmse     S_f_rmse psavg_f_rmse        e_mae      e/N_mae       e_rmse     e/N_rmse
     27    75       0.0122        0.012     0.000181       0.0548       0.0718       0.0454       0.0886       0.0535       0.0625       0.0562        0.116       0.0676         0.08         1.12      0.00873         1.13       0.0088

validation
# Epoch batch         loss       loss_f       loss_e        f_mae       f_rmse     Li_f_mae      P_f_mae      S_f_mae  psavg_f_mae    Li_f_rmse     P_f_rmse     S_f_rmse psavg_f_rmse        e_mae      e/N_mae       e_rmse     e/N_rmse
     27   100       0.0104       0.0104     6.41e-06       0.0495       0.0667       0.0379       0.0871       0.0487       0.0579       0.0485        0.112       0.0632       0.0746         0.19      0.00148        0.212      0.00166
     27   160       0.0254       0.0254     2.38e-05       0.0743        0.104       0.0507        0.124       0.0795       0.0848       0.0634        0.159        0.111        0.111        0.358       0.0028        0.408      0.00319


  Train      #    Epoch      wal       LR       loss_f       loss_e         loss        f_mae       f_rmse     Li_f_mae      P_f_mae      S_f_mae  psavg_f_mae    Li_f_rmse     P_f_rmse     S_f_rmse psavg_f_rmse        e_mae      e/N_mae       e_rmse     e/N_rmse
! Train              27  168.074    0.001        0.018     0.000207       0.0182       0.0633       0.0878        0.045        0.106       0.0663       0.0726       0.0582         0.14       0.0895       0.0958        0.992      0.00775          1.2      0.00941
! Validation         27  168.074    0.001       0.0143     8.54e-06       0.0143       0.0558       0.0782       0.0403       0.0965       0.0572       0.0646       0.0529        0.128        0.078       0.0861        0.205      0.00161        0.245      0.00191
Wall time: 168.07468027598225
! Best model       27    0.014
Saved trainer to results/Allegro_FPS_150_DFT_Li3PS4/run_Allegro_FPS_150_DFT_Li3PS4/trainer.pth
Saved last model to to results/Allegro_FPS_150_DFT_Li3PS4/run_Allegro_FPS_150_DFT_Li3PS4/last_model.pth

training
# Epoch batch         loss       loss_f       loss_e        f_mae       f_rmse     Li_f_mae      P_f_mae      S_f_mae  psavg_f_mae    Li_f_rmse     P_f_rmse     S_f_rmse psavg_f_rmse        e_mae      e/N_mae       e_rmse     e/N_rmse
     28    75        0.012       0.0118     0.000153       0.0542       0.0712       0.0447       0.0885       0.0528        0.062       0.0555        0.116       0.0667       0.0794         1.03      0.00802         1.04      0.00809

validation
# Epoch batch         loss       loss_f       loss_e        f_mae       f_rmse     Li_f_mae      P_f_mae      S_f_mae  psavg_f_mae    Li_f_rmse     P_f_rmse     S_f_rmse psavg_f_rmse        e_mae      e/N_mae       e_rmse     e/N_rmse
     28   100       0.0102       0.0102     6.41e-06       0.0489        0.066       0.0375       0.0863       0.0481       0.0573        0.048        0.111       0.0623       0.0738        0.191       0.0015        0.212      0.00166
     28   160       0.0249       0.0249     2.38e-05       0.0735        0.103       0.0501        0.123       0.0786        0.084       0.0626        0.158         0.11         0.11        0.356      0.00278        0.408      0.00319


  Train      #    Epoch      wal       LR       loss_f       loss_e         loss        f_mae       f_rmse     Li_f_mae      P_f_mae      S_f_mae  psavg_f_mae    Li_f_rmse     P_f_rmse     S_f_rmse psavg_f_rmse        e_mae      e/N_mae       e_rmse     e/N_rmse
! Train              28  173.858    0.001       0.0177     0.000195       0.0179       0.0627       0.0871       0.0446        0.106       0.0656       0.0719       0.0576        0.139       0.0886        0.095        0.957      0.00748         1.17      0.00912
! Validation         28  173.858    0.001        0.014     8.39e-06        0.014       0.0551       0.0775       0.0399       0.0955       0.0565        0.064       0.0524        0.126       0.0771       0.0853        0.203      0.00158        0.243      0.00189
Wall time: 173.85899237089325
! Best model       28    0.014
Saved trainer to results/Allegro_FPS_150_DFT_Li3PS4/run_Allegro_FPS_150_DFT_Li3PS4/trainer.pth
Saved last model to to results/Allegro_FPS_150_DFT_Li3PS4/run_Allegro_FPS_150_DFT_Li3PS4/last_model.pth

training
# Epoch batch         loss       loss_f       loss_e        f_mae       f_rmse     Li_f_mae      P_f_mae      S_f_mae  psavg_f_mae    Li_f_rmse     P_f_rmse     S_f_rmse psavg_f_rmse        e_mae      e/N_mae       e_rmse     e/N_rmse
     29    75       0.0118       0.0116     0.000164       0.0536       0.0706       0.0436        0.089       0.0522       0.0616       0.0543        0.117        0.066       0.0789         1.06      0.00831         1.07      0.00838

validation
# Epoch batch         loss       loss_f       loss_e        f_mae       f_rmse     Li_f_mae      P_f_mae      S_f_mae  psavg_f_mae    Li_f_rmse     P_f_rmse     S_f_rmse psavg_f_rmse        e_mae      e/N_mae       e_rmse     e/N_rmse
     29   100      0.00994      0.00994     5.56e-06       0.0483       0.0652       0.0371       0.0854       0.0474       0.0567       0.0475         0.11       0.0615       0.0731        0.179       0.0014        0.198      0.00154
     29   160       0.0244       0.0244     2.25e-05       0.0727        0.102       0.0495        0.122       0.0778       0.0832       0.0619        0.156        0.109        0.109        0.352      0.00275        0.397       0.0031


  Train      #    Epoch      wal       LR       loss_f       loss_e         loss        f_mae       f_rmse     Li_f_mae      P_f_mae      S_f_mae  psavg_f_mae    Li_f_rmse     P_f_rmse     S_f_rmse psavg_f_rmse        e_mae      e/N_mae       e_rmse     e/N_rmse
! Train              29  179.699    0.001       0.0174       0.0002       0.0176       0.0622       0.0864       0.0441        0.105        0.065       0.0714       0.0571        0.138       0.0879       0.0943        0.969      0.00757         1.18      0.00926
! Validation         29  179.699    0.001       0.0138     7.75e-06       0.0138       0.0546       0.0767       0.0395       0.0947       0.0559       0.0633       0.0518        0.125       0.0763       0.0845        0.196      0.00153        0.233      0.00182
Wall time: 179.70034101291094
! Best model       29    0.014
Saved trainer to results/Allegro_FPS_150_DFT_Li3PS4/run_Allegro_FPS_150_DFT_Li3PS4/trainer.pth
Saved last model to to results/Allegro_FPS_150_DFT_Li3PS4/run_Allegro_FPS_150_DFT_Li3PS4/last_model.pth

training
# Epoch batch         loss       loss_f       loss_e        f_mae       f_rmse     Li_f_mae      P_f_mae      S_f_mae  psavg_f_mae    Li_f_rmse     P_f_rmse     S_f_rmse psavg_f_rmse        e_mae      e/N_mae       e_rmse     e/N_rmse
     30    75       0.0113       0.0112     0.000112       0.0524       0.0693        0.042       0.0891        0.051       0.0607       0.0527        0.116       0.0644       0.0778        0.876      0.00684        0.886      0.00693

validation
# Epoch batch         loss       loss_f       loss_e        f_mae       f_rmse     Li_f_mae      P_f_mae      S_f_mae  psavg_f_mae    Li_f_rmse     P_f_rmse     S_f_rmse psavg_f_rmse        e_mae      e/N_mae       e_rmse     e/N_rmse
     30   100      0.00973      0.00972     5.75e-06       0.0478       0.0645       0.0367       0.0847       0.0468       0.0561        0.047        0.109       0.0607       0.0723        0.182      0.00142        0.201      0.00157
     30   160       0.0239       0.0239      2.2e-05        0.072        0.101        0.049        0.122        0.077       0.0825       0.0612        0.155        0.108        0.108        0.348      0.00272        0.393      0.00307


  Train      #    Epoch      wal       LR       loss_f       loss_e         loss        f_mae       f_rmse     Li_f_mae      P_f_mae      S_f_mae  psavg_f_mae    Li_f_rmse     P_f_rmse     S_f_rmse psavg_f_rmse        e_mae      e/N_mae       e_rmse     e/N_rmse
! Train              30  185.483    0.001       0.0172     0.000183       0.0174       0.0617       0.0857       0.0437        0.104       0.0644       0.0708       0.0565        0.137       0.0871       0.0936        0.914      0.00714         1.13      0.00884
! Validation         30  185.483    0.001       0.0135      7.7e-06       0.0135        0.054       0.0761       0.0391       0.0939       0.0553       0.0628       0.0513        0.125       0.0756       0.0838        0.194      0.00152        0.232      0.00182
Wall time: 185.48378356499597
! Best model       30    0.014
Saved trainer to results/Allegro_FPS_150_DFT_Li3PS4/run_Allegro_FPS_150_DFT_Li3PS4/trainer.pth
Saved last model to to results/Allegro_FPS_150_DFT_Li3PS4/run_Allegro_FPS_150_DFT_Li3PS4/last_model.pth

training
# Epoch batch         loss       loss_f       loss_e        f_mae       f_rmse     Li_f_mae      P_f_mae      S_f_mae  psavg_f_mae    Li_f_rmse     P_f_rmse     S_f_rmse psavg_f_rmse        e_mae      e/N_mae       e_rmse     e/N_rmse
     31    75        0.011       0.0109     8.46e-05       0.0514       0.0684       0.0405       0.0895         0.05         0.06       0.0511        0.116       0.0632       0.0769        0.758      0.00592         0.77      0.00602

validation
# Epoch batch         loss       loss_f       loss_e        f_mae       f_rmse     Li_f_mae      P_f_mae      S_f_mae  psavg_f_mae    Li_f_rmse     P_f_rmse     S_f_rmse psavg_f_rmse        e_mae      e/N_mae       e_rmse     e/N_rmse
     31   100      0.00953      0.00953     4.75e-06       0.0473       0.0639       0.0364        0.084       0.0462       0.0556       0.0466        0.108       0.0599       0.0716        0.167       0.0013        0.183      0.00143
     31   160       0.0235       0.0235     2.07e-05       0.0713          0.1       0.0484        0.121       0.0762       0.0817       0.0605        0.154        0.107        0.107        0.343      0.00268        0.381      0.00298


  Train      #    Epoch      wal       LR       loss_f       loss_e         loss        f_mae       f_rmse     Li_f_mae      P_f_mae      S_f_mae  psavg_f_mae    Li_f_rmse     P_f_rmse     S_f_rmse psavg_f_rmse        e_mae      e/N_mae       e_rmse     e/N_rmse
! Train              31  191.293    0.001       0.0169     0.000178       0.0171       0.0611       0.0851       0.0433        0.104       0.0639       0.0703       0.0559        0.136       0.0865       0.0929        0.902      0.00704         1.12      0.00872
! Validation         31  191.293    0.001       0.0133     7.04e-06       0.0133       0.0535       0.0754       0.0388       0.0932       0.0547       0.0622       0.0509        0.124       0.0749       0.0832        0.186      0.00146        0.222      0.00174
Wall time: 191.29357534693554
! Best model       31    0.013
Saved trainer to results/Allegro_FPS_150_DFT_Li3PS4/run_Allegro_FPS_150_DFT_Li3PS4/trainer.pth
Saved last model to to results/Allegro_FPS_150_DFT_Li3PS4/run_Allegro_FPS_150_DFT_Li3PS4/last_model.pth

training
# Epoch batch         loss       loss_f       loss_e        f_mae       f_rmse     Li_f_mae      P_f_mae      S_f_mae  psavg_f_mae    Li_f_rmse     P_f_rmse     S_f_rmse psavg_f_rmse        e_mae      e/N_mae       e_rmse     e/N_rmse
     32    75       0.0107       0.0106     5.07e-05       0.0504       0.0674       0.0395        0.089        0.049       0.0592       0.0498        0.116       0.0622       0.0759        0.581      0.00454        0.596      0.00466

validation
# Epoch batch         loss       loss_f       loss_e        f_mae       f_rmse     Li_f_mae      P_f_mae      S_f_mae  psavg_f_mae    Li_f_rmse     P_f_rmse     S_f_rmse psavg_f_rmse        e_mae      e/N_mae       e_rmse     e/N_rmse
     32   100      0.00935      0.00935     4.53e-06       0.0468       0.0633       0.0361       0.0835       0.0457       0.0551       0.0462        0.108       0.0592        0.071        0.163      0.00127        0.178      0.00139
     32   160       0.0231       0.0231     1.94e-05       0.0707       0.0995       0.0479         0.12       0.0755       0.0811       0.0599        0.153        0.106        0.106        0.335      0.00262        0.369      0.00288


  Train      #    Epoch      wal       LR       loss_f       loss_e         loss        f_mae       f_rmse     Li_f_mae      P_f_mae      S_f_mae  psavg_f_mae    Li_f_rmse     P_f_rmse     S_f_rmse psavg_f_rmse        e_mae      e/N_mae       e_rmse     e/N_rmse
! Train              32  197.049    0.001       0.0166      0.00016       0.0168       0.0606       0.0844       0.0428        0.103       0.0633       0.0697       0.0553        0.136       0.0857       0.0922        0.849      0.00663         1.06      0.00829
! Validation         32  197.049    0.001       0.0131     6.78e-06       0.0131       0.0531       0.0748       0.0384       0.0926       0.0542       0.0617       0.0504        0.123       0.0743       0.0825        0.183      0.00143        0.218       0.0017
Wall time: 197.05005927791353
! Best model       32    0.013
Saved trainer to results/Allegro_FPS_150_DFT_Li3PS4/run_Allegro_FPS_150_DFT_Li3PS4/trainer.pth
Saved last model to to results/Allegro_FPS_150_DFT_Li3PS4/run_Allegro_FPS_150_DFT_Li3PS4/last_model.pth

training
# Epoch batch         loss       loss_f       loss_e        f_mae       f_rmse     Li_f_mae      P_f_mae      S_f_mae  psavg_f_mae    Li_f_rmse     P_f_rmse     S_f_rmse psavg_f_rmse        e_mae      e/N_mae       e_rmse     e/N_rmse
     33    75       0.0103       0.0103     3.04e-05       0.0496       0.0663       0.0389       0.0885       0.0479       0.0584       0.0491        0.115       0.0607       0.0749        0.442      0.00345        0.461      0.00361

validation
# Epoch batch         loss       loss_f       loss_e        f_mae       f_rmse     Li_f_mae      P_f_mae      S_f_mae  psavg_f_mae    Li_f_rmse     P_f_rmse     S_f_rmse psavg_f_rmse        e_mae      e/N_mae       e_rmse     e/N_rmse
     33   100      0.00919      0.00919     4.54e-06       0.0464       0.0627       0.0358       0.0829       0.0452       0.0546       0.0459        0.107       0.0586       0.0704        0.163      0.00127        0.178      0.00139
     33   160       0.0228       0.0228     1.86e-05       0.0701       0.0987       0.0474        0.119       0.0748       0.0804       0.0593        0.152        0.105        0.106         0.33      0.00258        0.361      0.00282


  Train      #    Epoch      wal       LR       loss_f       loss_e         loss        f_mae       f_rmse     Li_f_mae      P_f_mae      S_f_mae  psavg_f_mae    Li_f_rmse     P_f_rmse     S_f_rmse psavg_f_rmse        e_mae      e/N_mae       e_rmse     e/N_rmse
! Train              33  202.866    0.001       0.0163     0.000145       0.0165         0.06       0.0836       0.0424        0.102       0.0627       0.0691       0.0547        0.135       0.0849       0.0915        0.807       0.0063         1.01      0.00789
! Validation         33  202.866    0.001       0.0129      6.7e-06       0.0129       0.0526       0.0743       0.0381        0.092       0.0537       0.0613         0.05        0.122       0.0737       0.0819        0.182      0.00143        0.217      0.00169
Wall time: 202.86754625895992
! Best model       33    0.013
Saved trainer to results/Allegro_FPS_150_DFT_Li3PS4/run_Allegro_FPS_150_DFT_Li3PS4/trainer.pth
Saved last model to to results/Allegro_FPS_150_DFT_Li3PS4/run_Allegro_FPS_150_DFT_Li3PS4/last_model.pth

training
# Epoch batch         loss       loss_f       loss_e        f_mae       f_rmse     Li_f_mae      P_f_mae      S_f_mae  psavg_f_mae    Li_f_rmse     P_f_rmse     S_f_rmse psavg_f_rmse        e_mae      e/N_mae       e_rmse     e/N_rmse
     34    75       0.0101       0.0101      1.5e-05       0.0491       0.0658       0.0384       0.0882       0.0473        0.058       0.0485        0.114       0.0602       0.0743        0.297      0.00232        0.324      0.00253

validation
# Epoch batch         loss       loss_f       loss_e        f_mae       f_rmse     Li_f_mae      P_f_mae      S_f_mae  psavg_f_mae    Li_f_rmse     P_f_rmse     S_f_rmse psavg_f_rmse        e_mae      e/N_mae       e_rmse     e/N_rmse
     34   100      0.00904      0.00903      4.3e-06        0.046       0.0622       0.0355       0.0824       0.0447       0.0542       0.0455        0.106       0.0581       0.0698        0.159      0.00124        0.174      0.00136
     34   160       0.0225       0.0225     1.78e-05       0.0695        0.098        0.047        0.118       0.0742       0.0798       0.0588        0.152        0.104        0.105        0.325      0.00254        0.353      0.00276


  Train      #    Epoch      wal       LR       loss_f       loss_e         loss        f_mae       f_rmse     Li_f_mae      P_f_mae      S_f_mae  psavg_f_mae    Li_f_rmse     P_f_rmse     S_f_rmse psavg_f_rmse        e_mae      e/N_mae       e_rmse     e/N_rmse
! Train              34  209.743    0.001       0.0161     0.000139       0.0163       0.0595       0.0831       0.0419        0.102       0.0622       0.0686       0.0541        0.134       0.0843       0.0908        0.789      0.00616        0.987      0.00771
! Validation         34  209.743    0.001       0.0127     6.48e-06       0.0127       0.0522       0.0737       0.0378       0.0914       0.0532       0.0608       0.0496        0.121       0.0731       0.0814        0.179       0.0014        0.213      0.00167
Wall time: 209.74339195992798
! Best model       34    0.013
Saved trainer to results/Allegro_FPS_150_DFT_Li3PS4/run_Allegro_FPS_150_DFT_Li3PS4/trainer.pth
Saved last model to to results/Allegro_FPS_150_DFT_Li3PS4/run_Allegro_FPS_150_DFT_Li3PS4/last_model.pth

training
# Epoch batch         loss       loss_f       loss_e        f_mae       f_rmse     Li_f_mae      P_f_mae      S_f_mae  psavg_f_mae    Li_f_rmse     P_f_rmse     S_f_rmse psavg_f_rmse        e_mae      e/N_mae       e_rmse     e/N_rmse
     35    75      0.00982      0.00981     9.16e-06       0.0483       0.0648       0.0379       0.0869       0.0464       0.0571        0.048        0.113       0.0591       0.0733        0.219      0.00171        0.253      0.00198

validation
# Epoch batch         loss       loss_f       loss_e        f_mae       f_rmse     Li_f_mae      P_f_mae      S_f_mae  psavg_f_mae    Li_f_rmse     P_f_rmse     S_f_rmse psavg_f_rmse        e_mae      e/N_mae       e_rmse     e/N_rmse
     35   100      0.00889      0.00889     4.09e-06       0.0456       0.0617       0.0353       0.0818       0.0442       0.0538       0.0452        0.105       0.0575       0.0693        0.155      0.00121        0.169      0.00132
     35   160       0.0222       0.0221     1.68e-05        0.069       0.0974       0.0466        0.118       0.0736       0.0793       0.0584        0.151        0.104        0.104        0.318      0.00249        0.343      0.00268


  Train      #    Epoch      wal       LR       loss_f       loss_e         loss        f_mae       f_rmse     Li_f_mae      P_f_mae      S_f_mae  psavg_f_mae    Li_f_rmse     P_f_rmse     S_f_rmse psavg_f_rmse        e_mae      e/N_mae       e_rmse     e/N_rmse
! Train              35  215.663    0.001       0.0159     0.000133        0.016        0.059       0.0824       0.0415        0.101       0.0617       0.0681       0.0536        0.133       0.0836       0.0902        0.775      0.00605        0.966      0.00755
! Validation         35  215.663    0.001       0.0125      6.3e-06       0.0125       0.0518       0.0732       0.0375       0.0909       0.0528       0.0604       0.0492        0.121       0.0725       0.0808        0.177      0.00139         0.21      0.00164
Wall time: 215.6637548749568
! Best model       35    0.013
Saved trainer to results/Allegro_FPS_150_DFT_Li3PS4/run_Allegro_FPS_150_DFT_Li3PS4/trainer.pth
Saved last model to to results/Allegro_FPS_150_DFT_Li3PS4/run_Allegro_FPS_150_DFT_Li3PS4/last_model.pth

training
# Epoch batch         loss       loss_f       loss_e        f_mae       f_rmse     Li_f_mae      P_f_mae      S_f_mae  psavg_f_mae    Li_f_rmse     P_f_rmse     S_f_rmse psavg_f_rmse        e_mae      e/N_mae       e_rmse     e/N_rmse
     36    75      0.00964      0.00964     3.92e-06       0.0479       0.0642       0.0376       0.0863       0.0459       0.0566       0.0477        0.112       0.0584       0.0727        0.131      0.00103        0.166      0.00129

validation
# Epoch batch         loss       loss_f       loss_e        f_mae       f_rmse     Li_f_mae      P_f_mae      S_f_mae  psavg_f_mae    Li_f_rmse     P_f_rmse     S_f_rmse psavg_f_rmse        e_mae      e/N_mae       e_rmse     e/N_rmse
     36   100      0.00876      0.00875     4.33e-06       0.0452       0.0612        0.035       0.0813       0.0438       0.0534       0.0448        0.105        0.057       0.0688         0.16      0.00125        0.174      0.00136
     36   160       0.0219       0.0219     1.65e-05       0.0684       0.0967       0.0462        0.117        0.073       0.0787       0.0579         0.15        0.103        0.104        0.315      0.00246         0.34      0.00266


  Train      #    Epoch      wal       LR       loss_f       loss_e         loss        f_mae       f_rmse     Li_f_mae      P_f_mae      S_f_mae  psavg_f_mae    Li_f_rmse     P_f_rmse     S_f_rmse psavg_f_rmse        e_mae      e/N_mae       e_rmse     e/N_rmse
! Train              36  221.471    0.001       0.0156     0.000126       0.0158       0.0586       0.0818       0.0412        0.101       0.0611       0.0676       0.0532        0.133       0.0829       0.0896        0.752      0.00587        0.941      0.00735
! Validation         36  221.471    0.001       0.0124     6.36e-06       0.0124       0.0515       0.0727       0.0372       0.0904       0.0524         0.06       0.0488         0.12        0.072       0.0803        0.178      0.00139        0.211      0.00165
Wall time: 221.4714303999208
! Best model       36    0.012
Saved trainer to results/Allegro_FPS_150_DFT_Li3PS4/run_Allegro_FPS_150_DFT_Li3PS4/trainer.pth
Saved last model to to results/Allegro_FPS_150_DFT_Li3PS4/run_Allegro_FPS_150_DFT_Li3PS4/last_model.pth

training
# Epoch batch         loss       loss_f       loss_e        f_mae       f_rmse     Li_f_mae      P_f_mae      S_f_mae  psavg_f_mae    Li_f_rmse     P_f_rmse     S_f_rmse psavg_f_rmse        e_mae      e/N_mae       e_rmse     e/N_rmse
     37    75      0.00942      0.00942     3.19e-06       0.0473       0.0635       0.0373       0.0853       0.0452       0.0559       0.0474        0.111       0.0576       0.0719        0.124     0.000968         0.15      0.00117

validation
# Epoch batch         loss       loss_f       loss_e        f_mae       f_rmse     Li_f_mae      P_f_mae      S_f_mae  psavg_f_mae    Li_f_rmse     P_f_rmse     S_f_rmse psavg_f_rmse        e_mae      e/N_mae       e_rmse     e/N_rmse
     37   100      0.00863      0.00863     3.51e-06       0.0449       0.0608       0.0348       0.0808       0.0435        0.053       0.0445        0.104       0.0566       0.0683        0.141       0.0011        0.157      0.00123
     37   160       0.0216       0.0216     1.49e-05        0.068       0.0961       0.0459        0.116       0.0725       0.0781       0.0575        0.149        0.102        0.103        0.305      0.00238        0.324      0.00253


  Train      #    Epoch      wal       LR       loss_f       loss_e         loss        f_mae       f_rmse     Li_f_mae      P_f_mae      S_f_mae  psavg_f_mae    Li_f_rmse     P_f_rmse     S_f_rmse psavg_f_rmse        e_mae      e/N_mae       e_rmse     e/N_rmse
! Train              37  227.244    0.001       0.0154     0.000125       0.0156       0.0582       0.0813       0.0409          0.1       0.0607       0.0672       0.0528        0.132       0.0824        0.089        0.745      0.00582        0.936      0.00732
! Validation         37  227.244    0.001       0.0122     6.01e-06       0.0122       0.0511       0.0723       0.0369         0.09        0.052       0.0596       0.0484         0.12       0.0715       0.0799        0.174      0.00136        0.205       0.0016
Wall time: 227.24444802699145
! Best model       37    0.012
Saved trainer to results/Allegro_FPS_150_DFT_Li3PS4/run_Allegro_FPS_150_DFT_Li3PS4/trainer.pth
Saved last model to to results/Allegro_FPS_150_DFT_Li3PS4/run_Allegro_FPS_150_DFT_Li3PS4/last_model.pth

training
# Epoch batch         loss       loss_f       loss_e        f_mae       f_rmse     Li_f_mae      P_f_mae      S_f_mae  psavg_f_mae    Li_f_rmse     P_f_rmse     S_f_rmse psavg_f_rmse        e_mae      e/N_mae       e_rmse     e/N_rmse
     38    75       0.0093       0.0093     3.33e-06       0.0469       0.0631       0.0371        0.085       0.0448       0.0556       0.0471         0.11       0.0572       0.0715        0.131      0.00102        0.153      0.00119

validation
# Epoch batch         loss       loss_f       loss_e        f_mae       f_rmse     Li_f_mae      P_f_mae      S_f_mae  psavg_f_mae    Li_f_rmse     P_f_rmse     S_f_rmse psavg_f_rmse        e_mae      e/N_mae       e_rmse     e/N_rmse
     38   100      0.00851      0.00851     4.15e-06       0.0446       0.0603       0.0345       0.0803       0.0431       0.0527       0.0442        0.103       0.0562       0.0678        0.157      0.00123        0.171      0.00133
     38   160       0.0213       0.0213     1.54e-05       0.0675       0.0955       0.0456        0.115        0.072       0.0776       0.0571        0.149        0.101        0.102        0.307       0.0024        0.329      0.00257


  Train      #    Epoch      wal       LR       loss_f       loss_e         loss        f_mae       f_rmse     Li_f_mae      P_f_mae      S_f_mae  psavg_f_mae    Li_f_rmse     P_f_rmse     S_f_rmse psavg_f_rmse        e_mae      e/N_mae       e_rmse     e/N_rmse
! Train              38  233.117    0.001       0.0153      0.00012       0.0154       0.0578       0.0808       0.0406       0.0995       0.0603       0.0668       0.0525        0.131       0.0818       0.0885        0.733      0.00573        0.919      0.00718
! Validation         38  233.117    0.001       0.0121     6.17e-06       0.0121       0.0508       0.0719       0.0367       0.0895       0.0517       0.0593       0.0481        0.119        0.071       0.0794        0.176      0.00137        0.208      0.00162
Wall time: 233.11808604793623
! Best model       38    0.012
Saved trainer to results/Allegro_FPS_150_DFT_Li3PS4/run_Allegro_FPS_150_DFT_Li3PS4/trainer.pth
Saved last model to to results/Allegro_FPS_150_DFT_Li3PS4/run_Allegro_FPS_150_DFT_Li3PS4/last_model.pth

training
# Epoch batch         loss       loss_f       loss_e        f_mae       f_rmse     Li_f_mae      P_f_mae      S_f_mae  psavg_f_mae    Li_f_rmse     P_f_rmse     S_f_rmse psavg_f_rmse        e_mae      e/N_mae       e_rmse     e/N_rmse
     39    75      0.00915      0.00915     6.53e-06       0.0465       0.0626       0.0368       0.0841       0.0444       0.0551       0.0467        0.109       0.0567       0.0708        0.169      0.00132        0.214      0.00167

validation
# Epoch batch         loss       loss_f       loss_e        f_mae       f_rmse     Li_f_mae      P_f_mae      S_f_mae  psavg_f_mae    Li_f_rmse     P_f_rmse     S_f_rmse psavg_f_rmse        e_mae      e/N_mae       e_rmse     e/N_rmse
     39   100      0.00841      0.00841     4.08e-06       0.0443         0.06       0.0343       0.0799       0.0429       0.0524       0.0439        0.103       0.0558       0.0675        0.156      0.00122        0.169      0.00132
     39   160       0.0211       0.0211     1.47e-05       0.0671       0.0951       0.0453        0.115       0.0716       0.0772       0.0567        0.148        0.101        0.102        0.301      0.00235        0.321      0.00251


  Train      #    Epoch      wal       LR       loss_f       loss_e         loss        f_mae       f_rmse     Li_f_mae      P_f_mae      S_f_mae  psavg_f_mae    Li_f_rmse     P_f_rmse     S_f_rmse psavg_f_rmse        e_mae      e/N_mae       e_rmse     e/N_rmse
! Train              39  238.897    0.001       0.0151     0.000121       0.0152       0.0575       0.0804       0.0403        0.099       0.0599       0.0664       0.0521        0.131       0.0814       0.0881        0.747      0.00583        0.921       0.0072
! Validation         39  238.897    0.001       0.0119     6.03e-06       0.0119       0.0505       0.0715       0.0364       0.0891       0.0514        0.059       0.0478        0.119       0.0706        0.079        0.174      0.00136        0.206      0.00161
Wall time: 238.89747844089288
! Best model       39    0.012
Saved trainer to results/Allegro_FPS_150_DFT_Li3PS4/run_Allegro_FPS_150_DFT_Li3PS4/trainer.pth
Saved last model to to results/Allegro_FPS_150_DFT_Li3PS4/run_Allegro_FPS_150_DFT_Li3PS4/last_model.pth

training
# Epoch batch         loss       loss_f       loss_e        f_mae       f_rmse     Li_f_mae      P_f_mae      S_f_mae  psavg_f_mae    Li_f_rmse     P_f_rmse     S_f_rmse psavg_f_rmse        e_mae      e/N_mae       e_rmse     e/N_rmse
     40    75      0.00902      0.00902     7.01e-06       0.0462       0.0621       0.0366       0.0834        0.044       0.0547       0.0464        0.108       0.0564       0.0703        0.181      0.00141        0.222      0.00173

validation
# Epoch batch         loss       loss_f       loss_e        f_mae       f_rmse     Li_f_mae      P_f_mae      S_f_mae  psavg_f_mae    Li_f_rmse     P_f_rmse     S_f_rmse psavg_f_rmse        e_mae      e/N_mae       e_rmse     e/N_rmse
     40   100       0.0083      0.00829     3.96e-06        0.044       0.0596        0.034       0.0795       0.0425        0.052       0.0436        0.102       0.0554        0.067        0.154      0.00121        0.167       0.0013
     40   160       0.0209       0.0209     1.44e-05       0.0667       0.0945        0.045        0.114       0.0711       0.0767       0.0563        0.148          0.1        0.101        0.299      0.00233        0.318      0.00248


  Train      #    Epoch      wal       LR       loss_f       loss_e         loss        f_mae       f_rmse     Li_f_mae      P_f_mae      S_f_mae  psavg_f_mae    Li_f_rmse     P_f_rmse     S_f_rmse psavg_f_rmse        e_mae      e/N_mae       e_rmse     e/N_rmse
! Train              40  244.682    0.001       0.0149     0.000115       0.0151       0.0571       0.0799       0.0401       0.0986       0.0596       0.0661       0.0517         0.13       0.0809       0.0876        0.731      0.00571        0.898      0.00702
! Validation         40  244.682    0.001       0.0118     5.91e-06       0.0118       0.0502       0.0711       0.0362       0.0888        0.051       0.0587       0.0475        0.118       0.0702       0.0786        0.172      0.00134        0.204      0.00159
Wall time: 244.6832021479495
! Best model       40    0.012
Saved trainer to results/Allegro_FPS_150_DFT_Li3PS4/run_Allegro_FPS_150_DFT_Li3PS4/trainer.pth
Saved last model to to results/Allegro_FPS_150_DFT_Li3PS4/run_Allegro_FPS_150_DFT_Li3PS4/last_model.pth

training
# Epoch batch         loss       loss_f       loss_e        f_mae       f_rmse     Li_f_mae      P_f_mae      S_f_mae  psavg_f_mae    Li_f_rmse     P_f_rmse     S_f_rmse psavg_f_rmse        e_mae      e/N_mae       e_rmse     e/N_rmse
     41    75      0.00889      0.00888     6.81e-06       0.0458       0.0616       0.0363       0.0827       0.0436       0.0542       0.0461        0.107        0.056       0.0698        0.176      0.00137        0.219      0.00171

validation
# Epoch batch         loss       loss_f       loss_e        f_mae       f_rmse     Li_f_mae      P_f_mae      S_f_mae  psavg_f_mae    Li_f_rmse     P_f_rmse     S_f_rmse psavg_f_rmse        e_mae      e/N_mae       e_rmse     e/N_rmse
     41   100      0.00821       0.0082     4.11e-06       0.0437       0.0593       0.0338       0.0792       0.0422       0.0518       0.0433        0.102       0.0551       0.0667        0.157      0.00123         0.17      0.00133
     41   160       0.0207       0.0207      1.4e-05       0.0663       0.0941       0.0448        0.114       0.0707       0.0763        0.056        0.147       0.0997        0.101        0.295       0.0023        0.313      0.00245


  Train      #    Epoch      wal       LR       loss_f       loss_e         loss        f_mae       f_rmse     Li_f_mae      P_f_mae      S_f_mae  psavg_f_mae    Li_f_rmse     P_f_rmse     S_f_rmse psavg_f_rmse        e_mae      e/N_mae       e_rmse     e/N_rmse
! Train              41  250.720    0.001       0.0147     0.000114       0.0148       0.0567       0.0794       0.0398       0.0981        0.059       0.0656       0.0514         0.13       0.0802        0.087        0.727      0.00568        0.893      0.00698
! Validation         41  250.720    0.001       0.0117      5.9e-06       0.0117       0.0499       0.0707        0.036       0.0884       0.0507       0.0584       0.0471        0.118       0.0698       0.0782        0.172      0.00134        0.203      0.00159
Wall time: 250.72108720696997
! Best model       41    0.012
Saved trainer to results/Allegro_FPS_150_DFT_Li3PS4/run_Allegro_FPS_150_DFT_Li3PS4/trainer.pth
Saved last model to to results/Allegro_FPS_150_DFT_Li3PS4/run_Allegro_FPS_150_DFT_Li3PS4/last_model.pth

training
# Epoch batch         loss       loss_f       loss_e        f_mae       f_rmse     Li_f_mae      P_f_mae      S_f_mae  psavg_f_mae    Li_f_rmse     P_f_rmse     S_f_rmse psavg_f_rmse        e_mae      e/N_mae       e_rmse     e/N_rmse
     42    75      0.00874      0.00874     4.63e-06       0.0454       0.0611       0.0361       0.0823       0.0431       0.0538       0.0457        0.107       0.0553       0.0693        0.129      0.00101         0.18      0.00141

validation
# Epoch batch         loss       loss_f       loss_e        f_mae       f_rmse     Li_f_mae      P_f_mae      S_f_mae  psavg_f_mae    Li_f_rmse     P_f_rmse     S_f_rmse psavg_f_rmse        e_mae      e/N_mae       e_rmse     e/N_rmse
     42   100      0.00811      0.00811     3.47e-06       0.0434       0.0589       0.0336       0.0788        0.042       0.0515        0.043        0.101       0.0547       0.0663        0.144      0.00112        0.156      0.00122
     42   160       0.0205       0.0205     1.35e-05        0.066       0.0936       0.0445        0.113       0.0703       0.0759       0.0556        0.147       0.0992          0.1         0.29      0.00227        0.307       0.0024


  Train      #    Epoch      wal       LR       loss_f       loss_e         loss        f_mae       f_rmse     Li_f_mae      P_f_mae      S_f_mae  psavg_f_mae    Li_f_rmse     P_f_rmse     S_f_rmse psavg_f_rmse        e_mae      e/N_mae       e_rmse     e/N_rmse
! Train              42  256.490    0.001       0.0146     0.000108       0.0147       0.0563       0.0789       0.0396       0.0977       0.0586       0.0653       0.0511        0.129       0.0796       0.0866        0.709      0.00554        0.868      0.00678
! Validation         42  256.490    0.001       0.0116     5.58e-06       0.0116       0.0496       0.0704       0.0357       0.0881       0.0504       0.0581       0.0469        0.117       0.0694       0.0778        0.166       0.0013        0.198      0.00155
Wall time: 256.4910617179703
! Best model       42    0.012
Saved trainer to results/Allegro_FPS_150_DFT_Li3PS4/run_Allegro_FPS_150_DFT_Li3PS4/trainer.pth
Saved last model to to results/Allegro_FPS_150_DFT_Li3PS4/run_Allegro_FPS_150_DFT_Li3PS4/last_model.pth

training
# Epoch batch         loss       loss_f       loss_e        f_mae       f_rmse     Li_f_mae      P_f_mae      S_f_mae  psavg_f_mae    Li_f_rmse     P_f_rmse     S_f_rmse psavg_f_rmse        e_mae      e/N_mae       e_rmse     e/N_rmse
     43    75      0.00866      0.00865     5.58e-06       0.0452       0.0609       0.0359       0.0817        0.043       0.0535       0.0454        0.106       0.0552       0.0689        0.153      0.00119        0.198      0.00155

validation
# Epoch batch         loss       loss_f       loss_e        f_mae       f_rmse     Li_f_mae      P_f_mae      S_f_mae  psavg_f_mae    Li_f_rmse     P_f_rmse     S_f_rmse psavg_f_rmse        e_mae      e/N_mae       e_rmse     e/N_rmse
     43   100      0.00802      0.00802      3.7e-06       0.0432       0.0586       0.0333       0.0785       0.0417       0.0512       0.0427        0.101       0.0545       0.0659         0.15      0.00117        0.161      0.00126
     43   160       0.0203       0.0203     1.34e-05       0.0656       0.0932       0.0442        0.112       0.0699       0.0755       0.0553        0.146       0.0987          0.1        0.288      0.00225        0.306      0.00239


  Train      #    Epoch      wal       LR       loss_f       loss_e         loss        f_mae       f_rmse     Li_f_mae      P_f_mae      S_f_mae  psavg_f_mae    Li_f_rmse     P_f_rmse     S_f_rmse psavg_f_rmse        e_mae      e/N_mae       e_rmse     e/N_rmse
! Train              43  262.263    0.001       0.0144     0.000109       0.0145       0.0561       0.0786       0.0393       0.0973       0.0584        0.065       0.0508        0.128       0.0793       0.0862        0.709      0.00554        0.872      0.00682
! Validation         43  262.263    0.001       0.0115     5.54e-06       0.0115       0.0494         0.07       0.0355       0.0878       0.0501       0.0578       0.0466        0.117        0.069       0.0775        0.166      0.00129        0.197      0.00154
Wall time: 262.26367192098405
! Best model       43    0.011
Saved trainer to results/Allegro_FPS_150_DFT_Li3PS4/run_Allegro_FPS_150_DFT_Li3PS4/trainer.pth
Saved last model to to results/Allegro_FPS_150_DFT_Li3PS4/run_Allegro_FPS_150_DFT_Li3PS4/last_model.pth

training
# Epoch batch         loss       loss_f       loss_e        f_mae       f_rmse     Li_f_mae      P_f_mae      S_f_mae  psavg_f_mae    Li_f_rmse     P_f_rmse     S_f_rmse psavg_f_rmse        e_mae      e/N_mae       e_rmse     e/N_rmse
     44    75       0.0085       0.0085     3.49e-06       0.0447       0.0603       0.0357        0.081       0.0425       0.0531       0.0451        0.105       0.0546       0.0683        0.119     0.000933        0.156      0.00122

validation
# Epoch batch         loss       loss_f       loss_e        f_mae       f_rmse     Li_f_mae      P_f_mae      S_f_mae  psavg_f_mae    Li_f_rmse     P_f_rmse     S_f_rmse psavg_f_rmse        e_mae      e/N_mae       e_rmse     e/N_rmse
     44   100      0.00794      0.00794      3.2e-06        0.043       0.0583       0.0331       0.0783       0.0415        0.051       0.0424          0.1       0.0542       0.0656        0.138      0.00108         0.15      0.00117
     44   160       0.0201       0.0201     1.27e-05       0.0653       0.0928        0.044        0.112       0.0695       0.0752        0.055        0.146       0.0982       0.0996        0.283      0.00221        0.299      0.00233


  Train      #    Epoch      wal       LR       loss_f       loss_e         loss        f_mae       f_rmse     Li_f_mae      P_f_mae      S_f_mae  psavg_f_mae    Li_f_rmse     P_f_rmse     S_f_rmse psavg_f_rmse        e_mae      e/N_mae       e_rmse     e/N_rmse
! Train              44  268.038    0.001       0.0143     0.000106       0.0144       0.0558       0.0781       0.0391       0.0969        0.058       0.0646       0.0505        0.128       0.0788       0.0858          0.7      0.00547        0.861      0.00673
! Validation         44  268.038    0.001       0.0114     5.22e-06       0.0114       0.0491       0.0697       0.0353       0.0875       0.0499       0.0576       0.0463        0.117       0.0687       0.0772         0.16      0.00125        0.191      0.00149
Wall time: 268.0389049099758
! Best model       44    0.011
Saved trainer to results/Allegro_FPS_150_DFT_Li3PS4/run_Allegro_FPS_150_DFT_Li3PS4/trainer.pth
Saved last model to to results/Allegro_FPS_150_DFT_Li3PS4/run_Allegro_FPS_150_DFT_Li3PS4/last_model.pth

training
# Epoch batch         loss       loss_f       loss_e        f_mae       f_rmse     Li_f_mae      P_f_mae      S_f_mae  psavg_f_mae    Li_f_rmse     P_f_rmse     S_f_rmse psavg_f_rmse        e_mae      e/N_mae       e_rmse     e/N_rmse
     45    75      0.00845      0.00845     2.22e-06       0.0446       0.0601       0.0356       0.0807       0.0424       0.0529       0.0449        0.105       0.0545       0.0681        0.118     0.000923        0.125     0.000975

validation
# Epoch batch         loss       loss_f       loss_e        f_mae       f_rmse     Li_f_mae      P_f_mae      S_f_mae  psavg_f_mae    Li_f_rmse     P_f_rmse     S_f_rmse psavg_f_rmse        e_mae      e/N_mae       e_rmse     e/N_rmse
     45   100      0.00786      0.00786     3.16e-06       0.0427        0.058       0.0329        0.078       0.0413       0.0507       0.0421       0.0998       0.0539       0.0653        0.139      0.00108        0.149      0.00116
     45   160         0.02       0.0199     1.27e-05        0.065       0.0924       0.0438        0.111       0.0692       0.0748       0.0547        0.145       0.0978       0.0992        0.281       0.0022        0.298      0.00233


  Train      #    Epoch      wal       LR       loss_f       loss_e         loss        f_mae       f_rmse     Li_f_mae      P_f_mae      S_f_mae  psavg_f_mae    Li_f_rmse     P_f_rmse     S_f_rmse psavg_f_rmse        e_mae      e/N_mae       e_rmse     e/N_rmse
! Train              45  274.029    0.001       0.0141     0.000104       0.0142       0.0555       0.0778       0.0389       0.0965       0.0576       0.0643       0.0502        0.127       0.0783       0.0854         0.69      0.00539        0.855      0.00668
! Validation         45  274.029    0.001       0.0113     5.07e-06       0.0113       0.0489       0.0694       0.0351       0.0872       0.0496       0.0573        0.046        0.116       0.0684       0.0769        0.157      0.00123        0.189      0.00147
Wall time: 274.03006823093165
! Best model       45    0.011
Saved trainer to results/Allegro_FPS_150_DFT_Li3PS4/run_Allegro_FPS_150_DFT_Li3PS4/trainer.pth
Saved last model to to results/Allegro_FPS_150_DFT_Li3PS4/run_Allegro_FPS_150_DFT_Li3PS4/last_model.pth
EarlyStopping: 1 / 50

training
# Epoch batch         loss       loss_f       loss_e        f_mae       f_rmse     Li_f_mae      P_f_mae      S_f_mae  psavg_f_mae    Li_f_rmse     P_f_rmse     S_f_rmse psavg_f_rmse        e_mae      e/N_mae       e_rmse     e/N_rmse
     46    75      0.00832      0.00832     2.18e-06       0.0443       0.0597       0.0354       0.0802        0.042       0.0525       0.0446        0.104       0.0541       0.0676        0.117     0.000914        0.124     0.000966

validation
# Epoch batch         loss       loss_f       loss_e        f_mae       f_rmse     Li_f_mae      P_f_mae      S_f_mae  psavg_f_mae    Li_f_rmse     P_f_rmse     S_f_rmse psavg_f_rmse        e_mae      e/N_mae       e_rmse     e/N_rmse
     46   100      0.00779      0.00778        3e-06       0.0425       0.0577       0.0327       0.0778        0.041       0.0505       0.0418       0.0994       0.0537        0.065        0.136      0.00106        0.145      0.00113
     46   160       0.0198       0.0198     1.27e-05       0.0647       0.0921       0.0436        0.111       0.0689       0.0745       0.0544        0.145       0.0974       0.0989        0.281      0.00219        0.298      0.00233


  Train      #    Epoch      wal       LR       loss_f       loss_e         loss        f_mae       f_rmse     Li_f_mae      P_f_mae      S_f_mae  psavg_f_mae    Li_f_rmse     P_f_rmse     S_f_rmse psavg_f_rmse        e_mae      e/N_mae       e_rmse     e/N_rmse
! Train              46  279.795    0.001        0.014     0.000101       0.0141       0.0552       0.0774       0.0387       0.0962       0.0573       0.0641         0.05        0.127       0.0779        0.085        0.679      0.00531        0.843      0.00659
! Validation         46  279.795    0.001       0.0112      4.9e-06       0.0112       0.0486       0.0691       0.0349        0.087       0.0494       0.0571       0.0458        0.116       0.0681       0.0766        0.153       0.0012        0.185      0.00145
Wall time: 279.79614513297565
! Best model       46    0.011
Saved trainer to results/Allegro_FPS_150_DFT_Li3PS4/run_Allegro_FPS_150_DFT_Li3PS4/trainer.pth
Saved last model to to results/Allegro_FPS_150_DFT_Li3PS4/run_Allegro_FPS_150_DFT_Li3PS4/last_model.pth

training
# Epoch batch         loss       loss_f       loss_e        f_mae       f_rmse     Li_f_mae      P_f_mae      S_f_mae  psavg_f_mae    Li_f_rmse     P_f_rmse     S_f_rmse psavg_f_rmse        e_mae      e/N_mae       e_rmse     e/N_rmse
     47    75      0.00835      0.00834     2.16e-06       0.0443       0.0598       0.0353         0.08       0.0421       0.0525       0.0445        0.104       0.0545       0.0676        0.106     0.000831        0.123     0.000962

validation
# Epoch batch         loss       loss_f       loss_e        f_mae       f_rmse     Li_f_mae      P_f_mae      S_f_mae  psavg_f_mae    Li_f_rmse     P_f_rmse     S_f_rmse psavg_f_rmse        e_mae      e/N_mae       e_rmse     e/N_rmse
     47   100      0.00772      0.00771     3.36e-06       0.0423       0.0575       0.0325       0.0775       0.0408       0.0503       0.0416        0.099       0.0534       0.0647        0.145      0.00113        0.154       0.0012
     47   160       0.0197       0.0197     1.27e-05       0.0644       0.0917       0.0433        0.111       0.0686       0.0742       0.0541        0.145       0.0969       0.0985         0.28      0.00218        0.299      0.00233


  Train      #    Epoch      wal       LR       loss_f       loss_e         loss        f_mae       f_rmse     Li_f_mae      P_f_mae      S_f_mae  psavg_f_mae    Li_f_rmse     P_f_rmse     S_f_rmse psavg_f_rmse        e_mae      e/N_mae       e_rmse     e/N_rmse
! Train              47  285.696    0.001       0.0139     0.000103        0.014        0.055       0.0771       0.0385       0.0959       0.0572       0.0638       0.0498        0.127       0.0777       0.0847        0.682      0.00533        0.848      0.00662
! Validation         47  285.696    0.001       0.0111        5e-06       0.0111       0.0484       0.0689       0.0347       0.0867       0.0491       0.0569       0.0455        0.116       0.0678       0.0763        0.155      0.00121        0.187      0.00146
Wall time: 285.69713066192344
! Best model       47    0.011
Saved trainer to results/Allegro_FPS_150_DFT_Li3PS4/run_Allegro_FPS_150_DFT_Li3PS4/trainer.pth
Saved last model to to results/Allegro_FPS_150_DFT_Li3PS4/run_Allegro_FPS_150_DFT_Li3PS4/last_model.pth
EarlyStopping: 1 / 50

training
# Epoch batch         loss       loss_f       loss_e        f_mae       f_rmse     Li_f_mae      P_f_mae      S_f_mae  psavg_f_mae    Li_f_rmse     P_f_rmse     S_f_rmse psavg_f_rmse        e_mae      e/N_mae       e_rmse     e/N_rmse
     48    75      0.00834      0.00834     1.93e-06       0.0442       0.0597       0.0352       0.0797       0.0422       0.0524       0.0443        0.104       0.0546       0.0675        0.106     0.000829        0.116     0.000909

validation
# Epoch batch         loss       loss_f       loss_e        f_mae       f_rmse     Li_f_mae      P_f_mae      S_f_mae  psavg_f_mae    Li_f_rmse     P_f_rmse     S_f_rmse psavg_f_rmse        e_mae      e/N_mae       e_rmse     e/N_rmse
     48   100      0.00765      0.00765     2.83e-06       0.0421       0.0572       0.0323       0.0773       0.0407       0.0501       0.0413       0.0987       0.0532       0.0644        0.133      0.00104        0.141       0.0011
     48   160       0.0195       0.0195     1.24e-05       0.0641       0.0914       0.0431         0.11       0.0684       0.0739       0.0538        0.144       0.0965       0.0982        0.277      0.00217        0.295      0.00231


  Train      #    Epoch      wal       LR       loss_f       loss_e         loss        f_mae       f_rmse     Li_f_mae      P_f_mae      S_f_mae  psavg_f_mae    Li_f_rmse     P_f_rmse     S_f_rmse psavg_f_rmse        e_mae      e/N_mae       e_rmse     e/N_rmse
! Train              48  291.564    0.001       0.0138     0.000101       0.0139       0.0548       0.0768       0.0383       0.0956       0.0569       0.0636       0.0496        0.126       0.0773       0.0844        0.674      0.00527         0.84      0.00656
! Validation         48  291.564    0.001        0.011     4.63e-06        0.011       0.0482       0.0686       0.0345       0.0865       0.0489       0.0567       0.0453        0.115       0.0675        0.076        0.148      0.00116         0.18      0.00141
Wall time: 291.5644059149781
! Best model       48    0.011
Saved trainer to results/Allegro_FPS_150_DFT_Li3PS4/run_Allegro_FPS_150_DFT_Li3PS4/trainer.pth
Saved last model to to results/Allegro_FPS_150_DFT_Li3PS4/run_Allegro_FPS_150_DFT_Li3PS4/last_model.pth

training
# Epoch batch         loss       loss_f       loss_e        f_mae       f_rmse     Li_f_mae      P_f_mae      S_f_mae  psavg_f_mae    Li_f_rmse     P_f_rmse     S_f_rmse psavg_f_rmse        e_mae      e/N_mae       e_rmse     e/N_rmse
     49    75      0.00823      0.00822      3.8e-06       0.0439       0.0593       0.0351       0.0792       0.0418        0.052       0.0441        0.103       0.0542        0.067        0.131      0.00103        0.163      0.00128

validation
# Epoch batch         loss       loss_f       loss_e        f_mae       f_rmse     Li_f_mae      P_f_mae      S_f_mae  psavg_f_mae    Li_f_rmse     P_f_rmse     S_f_rmse psavg_f_rmse        e_mae      e/N_mae       e_rmse     e/N_rmse
     49   100      0.00759      0.00758     3.22e-06       0.0419        0.057       0.0321        0.077       0.0405       0.0499       0.0411       0.0984        0.053       0.0641        0.142      0.00111         0.15      0.00117
     49   160       0.0194       0.0194     1.31e-05       0.0639       0.0911       0.0429         0.11       0.0681       0.0737       0.0536        0.144       0.0962       0.0979        0.282       0.0022        0.303      0.00237


  Train      #    Epoch      wal       LR       loss_f       loss_e         loss        f_mae       f_rmse     Li_f_mae      P_f_mae      S_f_mae  psavg_f_mae    Li_f_rmse     P_f_rmse     S_f_rmse psavg_f_rmse        e_mae      e/N_mae       e_rmse     e/N_rmse
! Train              49  297.365    0.001       0.0137     0.000102       0.0138       0.0545       0.0765       0.0382       0.0953       0.0566       0.0633       0.0494        0.126       0.0768        0.084         0.68      0.00531        0.847      0.00662
! Validation         49  297.365    0.001       0.0109     4.77e-06       0.0109        0.048       0.0683       0.0344       0.0863       0.0487       0.0565        0.045        0.115       0.0672       0.0757         0.15      0.00118        0.183      0.00143
Wall time: 297.3654940339038
! Best model       49    0.011
Saved trainer to results/Allegro_FPS_150_DFT_Li3PS4/run_Allegro_FPS_150_DFT_Li3PS4/trainer.pth
Saved last model to to results/Allegro_FPS_150_DFT_Li3PS4/run_Allegro_FPS_150_DFT_Li3PS4/last_model.pth
EarlyStopping: 1 / 50

training
# Epoch batch         loss       loss_f       loss_e        f_mae       f_rmse     Li_f_mae      P_f_mae      S_f_mae  psavg_f_mae    Li_f_rmse     P_f_rmse     S_f_rmse psavg_f_rmse        e_mae      e/N_mae       e_rmse     e/N_rmse
     50    75      0.00827      0.00826     1.84e-06        0.044       0.0595       0.0351       0.0791        0.042        0.052       0.0441        0.103       0.0546       0.0671       0.0893     0.000698        0.114     0.000888

validation
# Epoch batch         loss       loss_f       loss_e        f_mae       f_rmse     Li_f_mae      P_f_mae      S_f_mae  psavg_f_mae    Li_f_rmse     P_f_rmse     S_f_rmse psavg_f_rmse        e_mae      e/N_mae       e_rmse     e/N_rmse
     50   100      0.00753      0.00752     3.04e-06       0.0417       0.0567       0.0319       0.0768       0.0403       0.0497       0.0408       0.0981       0.0528       0.0639        0.139      0.00108        0.146      0.00114
     50   160       0.0193       0.0193      1.3e-05       0.0636       0.0908       0.0427         0.11       0.0678       0.0734       0.0533        0.144       0.0958       0.0976        0.279      0.00218        0.302      0.00236


  Train      #    Epoch      wal       LR       loss_f       loss_e         loss        f_mae       f_rmse     Li_f_mae      P_f_mae      S_f_mae  psavg_f_mae    Li_f_rmse     P_f_rmse     S_f_rmse psavg_f_rmse        e_mae      e/N_mae       e_rmse     e/N_rmse
! Train              50  303.183    0.001       0.0136     9.84e-05       0.0137       0.0543       0.0762        0.038        0.095       0.0564       0.0631       0.0492        0.126       0.0766       0.0838        0.662      0.00517         0.83      0.00649
! Validation         50  303.183    0.001       0.0108     4.63e-06       0.0108       0.0478       0.0681       0.0342       0.0861       0.0485       0.0563       0.0448        0.115       0.0669       0.0755        0.147      0.00115         0.18      0.00141
Wall time: 303.1840902059339
! Best model       50    0.011
Saved trainer to results/Allegro_FPS_150_DFT_Li3PS4/run_Allegro_FPS_150_DFT_Li3PS4/trainer.pth
Saved last model to to results/Allegro_FPS_150_DFT_Li3PS4/run_Allegro_FPS_150_DFT_Li3PS4/last_model.pth

training
# Epoch batch         loss       loss_f       loss_e        f_mae       f_rmse     Li_f_mae      P_f_mae      S_f_mae  psavg_f_mae    Li_f_rmse     P_f_rmse     S_f_rmse psavg_f_rmse        e_mae      e/N_mae       e_rmse     e/N_rmse
     51    75      0.00824      0.00824     2.95e-06        0.044       0.0594       0.0349       0.0787        0.042       0.0519        0.044        0.102       0.0547        0.067        0.121     0.000944        0.144      0.00112

validation
# Epoch batch         loss       loss_f       loss_e        f_mae       f_rmse     Li_f_mae      P_f_mae      S_f_mae  psavg_f_mae    Li_f_rmse     P_f_rmse     S_f_rmse psavg_f_rmse        e_mae      e/N_mae       e_rmse     e/N_rmse
     51   100      0.00747      0.00747     2.32e-06       0.0415       0.0565       0.0317       0.0765       0.0401       0.0495       0.0406       0.0978       0.0526       0.0636        0.119      0.00093        0.127     0.000995
     51   160       0.0191       0.0191     1.23e-05       0.0634       0.0905       0.0425        0.109       0.0676       0.0731       0.0531        0.143       0.0955       0.0973        0.275      0.00214        0.293      0.00229


  Train      #    Epoch      wal       LR       loss_f       loss_e         loss        f_mae       f_rmse     Li_f_mae      P_f_mae      S_f_mae  psavg_f_mae    Li_f_rmse     P_f_rmse     S_f_rmse psavg_f_rmse        e_mae      e/N_mae       e_rmse     e/N_rmse
! Train              51  308.981    0.001       0.0135     0.000101       0.0136       0.0541       0.0759       0.0379       0.0947       0.0562       0.0629        0.049        0.125       0.0762       0.0835        0.668      0.00522         0.84      0.00656
! Validation         51  308.981    0.001       0.0108      4.2e-06       0.0108       0.0476       0.0679        0.034       0.0859       0.0483       0.0561       0.0446        0.114       0.0667       0.0753        0.138      0.00108        0.172      0.00134
Wall time: 308.9823280449491
! Best model       51    0.011
Saved trainer to results/Allegro_FPS_150_DFT_Li3PS4/run_Allegro_FPS_150_DFT_Li3PS4/trainer.pth
Saved last model to to results/Allegro_FPS_150_DFT_Li3PS4/run_Allegro_FPS_150_DFT_Li3PS4/last_model.pth
EarlyStopping: 1 / 50

training
# Epoch batch         loss       loss_f       loss_e        f_mae       f_rmse     Li_f_mae      P_f_mae      S_f_mae  psavg_f_mae    Li_f_rmse     P_f_rmse     S_f_rmse psavg_f_rmse        e_mae      e/N_mae       e_rmse     e/N_rmse
     52    75      0.00834      0.00834     2.61e-06       0.0443       0.0597        0.035       0.0783       0.0427        0.052       0.0441        0.102       0.0555       0.0671        0.113     0.000883        0.135      0.00106

validation
# Epoch batch         loss       loss_f       loss_e        f_mae       f_rmse     Li_f_mae      P_f_mae      S_f_mae  psavg_f_mae    Li_f_rmse     P_f_rmse     S_f_rmse psavg_f_rmse        e_mae      e/N_mae       e_rmse     e/N_rmse
     52   100      0.00741      0.00741     2.61e-06       0.0413       0.0563       0.0316       0.0763       0.0399       0.0493       0.0404       0.0975       0.0524       0.0634        0.128        0.001        0.135      0.00106
     52   160        0.019        0.019     1.28e-05       0.0631       0.0902       0.0423        0.109       0.0673       0.0728       0.0528        0.143       0.0952       0.0971        0.278      0.00217          0.3      0.00234


  Train      #    Epoch      wal       LR       loss_f       loss_e         loss        f_mae       f_rmse     Li_f_mae      P_f_mae      S_f_mae  psavg_f_mae    Li_f_rmse     P_f_rmse     S_f_rmse psavg_f_rmse        e_mae      e/N_mae       e_rmse     e/N_rmse
! Train              52  314.780    0.001       0.0134      9.8e-05       0.0135        0.054       0.0757       0.0378       0.0945        0.056       0.0628       0.0488        0.125        0.076       0.0832        0.659      0.00515        0.829      0.00648
! Validation         52  314.780    0.001       0.0107     4.31e-06       0.0107       0.0475       0.0677       0.0339       0.0857       0.0481       0.0559       0.0444        0.114       0.0664        0.075         0.14       0.0011        0.174      0.00136
Wall time: 314.78117921494413
! Best model       52    0.011
Saved trainer to results/Allegro_FPS_150_DFT_Li3PS4/run_Allegro_FPS_150_DFT_Li3PS4/trainer.pth
Saved last model to to results/Allegro_FPS_150_DFT_Li3PS4/run_Allegro_FPS_150_DFT_Li3PS4/last_model.pth

training
# Epoch batch         loss       loss_f       loss_e        f_mae       f_rmse     Li_f_mae      P_f_mae      S_f_mae  psavg_f_mae    Li_f_rmse     P_f_rmse     S_f_rmse psavg_f_rmse        e_mae      e/N_mae       e_rmse     e/N_rmse
     53    75      0.00839      0.00839     2.82e-06       0.0444       0.0599       0.0349       0.0782       0.0431       0.0521        0.044        0.102        0.056       0.0672        0.124     0.000971        0.141       0.0011

validation
# Epoch batch         loss       loss_f       loss_e        f_mae       f_rmse     Li_f_mae      P_f_mae      S_f_mae  psavg_f_mae    Li_f_rmse     P_f_rmse     S_f_rmse psavg_f_rmse        e_mae      e/N_mae       e_rmse     e/N_rmse
     53   100      0.00736      0.00736     2.28e-06       0.0412       0.0561       0.0314       0.0762       0.0398       0.0491       0.0401       0.0972       0.0522       0.0632        0.118     0.000924        0.126     0.000987
     53   160       0.0189       0.0189     1.25e-05       0.0629         0.09       0.0421        0.109       0.0671       0.0726       0.0526        0.143       0.0949       0.0968        0.275      0.00215        0.296      0.00231


  Train      #    Epoch      wal       LR       loss_f       loss_e         loss        f_mae       f_rmse     Li_f_mae      P_f_mae      S_f_mae  psavg_f_mae    Li_f_rmse     P_f_rmse     S_f_rmse psavg_f_rmse        e_mae      e/N_mae       e_rmse     e/N_rmse
! Train              53  320.682    0.001       0.0133     9.38e-05       0.0134       0.0538       0.0755       0.0376       0.0943       0.0558       0.0626       0.0486        0.125       0.0758        0.083        0.648      0.00506        0.811      0.00634
! Validation         53  320.682    0.001       0.0106     4.07e-06       0.0106       0.0473       0.0675       0.0337       0.0856       0.0479       0.0557       0.0442        0.114       0.0662       0.0748        0.135      0.00105        0.169      0.00132
Wall time: 320.6832825219026
! Best model       53    0.011
Saved trainer to results/Allegro_FPS_150_DFT_Li3PS4/run_Allegro_FPS_150_DFT_Li3PS4/trainer.pth
Saved last model to to results/Allegro_FPS_150_DFT_Li3PS4/run_Allegro_FPS_150_DFT_Li3PS4/last_model.pth
EarlyStopping: 1 / 50

training
# Epoch batch         loss       loss_f       loss_e        f_mae       f_rmse     Li_f_mae      P_f_mae      S_f_mae  psavg_f_mae    Li_f_rmse     P_f_rmse     S_f_rmse psavg_f_rmse        e_mae      e/N_mae       e_rmse     e/N_rmse
     54    75      0.00861       0.0086     4.99e-06        0.045       0.0607       0.0351       0.0784       0.0442       0.0525       0.0441        0.102       0.0574       0.0679        0.179       0.0014        0.187      0.00146

validation
# Epoch batch         loss       loss_f       loss_e        f_mae       f_rmse     Li_f_mae      P_f_mae      S_f_mae  psavg_f_mae    Li_f_rmse     P_f_rmse     S_f_rmse psavg_f_rmse        e_mae      e/N_mae       e_rmse     e/N_rmse
     54   100      0.00731      0.00731     2.24e-06        0.041       0.0559       0.0312        0.076       0.0396        0.049       0.0399        0.097       0.0521        0.063        0.117     0.000914        0.125     0.000979
     54   160       0.0188       0.0188     1.24e-05       0.0627       0.0897       0.0419        0.108       0.0668       0.0724       0.0524        0.143       0.0946       0.0966        0.273      0.00214        0.295       0.0023


  Train      #    Epoch      wal       LR       loss_f       loss_e         loss        f_mae       f_rmse     Li_f_mae      P_f_mae      S_f_mae  psavg_f_mae    Li_f_rmse     P_f_rmse     S_f_rmse psavg_f_rmse        e_mae      e/N_mae       e_rmse     e/N_rmse
! Train              54  326.470    0.001       0.0133     9.44e-05       0.0134       0.0538       0.0754       0.0375       0.0942       0.0559       0.0625       0.0485        0.124       0.0757       0.0829        0.647      0.00506        0.814      0.00636
! Validation         54  326.470    0.001       0.0106     3.98e-06       0.0106       0.0471       0.0673       0.0336       0.0854       0.0477       0.0556        0.044        0.114        0.066       0.0746        0.132      0.00103        0.167       0.0013
Wall time: 326.47120772395283
! Best model       54    0.011
Saved trainer to results/Allegro_FPS_150_DFT_Li3PS4/run_Allegro_FPS_150_DFT_Li3PS4/trainer.pth
Saved last model to to results/Allegro_FPS_150_DFT_Li3PS4/run_Allegro_FPS_150_DFT_Li3PS4/last_model.pth

training
# Epoch batch         loss       loss_f       loss_e        f_mae       f_rmse     Li_f_mae      P_f_mae      S_f_mae  psavg_f_mae    Li_f_rmse     P_f_rmse     S_f_rmse psavg_f_rmse        e_mae      e/N_mae       e_rmse     e/N_rmse
     55    75      0.00885      0.00884     5.84e-06       0.0457       0.0615       0.0351        0.078       0.0456       0.0529       0.0442        0.102       0.0592       0.0684        0.196      0.00153        0.202      0.00158

validation
# Epoch batch         loss       loss_f       loss_e        f_mae       f_rmse     Li_f_mae      P_f_mae      S_f_mae  psavg_f_mae    Li_f_rmse     P_f_rmse     S_f_rmse psavg_f_rmse        e_mae      e/N_mae       e_rmse     e/N_rmse
     55   100      0.00727      0.00727      2.3e-06       0.0409       0.0558       0.0311       0.0758       0.0395       0.0488       0.0397       0.0968       0.0519       0.0628        0.119     0.000929        0.127     0.000993
     55   160       0.0187       0.0187     1.27e-05       0.0625       0.0895       0.0417        0.108       0.0666       0.0722       0.0522        0.143       0.0943       0.0964        0.276      0.00215        0.298      0.00233


  Train      #    Epoch      wal       LR       loss_f       loss_e         loss        f_mae       f_rmse     Li_f_mae      P_f_mae      S_f_mae  psavg_f_mae    Li_f_rmse     P_f_rmse     S_f_rmse psavg_f_rmse        e_mae      e/N_mae       e_rmse     e/N_rmse
! Train              55  332.689    0.001       0.0132     9.09e-05       0.0133       0.0536       0.0752       0.0374        0.094       0.0557       0.0624       0.0483        0.124       0.0755       0.0827        0.637      0.00498        0.798      0.00624
! Validation         55  332.689    0.001       0.0105     4.03e-06       0.0105        0.047       0.0671       0.0334       0.0853       0.0476       0.0554       0.0438        0.114       0.0658       0.0744        0.133      0.00104        0.168      0.00131
Wall time: 332.69011016900185
! Best model       55    0.011
Saved trainer to results/Allegro_FPS_150_DFT_Li3PS4/run_Allegro_FPS_150_DFT_Li3PS4/trainer.pth
Saved last model to to results/Allegro_FPS_150_DFT_Li3PS4/run_Allegro_FPS_150_DFT_Li3PS4/last_model.pth
EarlyStopping: 1 / 50

training
# Epoch batch         loss       loss_f       loss_e        f_mae       f_rmse     Li_f_mae      P_f_mae      S_f_mae  psavg_f_mae    Li_f_rmse     P_f_rmse     S_f_rmse psavg_f_rmse        e_mae      e/N_mae       e_rmse     e/N_rmse
     56    75      0.00906      0.00905     1.03e-05       0.0462       0.0622       0.0351       0.0782       0.0466       0.0533       0.0443        0.102       0.0605        0.069        0.265      0.00207        0.268       0.0021

validation
# Epoch batch         loss       loss_f       loss_e        f_mae       f_rmse     Li_f_mae      P_f_mae      S_f_mae  psavg_f_mae    Li_f_rmse     P_f_rmse     S_f_rmse psavg_f_rmse        e_mae      e/N_mae       e_rmse     e/N_rmse
     56   100      0.00722      0.00722     2.49e-06       0.0407       0.0556       0.0309       0.0755       0.0394       0.0486       0.0395       0.0965       0.0517       0.0626        0.124     0.000968        0.132      0.00103
     56   160       0.0186       0.0186      1.3e-05       0.0622       0.0893       0.0415        0.108       0.0664       0.0719        0.052        0.143        0.094       0.0962        0.276      0.00216        0.302      0.00236


  Train      #    Epoch      wal       LR       loss_f       loss_e         loss        f_mae       f_rmse     Li_f_mae      P_f_mae      S_f_mae  psavg_f_mae    Li_f_rmse     P_f_rmse     S_f_rmse psavg_f_rmse        e_mae      e/N_mae       e_rmse     e/N_rmse
! Train              56  338.552    0.001       0.0132     8.93e-05       0.0132       0.0535        0.075       0.0372       0.0939       0.0556       0.0623       0.0481        0.124       0.0754       0.0825        0.633      0.00494        0.791      0.00618
! Validation         56  338.552    0.001       0.0105     4.09e-06       0.0105       0.0468       0.0669       0.0333       0.0852       0.0474       0.0553       0.0436        0.114       0.0656       0.0742        0.134      0.00105        0.169      0.00132
Wall time: 338.55324584199116
! Best model       56    0.010
Saved trainer to results/Allegro_FPS_150_DFT_Li3PS4/run_Allegro_FPS_150_DFT_Li3PS4/trainer.pth
Saved last model to to results/Allegro_FPS_150_DFT_Li3PS4/run_Allegro_FPS_150_DFT_Li3PS4/last_model.pth

training
# Epoch batch         loss       loss_f       loss_e        f_mae       f_rmse     Li_f_mae      P_f_mae      S_f_mae  psavg_f_mae    Li_f_rmse     P_f_rmse     S_f_rmse psavg_f_rmse        e_mae      e/N_mae       e_rmse     e/N_rmse
     57    75      0.00917      0.00916     1.05e-05       0.0464       0.0626       0.0352       0.0786       0.0468       0.0536       0.0446        0.103       0.0608       0.0695         0.27      0.00211        0.271      0.00212

validation
# Epoch batch         loss       loss_f       loss_e        f_mae       f_rmse     Li_f_mae      P_f_mae      S_f_mae  psavg_f_mae    Li_f_rmse     P_f_rmse     S_f_rmse psavg_f_rmse        e_mae      e/N_mae       e_rmse     e/N_rmse
     57   100      0.00718      0.00718      2.2e-06       0.0406       0.0554       0.0308       0.0754       0.0393       0.0485       0.0393       0.0963       0.0516       0.0624        0.115     0.000899        0.124      0.00097
     57   160       0.0186       0.0186     1.29e-05       0.0621       0.0891       0.0414        0.108       0.0661       0.0718       0.0518        0.142       0.0938        0.096        0.275      0.00215          0.3      0.00235


  Train      #    Epoch      wal       LR       loss_f       loss_e         loss        f_mae       f_rmse     Li_f_mae      P_f_mae      S_f_mae  psavg_f_mae    Li_f_rmse     P_f_rmse     S_f_rmse psavg_f_rmse        e_mae      e/N_mae       e_rmse     e/N_rmse
! Train              57  344.535    0.001       0.0131     8.26e-05       0.0132       0.0534       0.0749       0.0371       0.0938       0.0555       0.0621       0.0479        0.124       0.0752       0.0823        0.612      0.00478        0.761      0.00594
! Validation         57  344.535    0.001       0.0104     3.88e-06       0.0104       0.0467       0.0667       0.0331       0.0851       0.0473       0.0552       0.0435        0.113       0.0654       0.0741        0.129        0.001        0.165      0.00129
Wall time: 344.53604824794456
! Best model       57    0.010
Saved trainer to results/Allegro_FPS_150_DFT_Li3PS4/run_Allegro_FPS_150_DFT_Li3PS4/trainer.pth
Saved last model to to results/Allegro_FPS_150_DFT_Li3PS4/run_Allegro_FPS_150_DFT_Li3PS4/last_model.pth
EarlyStopping: 1 / 50

training
# Epoch batch         loss       loss_f       loss_e        f_mae       f_rmse     Li_f_mae      P_f_mae      S_f_mae  psavg_f_mae    Li_f_rmse     P_f_rmse     S_f_rmse psavg_f_rmse        e_mae      e/N_mae       e_rmse     e/N_rmse
     58    75      0.00942      0.00941     1.67e-05       0.0471       0.0634       0.0353       0.0791       0.0479       0.0541       0.0447        0.104       0.0622       0.0702        0.341      0.00266        0.342      0.00267

validation
# Epoch batch         loss       loss_f       loss_e        f_mae       f_rmse     Li_f_mae      P_f_mae      S_f_mae  psavg_f_mae    Li_f_rmse     P_f_rmse     S_f_rmse psavg_f_rmse        e_mae      e/N_mae       e_rmse     e/N_rmse
     58   100      0.00715      0.00715     2.05e-06       0.0405       0.0553       0.0306       0.0753       0.0392       0.0484       0.0392       0.0961       0.0515       0.0623         0.11     0.000857         0.12     0.000937
     58   160       0.0185       0.0185     1.27e-05       0.0619       0.0889       0.0412        0.108       0.0659       0.0716       0.0516        0.142       0.0935       0.0958        0.274      0.00214        0.299      0.00233


  Train      #    Epoch      wal       LR       loss_f       loss_e         loss        f_mae       f_rmse     Li_f_mae      P_f_mae      S_f_mae  psavg_f_mae    Li_f_rmse     P_f_rmse     S_f_rmse psavg_f_rmse        e_mae      e/N_mae       e_rmse     e/N_rmse
! Train              58  350.416    0.001       0.0131     8.12e-05       0.0131       0.0533       0.0748       0.0369       0.0937       0.0555        0.062       0.0478        0.124       0.0751       0.0822        0.608      0.00475        0.754      0.00589
! Validation         58  350.416    0.001       0.0104     3.75e-06       0.0104       0.0466       0.0666        0.033       0.0849       0.0471        0.055       0.0433        0.113       0.0652       0.0739        0.125     0.000975        0.162      0.00127
Wall time: 350.4171103409026
! Best model       58    0.010
Saved trainer to results/Allegro_FPS_150_DFT_Li3PS4/run_Allegro_FPS_150_DFT_Li3PS4/trainer.pth
Saved last model to to results/Allegro_FPS_150_DFT_Li3PS4/run_Allegro_FPS_150_DFT_Li3PS4/last_model.pth

training
# Epoch batch         loss       loss_f       loss_e        f_mae       f_rmse     Li_f_mae      P_f_mae      S_f_mae  psavg_f_mae    Li_f_rmse     P_f_rmse     S_f_rmse psavg_f_rmse        e_mae      e/N_mae       e_rmse     e/N_rmse
     59    75      0.00927      0.00924     2.99e-05       0.0466       0.0629       0.0352       0.0794       0.0468       0.0538       0.0447        0.104       0.0609       0.0699        0.457      0.00357        0.458      0.00358

validation
# Epoch batch         loss       loss_f       loss_e        f_mae       f_rmse     Li_f_mae      P_f_mae      S_f_mae  psavg_f_mae    Li_f_rmse     P_f_rmse     S_f_rmse psavg_f_rmse        e_mae      e/N_mae       e_rmse     e/N_rmse
     59   100      0.00711      0.00711      2.3e-06       0.0404       0.0552       0.0305       0.0752        0.039       0.0482        0.039        0.096       0.0514       0.0621        0.118     0.000918        0.127     0.000991
     59   160       0.0184       0.0184     1.29e-05       0.0617       0.0887       0.0411        0.107       0.0657       0.0714       0.0514        0.142       0.0933       0.0956        0.274      0.00214        0.301      0.00235


  Train      #    Epoch      wal       LR       loss_f       loss_e         loss        f_mae       f_rmse     Li_f_mae      P_f_mae      S_f_mae  psavg_f_mae    Li_f_rmse     P_f_rmse     S_f_rmse psavg_f_rmse        e_mae      e/N_mae       e_rmse     e/N_rmse
! Train              59  356.359    0.001        0.013     8.17e-05       0.0131       0.0532       0.0746       0.0368       0.0937       0.0554        0.062       0.0476        0.124        0.075       0.0821         0.61      0.00476        0.757      0.00591
! Validation         59  356.359    0.001       0.0103      3.9e-06       0.0103       0.0464       0.0664       0.0329       0.0848        0.047       0.0549       0.0431        0.113        0.065       0.0738        0.129      0.00101        0.165      0.00129
Wall time: 356.36007713596337
! Best model       59    0.010
Saved trainer to results/Allegro_FPS_150_DFT_Li3PS4/run_Allegro_FPS_150_DFT_Li3PS4/trainer.pth
Saved last model to to results/Allegro_FPS_150_DFT_Li3PS4/run_Allegro_FPS_150_DFT_Li3PS4/last_model.pth
EarlyStopping: 1 / 50

training
# Epoch batch         loss       loss_f       loss_e        f_mae       f_rmse     Li_f_mae      P_f_mae      S_f_mae  psavg_f_mae    Li_f_rmse     P_f_rmse     S_f_rmse psavg_f_rmse        e_mae      e/N_mae       e_rmse     e/N_rmse
     60    75      0.00905      0.00901     4.03e-05       0.0458       0.0621       0.0351       0.0795       0.0455       0.0534       0.0445        0.104       0.0592       0.0693        0.531      0.00415        0.531      0.00415

validation
# Epoch batch         loss       loss_f       loss_e        f_mae       f_rmse     Li_f_mae      P_f_mae      S_f_mae  psavg_f_mae    Li_f_rmse     P_f_rmse     S_f_rmse psavg_f_rmse        e_mae      e/N_mae       e_rmse     e/N_rmse
     60   100      0.00708      0.00707     2.46e-06       0.0402        0.055       0.0304       0.0751       0.0389       0.0481       0.0388       0.0958       0.0513        0.062        0.122     0.000951        0.131      0.00103
     60   160       0.0183       0.0183     1.32e-05       0.0615       0.0885       0.0409        0.107       0.0655       0.0712       0.0512        0.142       0.0931       0.0955        0.274      0.00214        0.305      0.00238


  Train      #    Epoch      wal       LR       loss_f       loss_e         loss        f_mae       f_rmse     Li_f_mae      P_f_mae      S_f_mae  psavg_f_mae    Li_f_rmse     P_f_rmse     S_f_rmse psavg_f_rmse        e_mae      e/N_mae       e_rmse     e/N_rmse
! Train              60  362.345    0.001        0.013      7.6e-05        0.013       0.0531       0.0745       0.0366       0.0936       0.0552       0.0618       0.0473        0.124       0.0747       0.0819        0.583      0.00455         0.73       0.0057
! Validation         60  362.345    0.001       0.0103     3.96e-06       0.0103       0.0463       0.0663       0.0328       0.0847       0.0468       0.0548        0.043        0.113       0.0648       0.0736         0.13      0.00102        0.167       0.0013
Wall time: 362.34587424993515
! Best model       60    0.010
Saved trainer to results/Allegro_FPS_150_DFT_Li3PS4/run_Allegro_FPS_150_DFT_Li3PS4/trainer.pth
Saved last model to to results/Allegro_FPS_150_DFT_Li3PS4/run_Allegro_FPS_150_DFT_Li3PS4/last_model.pth
EarlyStopping: 2 / 50

training
# Epoch batch         loss       loss_f       loss_e        f_mae       f_rmse     Li_f_mae      P_f_mae      S_f_mae  psavg_f_mae    Li_f_rmse     P_f_rmse     S_f_rmse psavg_f_rmse        e_mae      e/N_mae       e_rmse     e/N_rmse
     61    75      0.00873       0.0087     3.02e-05        0.045        0.061       0.0348       0.0794        0.044       0.0527       0.0443        0.104       0.0571       0.0685         0.46      0.00359         0.46      0.00359

validation
# Epoch batch         loss       loss_f       loss_e        f_mae       f_rmse     Li_f_mae      P_f_mae      S_f_mae  psavg_f_mae    Li_f_rmse     P_f_rmse     S_f_rmse psavg_f_rmse        e_mae      e/N_mae       e_rmse     e/N_rmse
     61   100      0.00704      0.00704     2.56e-06       0.0401       0.0549       0.0303       0.0749       0.0388        0.048       0.0387       0.0956       0.0511       0.0618        0.124     0.000968        0.134      0.00105
     61   160       0.0183       0.0183     1.35e-05       0.0614       0.0884       0.0408        0.107       0.0654       0.0711       0.0511        0.142       0.0929       0.0953        0.275      0.00215        0.307       0.0024


  Train      #    Epoch      wal       LR       loss_f       loss_e         loss        f_mae       f_rmse     Li_f_mae      P_f_mae      S_f_mae  psavg_f_mae    Li_f_rmse     P_f_rmse     S_f_rmse psavg_f_rmse        e_mae      e/N_mae       e_rmse     e/N_rmse
! Train              61  368.230    0.001       0.0129     7.12e-05        0.013       0.0529       0.0742       0.0365       0.0935       0.0551       0.0617       0.0472        0.123       0.0745       0.0817        0.561      0.00438        0.706      0.00552
! Validation         61  368.230    0.001       0.0102     4.02e-06       0.0102       0.0462       0.0661       0.0327       0.0846       0.0467       0.0547       0.0429        0.113       0.0647       0.0735        0.132      0.00103        0.168      0.00131
Wall time: 368.23110073490534
! Best model       61    0.010
Saved trainer to results/Allegro_FPS_150_DFT_Li3PS4/run_Allegro_FPS_150_DFT_Li3PS4/trainer.pth
Saved last model to to results/Allegro_FPS_150_DFT_Li3PS4/run_Allegro_FPS_150_DFT_Li3PS4/last_model.pth

training
# Epoch batch         loss       loss_f       loss_e        f_mae       f_rmse     Li_f_mae      P_f_mae      S_f_mae  psavg_f_mae    Li_f_rmse     P_f_rmse     S_f_rmse psavg_f_rmse        e_mae      e/N_mae       e_rmse     e/N_rmse
     62    75      0.00849      0.00847     2.49e-05       0.0444       0.0602       0.0346        0.079        0.043       0.0522        0.044        0.104       0.0557       0.0678        0.418      0.00327        0.418      0.00327

validation
# Epoch batch         loss       loss_f       loss_e        f_mae       f_rmse     Li_f_mae      P_f_mae      S_f_mae  psavg_f_mae    Li_f_rmse     P_f_rmse     S_f_rmse psavg_f_rmse        e_mae      e/N_mae       e_rmse     e/N_rmse
     62   100      0.00701        0.007     2.54e-06         0.04       0.0547       0.0302       0.0748       0.0387       0.0479       0.0386       0.0955        0.051       0.0617        0.124     0.000967        0.133      0.00104
     62   160       0.0182       0.0182      1.3e-05       0.0612       0.0883       0.0407        0.107       0.0652        0.071       0.0509        0.142       0.0927       0.0952        0.272      0.00212        0.302      0.00236


  Train      #    Epoch      wal       LR       loss_f       loss_e         loss        f_mae       f_rmse     Li_f_mae      P_f_mae      S_f_mae  psavg_f_mae    Li_f_rmse     P_f_rmse     S_f_rmse psavg_f_rmse        e_mae      e/N_mae       e_rmse     e/N_rmse
! Train              62  374.155    0.001       0.0128     6.87e-05       0.0128       0.0527       0.0739       0.0363       0.0933       0.0548       0.0615        0.047        0.123       0.0741       0.0814        0.549      0.00429        0.694      0.00542
! Validation         62  374.155    0.001       0.0102     3.95e-06       0.0102       0.0461        0.066       0.0326       0.0846       0.0466       0.0546       0.0427        0.113       0.0645       0.0733        0.131      0.00102        0.166       0.0013
Wall time: 374.1556841129204
! Best model       62    0.010
Saved trainer to results/Allegro_FPS_150_DFT_Li3PS4/run_Allegro_FPS_150_DFT_Li3PS4/trainer.pth
Saved last model to to results/Allegro_FPS_150_DFT_Li3PS4/run_Allegro_FPS_150_DFT_Li3PS4/last_model.pth
EarlyStopping: 1 / 50

training
# Epoch batch         loss       loss_f       loss_e        f_mae       f_rmse     Li_f_mae      P_f_mae      S_f_mae  psavg_f_mae    Li_f_rmse     P_f_rmse     S_f_rmse psavg_f_rmse        e_mae      e/N_mae       e_rmse     e/N_rmse
     63    75      0.00821      0.00819     1.78e-05       0.0436       0.0592       0.0343       0.0784       0.0418       0.0515       0.0438        0.103       0.0541        0.067        0.354      0.00276        0.354      0.00276

validation
# Epoch batch         loss       loss_f       loss_e        f_mae       f_rmse     Li_f_mae      P_f_mae      S_f_mae  psavg_f_mae    Li_f_rmse     P_f_rmse     S_f_rmse psavg_f_rmse        e_mae      e/N_mae       e_rmse     e/N_rmse
     63   100      0.00697      0.00696     2.32e-06       0.0399       0.0546       0.0301       0.0747       0.0386       0.0478       0.0384       0.0952       0.0508       0.0615        0.118     0.000921        0.128     0.000997
     63   160       0.0181       0.0181     1.25e-05       0.0611       0.0881       0.0406        0.107        0.065       0.0708       0.0508        0.142       0.0926        0.095        0.268       0.0021        0.296      0.00232


  Train      #    Epoch      wal       LR       loss_f       loss_e         loss        f_mae       f_rmse     Li_f_mae      P_f_mae      S_f_mae  psavg_f_mae    Li_f_rmse     P_f_rmse     S_f_rmse psavg_f_rmse        e_mae      e/N_mae       e_rmse     e/N_rmse
! Train              63  380.108    0.001       0.0127      6.9e-05       0.0127       0.0525       0.0737       0.0362       0.0931       0.0545       0.0613       0.0468        0.123       0.0737       0.0811        0.549      0.00429        0.695      0.00543
! Validation         63  380.108    0.001       0.0101     3.78e-06       0.0101        0.046       0.0659       0.0325       0.0845       0.0464       0.0545       0.0426        0.113       0.0643       0.0732        0.127     0.000991        0.163      0.00127
Wall time: 380.10912447597366
! Best model       63    0.010
Saved trainer to results/Allegro_FPS_150_DFT_Li3PS4/run_Allegro_FPS_150_DFT_Li3PS4/trainer.pth
Saved last model to to results/Allegro_FPS_150_DFT_Li3PS4/run_Allegro_FPS_150_DFT_Li3PS4/last_model.pth
EarlyStopping: 2 / 50

training
# Epoch batch         loss       loss_f       loss_e        f_mae       f_rmse     Li_f_mae      P_f_mae      S_f_mae  psavg_f_mae    Li_f_rmse     P_f_rmse     S_f_rmse psavg_f_rmse        e_mae      e/N_mae       e_rmse     e/N_rmse
     64    75      0.00819      0.00817     2.37e-05       0.0435       0.0591       0.0342       0.0782       0.0418       0.0514       0.0438        0.103        0.054       0.0668        0.407      0.00318        0.408      0.00318

validation
# Epoch batch         loss       loss_f       loss_e        f_mae       f_rmse     Li_f_mae      P_f_mae      S_f_mae  psavg_f_mae    Li_f_rmse     P_f_rmse     S_f_rmse psavg_f_rmse        e_mae      e/N_mae       e_rmse     e/N_rmse
     64   100      0.00694      0.00693     2.26e-06       0.0398       0.0545         0.03       0.0746       0.0385       0.0477       0.0383       0.0951       0.0507       0.0614        0.117     0.000912        0.126     0.000983
     64   160       0.0181       0.0181      1.2e-05       0.0609        0.088       0.0405        0.107       0.0648       0.0706       0.0506        0.142       0.0924       0.0949        0.264      0.00207         0.29      0.00227


  Train      #    Epoch      wal       LR       loss_f       loss_e         loss        f_mae       f_rmse     Li_f_mae      P_f_mae      S_f_mae  psavg_f_mae    Li_f_rmse     P_f_rmse     S_f_rmse psavg_f_rmse        e_mae      e/N_mae       e_rmse     e/N_rmse
! Train              64  386.017    0.001       0.0126     6.87e-05       0.0126       0.0522       0.0733       0.0361       0.0928       0.0541        0.061       0.0466        0.123       0.0732       0.0808        0.549      0.00429        0.694      0.00542
! Validation         64  386.017    0.001       0.0101     3.67e-06       0.0101       0.0458       0.0657       0.0324       0.0843       0.0463       0.0544       0.0425        0.113       0.0642       0.0731        0.125     0.000975         0.16      0.00125
Wall time: 386.0175251449691
! Best model       64    0.010
Saved trainer to results/Allegro_FPS_150_DFT_Li3PS4/run_Allegro_FPS_150_DFT_Li3PS4/trainer.pth
Saved last model to to results/Allegro_FPS_150_DFT_Li3PS4/run_Allegro_FPS_150_DFT_Li3PS4/last_model.pth

training
# Epoch batch         loss       loss_f       loss_e        f_mae       f_rmse     Li_f_mae      P_f_mae      S_f_mae  psavg_f_mae    Li_f_rmse     P_f_rmse     S_f_rmse psavg_f_rmse        e_mae      e/N_mae       e_rmse     e/N_rmse
     65    75      0.00806      0.00804     2.13e-05       0.0431       0.0587       0.0342        0.078       0.0411       0.0511       0.0438        0.102       0.0531       0.0664        0.386      0.00302        0.387      0.00302

validation
# Epoch batch         loss       loss_f       loss_e        f_mae       f_rmse     Li_f_mae      P_f_mae      S_f_mae  psavg_f_mae    Li_f_rmse     P_f_rmse     S_f_rmse psavg_f_rmse        e_mae      e/N_mae       e_rmse     e/N_rmse
     65   100       0.0069       0.0069     2.49e-06       0.0397       0.0543       0.0299       0.0744       0.0384       0.0476       0.0382       0.0948       0.0506       0.0612        0.123     0.000959        0.132      0.00103
     65   160       0.0181        0.018     1.21e-05       0.0608       0.0879       0.0404        0.106       0.0646       0.0705       0.0505        0.142       0.0923       0.0948        0.264      0.00206        0.291      0.00228


  Train      #    Epoch      wal       LR       loss_f       loss_e         loss        f_mae       f_rmse     Li_f_mae      P_f_mae      S_f_mae  psavg_f_mae    Li_f_rmse     P_f_rmse     S_f_rmse psavg_f_rmse        e_mae      e/N_mae       e_rmse     e/N_rmse
! Train              65  391.991    0.001       0.0125     6.64e-05       0.0126        0.052       0.0731        0.036       0.0926       0.0539       0.0609       0.0465        0.122        0.073       0.0806         0.54      0.00422        0.682      0.00533
! Validation         65  391.991    0.001       0.0101     3.79e-06       0.0101       0.0457       0.0656       0.0323       0.0842       0.0462       0.0542       0.0423        0.112        0.064       0.0729        0.128        0.001        0.163      0.00127
Wall time: 391.99233066895977
! Best model       65    0.010
Saved trainer to results/Allegro_FPS_150_DFT_Li3PS4/run_Allegro_FPS_150_DFT_Li3PS4/trainer.pth
Saved last model to to results/Allegro_FPS_150_DFT_Li3PS4/run_Allegro_FPS_150_DFT_Li3PS4/last_model.pth
EarlyStopping: 1 / 50

training
# Epoch batch         loss       loss_f       loss_e        f_mae       f_rmse     Li_f_mae      P_f_mae      S_f_mae  psavg_f_mae    Li_f_rmse     P_f_rmse     S_f_rmse psavg_f_rmse        e_mae      e/N_mae       e_rmse     e/N_rmse
     66    75      0.00806      0.00803     2.42e-05       0.0432       0.0586       0.0342        0.078       0.0412       0.0511       0.0439        0.102       0.0531       0.0664        0.411      0.00321        0.412      0.00322

validation
# Epoch batch         loss       loss_f       loss_e        f_mae       f_rmse     Li_f_mae      P_f_mae      S_f_mae  psavg_f_mae    Li_f_rmse     P_f_rmse     S_f_rmse psavg_f_rmse        e_mae      e/N_mae       e_rmse     e/N_rmse
     66   100      0.00688      0.00687     2.49e-06       0.0396       0.0542       0.0298       0.0743       0.0383       0.0475       0.0381       0.0947       0.0505       0.0611        0.123     0.000962        0.132      0.00103
     66   160        0.018        0.018     1.18e-05       0.0607       0.0878       0.0403        0.106       0.0645       0.0704       0.0504        0.142       0.0922       0.0947        0.261      0.00204        0.288      0.00225


  Train      #    Epoch      wal       LR       loss_f       loss_e         loss        f_mae       f_rmse     Li_f_mae      P_f_mae      S_f_mae  psavg_f_mae    Li_f_rmse     P_f_rmse     S_f_rmse psavg_f_rmse        e_mae      e/N_mae       e_rmse     e/N_rmse
! Train              66  397.958    0.001       0.0124     6.71e-05       0.0125       0.0519       0.0729       0.0359       0.0925       0.0537       0.0607       0.0464        0.122       0.0727       0.0804        0.546      0.00427        0.686      0.00536
! Validation         66  397.958    0.001         0.01     3.73e-06         0.01       0.0456       0.0655       0.0322       0.0841       0.0461       0.0541       0.0422        0.112       0.0639       0.0728        0.127     0.000996        0.162      0.00126
Wall time: 397.9591624699533
! Best model       66    0.010
Saved trainer to results/Allegro_FPS_150_DFT_Li3PS4/run_Allegro_FPS_150_DFT_Li3PS4/trainer.pth
Saved last model to to results/Allegro_FPS_150_DFT_Li3PS4/run_Allegro_FPS_150_DFT_Li3PS4/last_model.pth
EarlyStopping: 2 / 50

training
# Epoch batch         loss       loss_f       loss_e        f_mae       f_rmse     Li_f_mae      P_f_mae      S_f_mae  psavg_f_mae    Li_f_rmse     P_f_rmse     S_f_rmse psavg_f_rmse        e_mae      e/N_mae       e_rmse     e/N_rmse
     67    75      0.00802      0.00799     2.59e-05        0.043       0.0585       0.0342       0.0781       0.0408        0.051        0.044        0.102       0.0526       0.0663        0.426      0.00332        0.426      0.00333

validation
# Epoch batch         loss       loss_f       loss_e        f_mae       f_rmse     Li_f_mae      P_f_mae      S_f_mae  psavg_f_mae    Li_f_rmse     P_f_rmse     S_f_rmse psavg_f_rmse        e_mae      e/N_mae       e_rmse     e/N_rmse
     67   100      0.00684      0.00684     2.33e-06       0.0395       0.0541       0.0297       0.0742       0.0382       0.0474        0.038       0.0945       0.0504        0.061        0.118     0.000926        0.128     0.000999
     67   160        0.018        0.018     1.13e-05       0.0605       0.0877       0.0402        0.106       0.0644       0.0702       0.0503        0.141       0.0921       0.0946        0.258      0.00201        0.282       0.0022


  Train      #    Epoch      wal       LR       loss_f       loss_e         loss        f_mae       f_rmse     Li_f_mae      P_f_mae      S_f_mae  psavg_f_mae    Li_f_rmse     P_f_rmse     S_f_rmse psavg_f_rmse        e_mae      e/N_mae       e_rmse     e/N_rmse
! Train              67  403.943    0.001       0.0123     6.62e-05       0.0124       0.0517       0.0727       0.0358       0.0923       0.0535       0.0605       0.0462        0.122       0.0724       0.0802        0.542      0.00424        0.681      0.00532
! Validation         67  403.943    0.001      0.00997     3.58e-06      0.00998       0.0455       0.0653       0.0321        0.084        0.046        0.054       0.0421        0.112       0.0638       0.0727        0.124     0.000968        0.158      0.00124
Wall time: 403.9434100079816
! Best model       67    0.010
Saved trainer to results/Allegro_FPS_150_DFT_Li3PS4/run_Allegro_FPS_150_DFT_Li3PS4/trainer.pth
Saved last model to to results/Allegro_FPS_150_DFT_Li3PS4/run_Allegro_FPS_150_DFT_Li3PS4/last_model.pth

training
# Epoch batch         loss       loss_f       loss_e        f_mae       f_rmse     Li_f_mae      P_f_mae      S_f_mae  psavg_f_mae    Li_f_rmse     P_f_rmse     S_f_rmse psavg_f_rmse        e_mae      e/N_mae       e_rmse     e/N_rmse
     68    75      0.00802      0.00799     3.39e-05        0.043       0.0585       0.0343       0.0781       0.0407       0.0511       0.0441        0.102       0.0525       0.0663        0.487       0.0038        0.488      0.00381

validation
# Epoch batch         loss       loss_f       loss_e        f_mae       f_rmse     Li_f_mae      P_f_mae      S_f_mae  psavg_f_mae    Li_f_rmse     P_f_rmse     S_f_rmse psavg_f_rmse        e_mae      e/N_mae       e_rmse     e/N_rmse
     68   100      0.00681      0.00681     2.71e-06       0.0395        0.054       0.0296       0.0742       0.0381       0.0473       0.0378       0.0943       0.0503       0.0608        0.129      0.00101        0.138      0.00108
     68   160       0.0179       0.0179     1.15e-05       0.0604       0.0876       0.0401        0.106       0.0642       0.0701       0.0501        0.141        0.092       0.0945        0.257      0.00201        0.284      0.00222


  Train      #    Epoch      wal       LR       loss_f       loss_e         loss        f_mae       f_rmse     Li_f_mae      P_f_mae      S_f_mae  psavg_f_mae    Li_f_rmse     P_f_rmse     S_f_rmse psavg_f_rmse        e_mae      e/N_mae       e_rmse     e/N_rmse
! Train              68  409.922    0.001       0.0123     6.72e-05       0.0123       0.0516       0.0725       0.0357       0.0922       0.0533       0.0604       0.0461        0.122       0.0722         0.08         0.55       0.0043        0.686      0.00536
! Validation         68  409.922    0.001      0.00994     3.78e-06      0.00994       0.0454       0.0652        0.032       0.0839       0.0459       0.0539        0.042        0.112       0.0636       0.0725         0.13      0.00101        0.163      0.00127
Wall time: 409.9225154808955
! Best model       68    0.010
Saved trainer to results/Allegro_FPS_150_DFT_Li3PS4/run_Allegro_FPS_150_DFT_Li3PS4/trainer.pth
Saved last model to to results/Allegro_FPS_150_DFT_Li3PS4/run_Allegro_FPS_150_DFT_Li3PS4/last_model.pth
EarlyStopping: 1 / 50

training
# Epoch batch         loss       loss_f       loss_e        f_mae       f_rmse     Li_f_mae      P_f_mae      S_f_mae  psavg_f_mae    Li_f_rmse     P_f_rmse     S_f_rmse psavg_f_rmse        e_mae      e/N_mae       e_rmse     e/N_rmse
     69    75      0.00796      0.00792     3.66e-05       0.0428       0.0582       0.0344        0.078       0.0404       0.0509       0.0442        0.102        0.052       0.0661        0.506      0.00395        0.506      0.00396

validation
# Epoch batch         loss       loss_f       loss_e        f_mae       f_rmse     Li_f_mae      P_f_mae      S_f_mae  psavg_f_mae    Li_f_rmse     P_f_rmse     S_f_rmse psavg_f_rmse        e_mae      e/N_mae       e_rmse     e/N_rmse
     69   100      0.00679      0.00678     2.69e-06       0.0394       0.0539       0.0296        0.074       0.0381       0.0472       0.0377       0.0942       0.0502       0.0607        0.128        0.001        0.137      0.00107
     69   160       0.0179       0.0179     1.14e-05       0.0603       0.0875         0.04        0.106       0.0641         0.07         0.05        0.141        0.092       0.0944        0.255      0.00199        0.282      0.00221


  Train      #    Epoch      wal       LR       loss_f       loss_e         loss        f_mae       f_rmse     Li_f_mae      P_f_mae      S_f_mae  psavg_f_mae    Li_f_rmse     P_f_rmse     S_f_rmse psavg_f_rmse        e_mae      e/N_mae       e_rmse     e/N_rmse
! Train              69  415.864    0.001       0.0122     6.52e-05       0.0123       0.0514       0.0723       0.0356       0.0921       0.0531       0.0603        0.046        0.122       0.0719       0.0798        0.543      0.00424        0.676      0.00528
! Validation         69  415.864    0.001       0.0099     3.71e-06       0.0099       0.0453       0.0651       0.0319       0.0838       0.0457       0.0538       0.0419        0.112       0.0635       0.0724        0.128        0.001        0.161      0.00126
Wall time: 415.8651090109488
! Best model       69    0.010
Saved trainer to results/Allegro_FPS_150_DFT_Li3PS4/run_Allegro_FPS_150_DFT_Li3PS4/trainer.pth
Saved last model to to results/Allegro_FPS_150_DFT_Li3PS4/run_Allegro_FPS_150_DFT_Li3PS4/last_model.pth
EarlyStopping: 2 / 50

training
# Epoch batch         loss       loss_f       loss_e        f_mae       f_rmse     Li_f_mae      P_f_mae      S_f_mae  psavg_f_mae    Li_f_rmse     P_f_rmse     S_f_rmse psavg_f_rmse        e_mae      e/N_mae       e_rmse     e/N_rmse
     70    75      0.00799      0.00795      4.4e-05       0.0429       0.0583       0.0345       0.0781       0.0405        0.051       0.0443        0.102       0.0521       0.0662        0.555      0.00434        0.556      0.00434

validation
# Epoch batch         loss       loss_f       loss_e        f_mae       f_rmse     Li_f_mae      P_f_mae      S_f_mae  psavg_f_mae    Li_f_rmse     P_f_rmse     S_f_rmse psavg_f_rmse        e_mae      e/N_mae       e_rmse     e/N_rmse
     70   100      0.00676      0.00675      2.9e-06       0.0393       0.0538       0.0295       0.0739        0.038       0.0471       0.0376       0.0941       0.0501       0.0606        0.133      0.00104        0.143      0.00111
     70   160       0.0179       0.0179     1.13e-05       0.0602       0.0874       0.0399        0.106        0.064       0.0699       0.0499        0.141       0.0919       0.0943        0.254      0.00198        0.281       0.0022


  Train      #    Epoch      wal       LR       loss_f       loss_e         loss        f_mae       f_rmse     Li_f_mae      P_f_mae      S_f_mae  psavg_f_mae    Li_f_rmse     P_f_rmse     S_f_rmse psavg_f_rmse        e_mae      e/N_mae       e_rmse     e/N_rmse
! Train              70  421.949    0.001       0.0122     6.61e-05       0.0122       0.0513       0.0722       0.0356       0.0919        0.053       0.0602       0.0459        0.121       0.0718       0.0797         0.55       0.0043        0.681      0.00532
! Validation         70  421.949    0.001      0.00986     3.81e-06      0.00987       0.0452        0.065       0.0318       0.0837       0.0456       0.0537       0.0418        0.112       0.0633       0.0723        0.131      0.00103        0.164      0.00128
Wall time: 421.9494249239797
! Best model       70    0.010
Saved trainer to results/Allegro_FPS_150_DFT_Li3PS4/run_Allegro_FPS_150_DFT_Li3PS4/trainer.pth
Saved last model to to results/Allegro_FPS_150_DFT_Li3PS4/run_Allegro_FPS_150_DFT_Li3PS4/last_model.pth

training
# Epoch batch         loss       loss_f       loss_e        f_mae       f_rmse     Li_f_mae      P_f_mae      S_f_mae  psavg_f_mae    Li_f_rmse     P_f_rmse     S_f_rmse psavg_f_rmse        e_mae      e/N_mae       e_rmse     e/N_rmse
     71    75       0.0079      0.00786     4.41e-05       0.0427        0.058       0.0345       0.0782         0.04       0.0509       0.0442        0.102       0.0514        0.066        0.555      0.00434        0.556      0.00434

validation
# Epoch batch         loss       loss_f       loss_e        f_mae       f_rmse     Li_f_mae      P_f_mae      S_f_mae  psavg_f_mae    Li_f_rmse     P_f_rmse     S_f_rmse psavg_f_rmse        e_mae      e/N_mae       e_rmse     e/N_rmse
     71   100      0.00674      0.00674     2.52e-06       0.0392       0.0537       0.0294       0.0738       0.0379       0.0471       0.0375       0.0939         0.05       0.0605        0.124      0.00097        0.133      0.00104
     71   160       0.0179       0.0178     1.06e-05       0.0601       0.0874       0.0399        0.106       0.0638       0.0698       0.0498        0.141       0.0918       0.0943         0.25      0.00195        0.273      0.00213


  Train      #    Epoch      wal       LR       loss_f       loss_e         loss        f_mae       f_rmse     Li_f_mae      P_f_mae      S_f_mae  psavg_f_mae    Li_f_rmse     P_f_rmse     S_f_rmse psavg_f_rmse        e_mae      e/N_mae       e_rmse     e/N_rmse
! Train              71  427.897    0.001       0.0121     6.69e-05       0.0122       0.0512        0.072       0.0355       0.0918       0.0528         0.06       0.0458        0.121       0.0715       0.0795        0.556      0.00434        0.685      0.00535
! Validation         71  427.897    0.001      0.00983     3.52e-06      0.00984       0.0451       0.0649       0.0318       0.0837       0.0455       0.0537       0.0417        0.112       0.0632       0.0722        0.124     0.000972        0.157      0.00123
Wall time: 427.8980127389077
! Best model       71    0.010
Saved trainer to results/Allegro_FPS_150_DFT_Li3PS4/run_Allegro_FPS_150_DFT_Li3PS4/trainer.pth
Saved last model to to results/Allegro_FPS_150_DFT_Li3PS4/run_Allegro_FPS_150_DFT_Li3PS4/last_model.pth
EarlyStopping: 1 / 50

training
# Epoch batch         loss       loss_f       loss_e        f_mae       f_rmse     Li_f_mae      P_f_mae      S_f_mae  psavg_f_mae    Li_f_rmse     P_f_rmse     S_f_rmse psavg_f_rmse        e_mae      e/N_mae       e_rmse     e/N_rmse
     72    75      0.00783      0.00779     4.06e-05       0.0425       0.0577       0.0345       0.0778       0.0398       0.0507       0.0442        0.102       0.0511       0.0657        0.533      0.00416        0.534      0.00417

validation
# Epoch batch         loss       loss_f       loss_e        f_mae       f_rmse     Li_f_mae      P_f_mae      S_f_mae  psavg_f_mae    Li_f_rmse     P_f_rmse     S_f_rmse psavg_f_rmse        e_mae      e/N_mae       e_rmse     e/N_rmse
     72   100      0.00671      0.00671      2.7e-06       0.0391       0.0536       0.0293       0.0738       0.0378        0.047       0.0374       0.0938       0.0499       0.0604        0.129        0.001        0.137      0.00107
     72   160       0.0178       0.0178     1.08e-05         0.06       0.0873       0.0398        0.106       0.0637       0.0697       0.0497        0.141       0.0918       0.0942         0.25      0.00195        0.275      0.00215


  Train      #    Epoch      wal       LR       loss_f       loss_e         loss        f_mae       f_rmse     Li_f_mae      P_f_mae      S_f_mae  psavg_f_mae    Li_f_rmse     P_f_rmse     S_f_rmse psavg_f_rmse        e_mae      e/N_mae       e_rmse     e/N_rmse
! Train              72  433.815    0.001       0.0121     6.67e-05       0.0121        0.051       0.0718       0.0354       0.0917       0.0526       0.0599       0.0457        0.121       0.0713       0.0794        0.551       0.0043        0.684      0.00534
! Validation         72  433.815    0.001       0.0098     3.62e-06       0.0098       0.0451       0.0648       0.0317       0.0836       0.0454       0.0536       0.0416        0.112       0.0631       0.0721        0.128     0.000997        0.159      0.00125
Wall time: 433.81552068295423
! Best model       72    0.010
Saved trainer to results/Allegro_FPS_150_DFT_Li3PS4/run_Allegro_FPS_150_DFT_Li3PS4/trainer.pth
Saved last model to to results/Allegro_FPS_150_DFT_Li3PS4/run_Allegro_FPS_150_DFT_Li3PS4/last_model.pth
EarlyStopping: 2 / 50

training
# Epoch batch         loss       loss_f       loss_e        f_mae       f_rmse     Li_f_mae      P_f_mae      S_f_mae  psavg_f_mae    Li_f_rmse     P_f_rmse     S_f_rmse psavg_f_rmse        e_mae      e/N_mae       e_rmse     e/N_rmse
     73    75      0.00791      0.00785     5.35e-05       0.0427        0.058       0.0346       0.0781       0.0399       0.0509       0.0443        0.102       0.0513        0.066        0.612      0.00478        0.613      0.00479

validation
# Epoch batch         loss       loss_f       loss_e        f_mae       f_rmse     Li_f_mae      P_f_mae      S_f_mae  psavg_f_mae    Li_f_rmse     P_f_rmse     S_f_rmse psavg_f_rmse        e_mae      e/N_mae       e_rmse     e/N_rmse
     73   100      0.00669      0.00669     2.89e-06       0.0391       0.0535       0.0293       0.0736       0.0378       0.0469       0.0374       0.0936       0.0499       0.0603        0.133      0.00104        0.142      0.00111
     73   160       0.0178       0.0178     1.07e-05       0.0599       0.0873       0.0398        0.105       0.0636       0.0696       0.0496        0.141       0.0917       0.0941        0.248      0.00193        0.273      0.00214


  Train      #    Epoch      wal       LR       loss_f       loss_e         loss        f_mae       f_rmse     Li_f_mae      P_f_mae      S_f_mae  psavg_f_mae    Li_f_rmse     P_f_rmse     S_f_rmse psavg_f_rmse        e_mae      e/N_mae       e_rmse     e/N_rmse
! Train              73  439.761    0.001        0.012     6.73e-05       0.0121       0.0509       0.0716       0.0353       0.0916       0.0524       0.0598       0.0456        0.121       0.0711       0.0792        0.555      0.00433        0.687      0.00537
! Validation         73  439.761    0.001      0.00977     3.69e-06      0.00977        0.045       0.0646       0.0316       0.0835       0.0453       0.0535       0.0415        0.111        0.063        0.072         0.13      0.00101        0.161      0.00126
Wall time: 439.76204232196324
! Best model       73    0.010
Saved trainer to results/Allegro_FPS_150_DFT_Li3PS4/run_Allegro_FPS_150_DFT_Li3PS4/trainer.pth
Saved last model to to results/Allegro_FPS_150_DFT_Li3PS4/run_Allegro_FPS_150_DFT_Li3PS4/last_model.pth
EarlyStopping: 3 / 50

training
# Epoch batch         loss       loss_f       loss_e        f_mae       f_rmse     Li_f_mae      P_f_mae      S_f_mae  psavg_f_mae    Li_f_rmse     P_f_rmse     S_f_rmse psavg_f_rmse        e_mae      e/N_mae       e_rmse     e/N_rmse
     74    75      0.00786       0.0078      5.3e-05       0.0426       0.0578       0.0346       0.0778       0.0397       0.0507       0.0442        0.102       0.0511       0.0658        0.609      0.00476         0.61      0.00476

validation
# Epoch batch         loss       loss_f       loss_e        f_mae       f_rmse     Li_f_mae      P_f_mae      S_f_mae  psavg_f_mae    Li_f_rmse     P_f_rmse     S_f_rmse psavg_f_rmse        e_mae      e/N_mae       e_rmse     e/N_rmse
     74   100      0.00666      0.00666     2.83e-06        0.039       0.0534       0.0292       0.0736       0.0377       0.0468       0.0372       0.0935       0.0497       0.0602        0.132      0.00103        0.141       0.0011
     74   160       0.0178       0.0178     1.04e-05       0.0598       0.0872       0.0397        0.105       0.0635       0.0695       0.0495        0.141       0.0917        0.094        0.245      0.00192         0.27      0.00211


  Train      #    Epoch      wal       LR       loss_f       loss_e         loss        f_mae       f_rmse     Li_f_mae      P_f_mae      S_f_mae  psavg_f_mae    Li_f_rmse     P_f_rmse     S_f_rmse psavg_f_rmse        e_mae      e/N_mae       e_rmse     e/N_rmse
! Train              74  445.713    0.001       0.0119     6.83e-05        0.012       0.0507       0.0715       0.0352       0.0914       0.0522       0.0596       0.0454        0.121       0.0708        0.079        0.562      0.00439        0.692      0.00541
! Validation         74  445.713    0.001      0.00973     3.61e-06      0.00974       0.0449       0.0645       0.0316       0.0834       0.0452       0.0534       0.0414        0.111       0.0628       0.0718        0.128        0.001        0.159      0.00124
Wall time: 445.713958370965
! Best model       74    0.010
Saved trainer to results/Allegro_FPS_150_DFT_Li3PS4/run_Allegro_FPS_150_DFT_Li3PS4/trainer.pth
Saved last model to to results/Allegro_FPS_150_DFT_Li3PS4/run_Allegro_FPS_150_DFT_Li3PS4/last_model.pth

training
# Epoch batch         loss       loss_f       loss_e        f_mae       f_rmse     Li_f_mae      P_f_mae      S_f_mae  psavg_f_mae    Li_f_rmse     P_f_rmse     S_f_rmse psavg_f_rmse        e_mae      e/N_mae       e_rmse     e/N_rmse
     75    75       0.0079      0.00782     7.62e-05       0.0426       0.0579       0.0345       0.0782       0.0398       0.0508       0.0441        0.102       0.0512       0.0659         0.73       0.0057        0.731      0.00571

validation
# Epoch batch         loss       loss_f       loss_e        f_mae       f_rmse     Li_f_mae      P_f_mae      S_f_mae  psavg_f_mae    Li_f_rmse     P_f_rmse     S_f_rmse psavg_f_rmse        e_mae      e/N_mae       e_rmse     e/N_rmse
     75   100      0.00664      0.00664     3.24e-06       0.0389       0.0533       0.0291       0.0735       0.0376       0.0468       0.0372       0.0934       0.0497       0.0601        0.141       0.0011        0.151      0.00118
     75   160       0.0178       0.0177     1.08e-05       0.0597       0.0871       0.0396        0.105       0.0634       0.0694       0.0494        0.141       0.0916       0.0939        0.247      0.00193        0.275      0.00214


  Train      #    Epoch      wal       LR       loss_f       loss_e         loss        f_mae       f_rmse     Li_f_mae      P_f_mae      S_f_mae  psavg_f_mae    Li_f_rmse     P_f_rmse     S_f_rmse psavg_f_rmse        e_mae      e/N_mae       e_rmse     e/N_rmse
! Train              75  451.850    0.001       0.0119        7e-05        0.012       0.0506       0.0713       0.0351       0.0913       0.0521       0.0595       0.0453        0.121       0.0707       0.0789        0.566      0.00442        0.701      0.00547
! Validation         75  451.850    0.001       0.0097     3.85e-06      0.00971       0.0448       0.0644       0.0315       0.0833       0.0451       0.0533       0.0413        0.111       0.0627       0.0717        0.134      0.00105        0.164      0.00128
Wall time: 451.8503805279033
! Best model       75    0.010
Saved trainer to results/Allegro_FPS_150_DFT_Li3PS4/run_Allegro_FPS_150_DFT_Li3PS4/trainer.pth
Saved last model to to results/Allegro_FPS_150_DFT_Li3PS4/run_Allegro_FPS_150_DFT_Li3PS4/last_model.pth
EarlyStopping: 1 / 50

training
# Epoch batch         loss       loss_f       loss_e        f_mae       f_rmse     Li_f_mae      P_f_mae      S_f_mae  psavg_f_mae    Li_f_rmse     P_f_rmse     S_f_rmse psavg_f_rmse        e_mae      e/N_mae       e_rmse     e/N_rmse
     76    75      0.00775      0.00769     5.61e-05       0.0423       0.0574       0.0345       0.0774       0.0393       0.0504       0.0441        0.101       0.0505       0.0653        0.626      0.00489        0.627       0.0049

validation
# Epoch batch         loss       loss_f       loss_e        f_mae       f_rmse     Li_f_mae      P_f_mae      S_f_mae  psavg_f_mae    Li_f_rmse     P_f_rmse     S_f_rmse psavg_f_rmse        e_mae      e/N_mae       e_rmse     e/N_rmse
     76   100      0.00663      0.00663        3e-06       0.0389       0.0533       0.0291       0.0735       0.0376       0.0467       0.0371       0.0933       0.0496         0.06        0.136      0.00106        0.145      0.00113
     76   160       0.0177       0.0177     1.02e-05       0.0596       0.0871       0.0395        0.105       0.0633       0.0694       0.0493        0.141       0.0916       0.0939        0.243       0.0019        0.267      0.00209


  Train      #    Epoch      wal       LR       loss_f       loss_e         loss        f_mae       f_rmse     Li_f_mae      P_f_mae      S_f_mae  psavg_f_mae    Li_f_rmse     P_f_rmse     S_f_rmse psavg_f_rmse        e_mae      e/N_mae       e_rmse     e/N_rmse
! Train              76  457.848    0.001       0.0118     6.98e-05       0.0119       0.0505       0.0711        0.035       0.0912       0.0519       0.0594       0.0452         0.12       0.0705       0.0787        0.562      0.00439          0.7      0.00547
! Validation         76  457.848    0.001      0.00967     3.63e-06      0.00968       0.0447       0.0643       0.0314       0.0832       0.0451       0.0532       0.0412        0.111       0.0626       0.0716         0.13      0.00101         0.16      0.00125
Wall time: 457.8486829199828
! Best model       76    0.010
Saved trainer to results/Allegro_FPS_150_DFT_Li3PS4/run_Allegro_FPS_150_DFT_Li3PS4/trainer.pth
Saved last model to to results/Allegro_FPS_150_DFT_Li3PS4/run_Allegro_FPS_150_DFT_Li3PS4/last_model.pth
EarlyStopping: 2 / 50

training
# Epoch batch         loss       loss_f       loss_e        f_mae       f_rmse     Li_f_mae      P_f_mae      S_f_mae  psavg_f_mae    Li_f_rmse     P_f_rmse     S_f_rmse psavg_f_rmse        e_mae      e/N_mae       e_rmse     e/N_rmse
     77    75       0.0077      0.00765     5.03e-05       0.0422       0.0572       0.0346       0.0771       0.0391       0.0503       0.0442        0.101       0.0503       0.0652        0.593      0.00463        0.594      0.00464

validation
# Epoch batch         loss       loss_f       loss_e        f_mae       f_rmse     Li_f_mae      P_f_mae      S_f_mae  psavg_f_mae    Li_f_rmse     P_f_rmse     S_f_rmse psavg_f_rmse        e_mae      e/N_mae       e_rmse     e/N_rmse
     77   100       0.0066       0.0066     3.16e-06       0.0388       0.0532        0.029       0.0734       0.0375       0.0466        0.037       0.0932       0.0495       0.0599        0.139      0.00109        0.149      0.00116
     77   160       0.0177       0.0177     1.02e-05       0.0595        0.087       0.0395        0.105       0.0632       0.0693       0.0492        0.141       0.0916       0.0939        0.241      0.00188        0.267      0.00209


  Train      #    Epoch      wal       LR       loss_f       loss_e         loss        f_mae       f_rmse     Li_f_mae      P_f_mae      S_f_mae  psavg_f_mae    Li_f_rmse     P_f_rmse     S_f_rmse psavg_f_rmse        e_mae      e/N_mae       e_rmse     e/N_rmse
! Train              77  464.008    0.001       0.0118     6.86e-05       0.0118       0.0504        0.071       0.0349        0.091       0.0518       0.0592       0.0451         0.12       0.0703       0.0785        0.555      0.00433        0.693      0.00542
! Validation         77  464.008    0.001      0.00964     3.69e-06      0.00965       0.0446       0.0642       0.0314       0.0831        0.045       0.0532       0.0411        0.111       0.0625       0.0715        0.131      0.00103        0.161      0.00126
Wall time: 464.0085254309233
! Best model       77    0.010
Saved trainer to results/Allegro_FPS_150_DFT_Li3PS4/run_Allegro_FPS_150_DFT_Li3PS4/trainer.pth
Saved last model to to results/Allegro_FPS_150_DFT_Li3PS4/run_Allegro_FPS_150_DFT_Li3PS4/last_model.pth
EarlyStopping: 3 / 50

training
# Epoch batch         loss       loss_f       loss_e        f_mae       f_rmse     Li_f_mae      P_f_mae      S_f_mae  psavg_f_mae    Li_f_rmse     P_f_rmse     S_f_rmse psavg_f_rmse        e_mae      e/N_mae       e_rmse     e/N_rmse
     78    75      0.00764      0.00758     5.42e-05       0.0419        0.057       0.0343        0.077       0.0389       0.0501       0.0439        0.101         0.05       0.0649        0.615      0.00481        0.616      0.00481

validation
# Epoch batch         loss       loss_f       loss_e        f_mae       f_rmse     Li_f_mae      P_f_mae      S_f_mae  psavg_f_mae    Li_f_rmse     P_f_rmse     S_f_rmse psavg_f_rmse        e_mae      e/N_mae       e_rmse     e/N_rmse
     78   100      0.00658      0.00658     3.21e-06       0.0387       0.0531       0.0289       0.0733       0.0374       0.0466       0.0369       0.0931       0.0494       0.0598        0.141       0.0011         0.15      0.00117
     78   160       0.0177       0.0177        1e-05       0.0594        0.087       0.0394        0.105       0.0631       0.0692       0.0491        0.141       0.0915       0.0938         0.24      0.00188        0.265      0.00207


  Train      #    Epoch      wal       LR       loss_f       loss_e         loss        f_mae       f_rmse     Li_f_mae      P_f_mae      S_f_mae  psavg_f_mae    Li_f_rmse     P_f_rmse     S_f_rmse psavg_f_rmse        e_mae      e/N_mae       e_rmse     e/N_rmse
! Train              78  470.108    0.001       0.0117     7.56e-05       0.0118       0.0503       0.0708       0.0349       0.0909       0.0517       0.0591        0.045         0.12       0.0701       0.0784        0.581      0.00454        0.728      0.00569
! Validation         78  470.108    0.001      0.00961      3.7e-06      0.00962       0.0446       0.0641       0.0313       0.0831       0.0449       0.0531       0.0411        0.111       0.0624       0.0714        0.132      0.00103        0.161      0.00126
Wall time: 470.1086000649957
! Best model       78    0.010
Saved trainer to results/Allegro_FPS_150_DFT_Li3PS4/run_Allegro_FPS_150_DFT_Li3PS4/trainer.pth
Saved last model to to results/Allegro_FPS_150_DFT_Li3PS4/run_Allegro_FPS_150_DFT_Li3PS4/last_model.pth

training
# Epoch batch         loss       loss_f       loss_e        f_mae       f_rmse     Li_f_mae      P_f_mae      S_f_mae  psavg_f_mae    Li_f_rmse     P_f_rmse     S_f_rmse psavg_f_rmse        e_mae      e/N_mae       e_rmse     e/N_rmse
     79    75      0.00763      0.00758     5.64e-05       0.0419        0.057       0.0343        0.077       0.0389       0.0501       0.0439        0.101         0.05       0.0649        0.628       0.0049        0.629      0.00491

validation
# Epoch batch         loss       loss_f       loss_e        f_mae       f_rmse     Li_f_mae      P_f_mae      S_f_mae  psavg_f_mae    Li_f_rmse     P_f_rmse     S_f_rmse psavg_f_rmse        e_mae      e/N_mae       e_rmse     e/N_rmse
     79   100      0.00656      0.00656     3.18e-06       0.0387        0.053       0.0289       0.0733       0.0374       0.0465       0.0368       0.0929       0.0494       0.0597        0.141       0.0011        0.149      0.00117
     79   160       0.0177       0.0176     9.87e-06       0.0594       0.0869       0.0394        0.105        0.063       0.0691       0.0491        0.141       0.0914       0.0937        0.238      0.00186        0.263      0.00206


  Train      #    Epoch      wal       LR       loss_f       loss_e         loss        f_mae       f_rmse     Li_f_mae      P_f_mae      S_f_mae  psavg_f_mae    Li_f_rmse     P_f_rmse     S_f_rmse psavg_f_rmse        e_mae      e/N_mae       e_rmse     e/N_rmse
! Train              79  476.096    0.001       0.0117     7.39e-05       0.0117       0.0501       0.0707       0.0348       0.0908       0.0515        0.059       0.0449         0.12       0.0699       0.0782        0.571      0.00446         0.72      0.00562
! Validation         79  476.096    0.001      0.00958     3.67e-06      0.00959       0.0445        0.064       0.0312        0.083       0.0448        0.053        0.041        0.111       0.0622       0.0713        0.131      0.00103         0.16      0.00125
Wall time: 476.09679552796297
! Best model       79    0.010
Saved trainer to results/Allegro_FPS_150_DFT_Li3PS4/run_Allegro_FPS_150_DFT_Li3PS4/trainer.pth
Saved last model to to results/Allegro_FPS_150_DFT_Li3PS4/run_Allegro_FPS_150_DFT_Li3PS4/last_model.pth
EarlyStopping: 1 / 50

training
# Epoch batch         loss       loss_f       loss_e        f_mae       f_rmse     Li_f_mae      P_f_mae      S_f_mae  psavg_f_mae    Li_f_rmse     P_f_rmse     S_f_rmse psavg_f_rmse        e_mae      e/N_mae       e_rmse     e/N_rmse
     80    75      0.00756      0.00751     4.53e-05       0.0417       0.0567       0.0342       0.0767       0.0386       0.0498       0.0437          0.1       0.0497       0.0646        0.563       0.0044        0.564      0.00441

validation
# Epoch batch         loss       loss_f       loss_e        f_mae       f_rmse     Li_f_mae      P_f_mae      S_f_mae  psavg_f_mae    Li_f_rmse     P_f_rmse     S_f_rmse psavg_f_rmse        e_mae      e/N_mae       e_rmse     e/N_rmse
     80   100      0.00655      0.00654      3.3e-06       0.0386       0.0529       0.0288       0.0733       0.0373       0.0465       0.0368       0.0929       0.0493       0.0597        0.143      0.00112        0.152      0.00119
     80   160       0.0176       0.0176     9.72e-06       0.0593       0.0868       0.0393        0.105       0.0629        0.069        0.049         0.14       0.0914       0.0936        0.236      0.00185        0.261      0.00204


  Train      #    Epoch      wal       LR       loss_f       loss_e         loss        f_mae       f_rmse     Li_f_mae      P_f_mae      S_f_mae  psavg_f_mae    Li_f_rmse     P_f_rmse     S_f_rmse psavg_f_rmse        e_mae      e/N_mae       e_rmse     e/N_rmse
! Train              80  482.098    0.001       0.0116     7.74e-05       0.0117         0.05       0.0706       0.0347       0.0906       0.0514       0.0589       0.0448         0.12       0.0698       0.0781        0.583      0.00455        0.737      0.00576
! Validation         80  482.098    0.001      0.00955     3.67e-06      0.00956       0.0444       0.0639       0.0312       0.0829       0.0447       0.0529       0.0409        0.111       0.0621       0.0712        0.132      0.00103        0.161      0.00125
Wall time: 482.0992542859167
! Best model       80    0.010
Saved trainer to results/Allegro_FPS_150_DFT_Li3PS4/run_Allegro_FPS_150_DFT_Li3PS4/trainer.pth
Saved last model to to results/Allegro_FPS_150_DFT_Li3PS4/run_Allegro_FPS_150_DFT_Li3PS4/last_model.pth
EarlyStopping: 2 / 50

training
# Epoch batch         loss       loss_f       loss_e        f_mae       f_rmse     Li_f_mae      P_f_mae      S_f_mae  psavg_f_mae    Li_f_rmse     P_f_rmse     S_f_rmse psavg_f_rmse        e_mae      e/N_mae       e_rmse     e/N_rmse
     81    75      0.00745      0.00742     3.23e-05       0.0415       0.0563       0.0341       0.0762       0.0383       0.0495       0.0436       0.0999       0.0493       0.0643        0.475      0.00371        0.476      0.00372

validation
# Epoch batch         loss       loss_f       loss_e        f_mae       f_rmse     Li_f_mae      P_f_mae      S_f_mae  psavg_f_mae    Li_f_rmse     P_f_rmse     S_f_rmse psavg_f_rmse        e_mae      e/N_mae       e_rmse     e/N_rmse
     81   100      0.00653      0.00652     3.42e-06       0.0386       0.0528       0.0287       0.0732       0.0372       0.0464       0.0367       0.0928       0.0492       0.0596        0.146      0.00114        0.155      0.00121
     81   160       0.0176       0.0176      9.7e-06       0.0592       0.0868       0.0392        0.105       0.0628       0.0689       0.0489         0.14       0.0913       0.0935        0.235      0.00184        0.261      0.00204


  Train      #    Epoch      wal       LR       loss_f       loss_e         loss        f_mae       f_rmse     Li_f_mae      P_f_mae      S_f_mae  psavg_f_mae    Li_f_rmse     P_f_rmse     S_f_rmse psavg_f_rmse        e_mae      e/N_mae       e_rmse     e/N_rmse
! Train              81  487.933    0.001       0.0116     8.04e-05       0.0117       0.0499       0.0704       0.0346       0.0905       0.0512       0.0588       0.0447         0.12       0.0696       0.0779        0.603      0.00471        0.751      0.00587
! Validation         81  487.933    0.001      0.00953     3.75e-06      0.00953       0.0443       0.0639       0.0311       0.0828       0.0446       0.0528       0.0408        0.111        0.062       0.0711        0.134      0.00105        0.162      0.00127
Wall time: 487.93345473497175
! Best model       81    0.010
Saved trainer to results/Allegro_FPS_150_DFT_Li3PS4/run_Allegro_FPS_150_DFT_Li3PS4/trainer.pth
Saved last model to to results/Allegro_FPS_150_DFT_Li3PS4/run_Allegro_FPS_150_DFT_Li3PS4/last_model.pth
EarlyStopping: 3 / 50

training
# Epoch batch         loss       loss_f       loss_e        f_mae       f_rmse     Li_f_mae      P_f_mae      S_f_mae  psavg_f_mae    Li_f_rmse     P_f_rmse     S_f_rmse psavg_f_rmse        e_mae      e/N_mae       e_rmse     e/N_rmse
     82    75      0.00744      0.00741     3.26e-05       0.0414       0.0563       0.0341       0.0762       0.0382       0.0495       0.0435          0.1       0.0492       0.0642        0.477      0.00372        0.478      0.00373

validation
# Epoch batch         loss       loss_f       loss_e        f_mae       f_rmse     Li_f_mae      P_f_mae      S_f_mae  psavg_f_mae    Li_f_rmse     P_f_rmse     S_f_rmse psavg_f_rmse        e_mae      e/N_mae       e_rmse     e/N_rmse
     82   100      0.00651      0.00651     3.47e-06       0.0385       0.0528       0.0287       0.0731       0.0372       0.0463       0.0366       0.0927       0.0492       0.0595        0.147      0.00115        0.156      0.00122
     82   160       0.0176       0.0176     9.47e-06       0.0591       0.0867       0.0392        0.105       0.0627       0.0689       0.0488         0.14       0.0913       0.0935        0.233      0.00182        0.258      0.00201


  Train      #    Epoch      wal       LR       loss_f       loss_e         loss        f_mae       f_rmse     Li_f_mae      P_f_mae      S_f_mae  psavg_f_mae    Li_f_rmse     P_f_rmse     S_f_rmse psavg_f_rmse        e_mae      e/N_mae       e_rmse     e/N_rmse
! Train              82  493.725    0.001       0.0115     8.11e-05       0.0116       0.0498       0.0702       0.0345       0.0904       0.0511       0.0587       0.0446        0.119       0.0694       0.0778        0.605      0.00473        0.754      0.00589
! Validation         82  493.725    0.001       0.0095     3.74e-06       0.0095       0.0443       0.0638       0.0311       0.0827       0.0445       0.0528       0.0408         0.11       0.0619        0.071        0.134      0.00105        0.162      0.00127
Wall time: 493.72558979399037
! Best model       82    0.010
Saved trainer to results/Allegro_FPS_150_DFT_Li3PS4/run_Allegro_FPS_150_DFT_Li3PS4/trainer.pth
Saved last model to to results/Allegro_FPS_150_DFT_Li3PS4/run_Allegro_FPS_150_DFT_Li3PS4/last_model.pth

training
# Epoch batch         loss       loss_f       loss_e        f_mae       f_rmse     Li_f_mae      P_f_mae      S_f_mae  psavg_f_mae    Li_f_rmse     P_f_rmse     S_f_rmse psavg_f_rmse        e_mae      e/N_mae       e_rmse     e/N_rmse
     83    75      0.00738      0.00736     1.52e-05       0.0413       0.0561       0.0341       0.0758        0.038       0.0493       0.0436       0.0995        0.049        0.064        0.325      0.00254        0.326      0.00255

validation
# Epoch batch         loss       loss_f       loss_e        f_mae       f_rmse     Li_f_mae      P_f_mae      S_f_mae  psavg_f_mae    Li_f_rmse     P_f_rmse     S_f_rmse psavg_f_rmse        e_mae      e/N_mae       e_rmse     e/N_rmse
     83   100      0.00649      0.00649     3.21e-06       0.0384       0.0527       0.0286       0.0731       0.0371       0.0463       0.0366       0.0926       0.0491       0.0594        0.142      0.00111         0.15      0.00117
     83   160       0.0176       0.0175     9.03e-06        0.059       0.0866       0.0391        0.105       0.0626       0.0688       0.0487         0.14       0.0912       0.0934        0.229      0.00179        0.252      0.00197


  Train      #    Epoch      wal       LR       loss_f       loss_e         loss        f_mae       f_rmse     Li_f_mae      P_f_mae      S_f_mae  psavg_f_mae    Li_f_rmse     P_f_rmse     S_f_rmse psavg_f_rmse        e_mae      e/N_mae       e_rmse     e/N_rmse
! Train              83  499.594    0.001       0.0115      8.4e-05       0.0116       0.0497       0.0701       0.0345       0.0902        0.051       0.0585       0.0445        0.119       0.0692       0.0776        0.616      0.00481        0.767        0.006
! Validation         83  499.594    0.001      0.00947     3.58e-06      0.00948       0.0442       0.0637        0.031       0.0826       0.0444       0.0527       0.0407         0.11       0.0618        0.071         0.13      0.00102        0.159      0.00124
Wall time: 499.5946688199183
! Best model       83    0.009
Saved trainer to results/Allegro_FPS_150_DFT_Li3PS4/run_Allegro_FPS_150_DFT_Li3PS4/trainer.pth
Saved last model to to results/Allegro_FPS_150_DFT_Li3PS4/run_Allegro_FPS_150_DFT_Li3PS4/last_model.pth
EarlyStopping: 1 / 50

training
# Epoch batch         loss       loss_f       loss_e        f_mae       f_rmse     Li_f_mae      P_f_mae      S_f_mae  psavg_f_mae    Li_f_rmse     P_f_rmse     S_f_rmse psavg_f_rmse        e_mae      e/N_mae       e_rmse     e/N_rmse
     84    75      0.00732      0.00731     1.01e-05       0.0411       0.0559       0.0341       0.0755       0.0378       0.0491       0.0436       0.0992       0.0487       0.0638        0.265      0.00207        0.266      0.00208

validation
# Epoch batch         loss       loss_f       loss_e        f_mae       f_rmse     Li_f_mae      P_f_mae      S_f_mae  psavg_f_mae    Li_f_rmse     P_f_rmse     S_f_rmse psavg_f_rmse        e_mae      e/N_mae       e_rmse     e/N_rmse
     84   100      0.00647      0.00647     3.45e-06       0.0384       0.0526       0.0286        0.073       0.0371       0.0462       0.0365       0.0925        0.049       0.0593        0.147      0.00115        0.156      0.00122
     84   160       0.0175       0.0175     8.96e-06        0.059       0.0866       0.0391        0.105       0.0625       0.0687       0.0487         0.14       0.0911       0.0933        0.228      0.00178        0.251      0.00196


  Train      #    Epoch      wal       LR       loss_f       loss_e         loss        f_mae       f_rmse     Li_f_mae      P_f_mae      S_f_mae  psavg_f_mae    Li_f_rmse     P_f_rmse     S_f_rmse psavg_f_rmse        e_mae      e/N_mae       e_rmse     e/N_rmse
! Train              84  505.364    0.001       0.0114     8.73e-05       0.0115       0.0496         0.07       0.0344       0.0901       0.0509       0.0585       0.0445        0.119       0.0691       0.0775        0.639      0.00499        0.782      0.00611
! Validation         84  505.364    0.001      0.00944      3.7e-06      0.00945       0.0441       0.0636        0.031       0.0826       0.0444       0.0526       0.0406         0.11       0.0617       0.0709        0.133      0.00104        0.161      0.00126
Wall time: 505.36463710688986
! Best model       84    0.009
Saved trainer to results/Allegro_FPS_150_DFT_Li3PS4/run_Allegro_FPS_150_DFT_Li3PS4/trainer.pth
Saved last model to to results/Allegro_FPS_150_DFT_Li3PS4/run_Allegro_FPS_150_DFT_Li3PS4/last_model.pth
EarlyStopping: 2 / 50

training
# Epoch batch         loss       loss_f       loss_e        f_mae       f_rmse     Li_f_mae      P_f_mae      S_f_mae  psavg_f_mae    Li_f_rmse     P_f_rmse     S_f_rmse psavg_f_rmse        e_mae      e/N_mae       e_rmse     e/N_rmse
     85    75      0.00727      0.00727     4.09e-06        0.041       0.0558        0.034       0.0754       0.0376        0.049       0.0435       0.0991       0.0485       0.0637        0.167      0.00131        0.169      0.00132

validation
# Epoch batch         loss       loss_f       loss_e        f_mae       f_rmse     Li_f_mae      P_f_mae      S_f_mae  psavg_f_mae    Li_f_rmse     P_f_rmse     S_f_rmse psavg_f_rmse        e_mae      e/N_mae       e_rmse     e/N_rmse
     85   100      0.00646      0.00646     3.65e-06       0.0383       0.0526       0.0285        0.073        0.037       0.0462       0.0364       0.0925       0.0489       0.0593        0.151      0.00118         0.16      0.00125
     85   160       0.0175       0.0175        9e-06       0.0589       0.0865        0.039        0.105       0.0624       0.0686       0.0486         0.14       0.0911       0.0933        0.228      0.00178        0.251      0.00196


  Train      #    Epoch      wal       LR       loss_f       loss_e         loss        f_mae       f_rmse     Li_f_mae      P_f_mae      S_f_mae  psavg_f_mae    Li_f_rmse     P_f_rmse     S_f_rmse psavg_f_rmse        e_mae      e/N_mae       e_rmse     e/N_rmse
! Train              85  511.131    0.001       0.0114      8.8e-05       0.0115       0.0495       0.0698       0.0343       0.0899       0.0508       0.0583       0.0444        0.119       0.0689       0.0774         0.64        0.005        0.785      0.00614
! Validation         85  511.131    0.001      0.00942      3.8e-06      0.00942        0.044       0.0635       0.0309       0.0825       0.0443       0.0526       0.0405         0.11       0.0616       0.0708        0.136      0.00106        0.163      0.00127
Wall time: 511.1317334169289
! Best model       85    0.009
Saved trainer to results/Allegro_FPS_150_DFT_Li3PS4/run_Allegro_FPS_150_DFT_Li3PS4/trainer.pth
Saved last model to to results/Allegro_FPS_150_DFT_Li3PS4/run_Allegro_FPS_150_DFT_Li3PS4/last_model.pth
EarlyStopping: 3 / 50

training
# Epoch batch         loss       loss_f       loss_e        f_mae       f_rmse     Li_f_mae      P_f_mae      S_f_mae  psavg_f_mae    Li_f_rmse     P_f_rmse     S_f_rmse psavg_f_rmse        e_mae      e/N_mae       e_rmse     e/N_rmse
     86    75      0.00724      0.00724     1.02e-06       0.0409       0.0557       0.0339       0.0754       0.0375       0.0489       0.0434        0.099       0.0483       0.0636       0.0801     0.000626       0.0844     0.000659

validation
# Epoch batch         loss       loss_f       loss_e        f_mae       f_rmse     Li_f_mae      P_f_mae      S_f_mae  psavg_f_mae    Li_f_rmse     P_f_rmse     S_f_rmse psavg_f_rmse        e_mae      e/N_mae       e_rmse     e/N_rmse
     86   100      0.00644      0.00644     3.82e-06       0.0383       0.0525       0.0285        0.073        0.037       0.0461       0.0363       0.0924       0.0489       0.0592        0.155      0.00121        0.164      0.00128
     86   160       0.0175       0.0175     8.85e-06       0.0588       0.0865        0.039        0.104       0.0623       0.0686       0.0485         0.14        0.091       0.0932        0.226      0.00176        0.249      0.00195


  Train      #    Epoch      wal       LR       loss_f       loss_e         loss        f_mae       f_rmse     Li_f_mae      P_f_mae      S_f_mae  psavg_f_mae    Li_f_rmse     P_f_rmse     S_f_rmse psavg_f_rmse        e_mae      e/N_mae       e_rmse     e/N_rmse
! Train              86  517.032    0.001       0.0114      8.9e-05       0.0115       0.0494       0.0697       0.0343       0.0899       0.0507       0.0583       0.0443        0.119       0.0688       0.0773        0.641        0.005         0.79      0.00617
! Validation         86  517.032    0.001      0.00939     3.86e-06       0.0094        0.044       0.0634       0.0309       0.0824       0.0442       0.0525       0.0405         0.11       0.0615       0.0707        0.137      0.00107        0.164      0.00128
Wall time: 517.0324070199858
! Best model       86    0.009
Saved trainer to results/Allegro_FPS_150_DFT_Li3PS4/run_Allegro_FPS_150_DFT_Li3PS4/trainer.pth
Saved last model to to results/Allegro_FPS_150_DFT_Li3PS4/run_Allegro_FPS_150_DFT_Li3PS4/last_model.pth

training
# Epoch batch         loss       loss_f       loss_e        f_mae       f_rmse     Li_f_mae      P_f_mae      S_f_mae  psavg_f_mae    Li_f_rmse     P_f_rmse     S_f_rmse psavg_f_rmse        e_mae      e/N_mae       e_rmse     e/N_rmse
     87    75      0.00717      0.00717     1.46e-06       0.0407       0.0554       0.0339       0.0749       0.0372       0.0487       0.0434       0.0984        0.048       0.0633       0.0987     0.000771        0.101     0.000791

validation
# Epoch batch         loss       loss_f       loss_e        f_mae       f_rmse     Li_f_mae      P_f_mae      S_f_mae  psavg_f_mae    Li_f_rmse     P_f_rmse     S_f_rmse psavg_f_rmse        e_mae      e/N_mae       e_rmse     e/N_rmse
     87   100      0.00643      0.00642     3.71e-06       0.0382       0.0524       0.0284       0.0729       0.0369       0.0461       0.0363       0.0923       0.0488       0.0591        0.153      0.00119        0.161      0.00126
     87   160       0.0174       0.0174     8.68e-06       0.0587       0.0864       0.0389        0.104       0.0622       0.0685       0.0485         0.14       0.0909       0.0931        0.224      0.00175        0.247      0.00193


  Train      #    Epoch      wal       LR       loss_f       loss_e         loss        f_mae       f_rmse     Li_f_mae      P_f_mae      S_f_mae  psavg_f_mae    Li_f_rmse     P_f_rmse     S_f_rmse psavg_f_rmse        e_mae      e/N_mae       e_rmse     e/N_rmse
! Train              87  522.810    0.001       0.0113     9.58e-05       0.0114       0.0493       0.0696       0.0342       0.0897       0.0506       0.0582       0.0442        0.119       0.0687       0.0771        0.671      0.00525         0.82       0.0064
! Validation         87  522.810    0.001      0.00937     3.81e-06      0.00937       0.0439       0.0633       0.0308       0.0823       0.0441       0.0524       0.0404         0.11       0.0614       0.0706        0.136      0.00106        0.163      0.00128
Wall time: 522.8109482279979
! Best model       87    0.009
Saved trainer to results/Allegro_FPS_150_DFT_Li3PS4/run_Allegro_FPS_150_DFT_Li3PS4/trainer.pth
Saved last model to to results/Allegro_FPS_150_DFT_Li3PS4/run_Allegro_FPS_150_DFT_Li3PS4/last_model.pth
EarlyStopping: 1 / 50

training
# Epoch batch         loss       loss_f       loss_e        f_mae       f_rmse     Li_f_mae      P_f_mae      S_f_mae  psavg_f_mae    Li_f_rmse     P_f_rmse     S_f_rmse psavg_f_rmse        e_mae      e/N_mae       e_rmse     e/N_rmse
     88    75      0.00712      0.00712     7.44e-06       0.0406       0.0552       0.0339       0.0746       0.0371       0.0485       0.0434       0.0979       0.0478        0.063        0.227      0.00178        0.228      0.00178

validation
# Epoch batch         loss       loss_f       loss_e        f_mae       f_rmse     Li_f_mae      P_f_mae      S_f_mae  psavg_f_mae    Li_f_rmse     P_f_rmse     S_f_rmse psavg_f_rmse        e_mae      e/N_mae       e_rmse     e/N_rmse
     88   100      0.00641      0.00641     3.76e-06       0.0382       0.0524       0.0284       0.0728       0.0369        0.046       0.0362       0.0922       0.0487       0.0591        0.154       0.0012        0.162      0.00127
     88   160       0.0174       0.0174     8.46e-06       0.0587       0.0863       0.0389        0.104       0.0621       0.0684       0.0484         0.14       0.0908        0.093        0.221      0.00173        0.244       0.0019


  Train      #    Epoch      wal       LR       loss_f       loss_e         loss        f_mae       f_rmse     Li_f_mae      P_f_mae      S_f_mae  psavg_f_mae    Li_f_rmse     P_f_rmse     S_f_rmse psavg_f_rmse        e_mae      e/N_mae       e_rmse     e/N_rmse
! Train              88  528.616    0.001       0.0113     0.000101       0.0114       0.0492       0.0695       0.0341       0.0896       0.0505       0.0581       0.0441        0.118       0.0685        0.077        0.693      0.00541        0.843      0.00659
! Validation         88  528.616    0.001      0.00934     3.82e-06      0.00935       0.0438       0.0632       0.0308       0.0823        0.044       0.0524       0.0403         0.11       0.0613       0.0705        0.136      0.00106        0.164      0.00128
Wall time: 528.6168092569569
! Best model       88    0.009
Saved trainer to results/Allegro_FPS_150_DFT_Li3PS4/run_Allegro_FPS_150_DFT_Li3PS4/trainer.pth
Saved last model to to results/Allegro_FPS_150_DFT_Li3PS4/run_Allegro_FPS_150_DFT_Li3PS4/last_model.pth
EarlyStopping: 2 / 50

training
# Epoch batch         loss       loss_f       loss_e        f_mae       f_rmse     Li_f_mae      P_f_mae      S_f_mae  psavg_f_mae    Li_f_rmse     P_f_rmse     S_f_rmse psavg_f_rmse        e_mae      e/N_mae       e_rmse     e/N_rmse
     89    75      0.00708      0.00707     1.49e-05       0.0404        0.055       0.0338       0.0743       0.0368       0.0483       0.0434       0.0975       0.0476       0.0628        0.323      0.00252        0.324      0.00253

validation
# Epoch batch         loss       loss_f       loss_e        f_mae       f_rmse     Li_f_mae      P_f_mae      S_f_mae  psavg_f_mae    Li_f_rmse     P_f_rmse     S_f_rmse psavg_f_rmse        e_mae      e/N_mae       e_rmse     e/N_rmse
     89   100       0.0064      0.00639     4.02e-06       0.0382       0.0523       0.0283       0.0728       0.0369        0.046       0.0362       0.0921       0.0487        0.059        0.159      0.00124        0.168      0.00131
     89   160       0.0174       0.0174      8.4e-06       0.0586       0.0863       0.0389        0.104        0.062       0.0683       0.0484         0.14       0.0908        0.093         0.22      0.00172        0.243       0.0019


  Train      #    Epoch      wal       LR       loss_f       loss_e         loss        f_mae       f_rmse     Li_f_mae      P_f_mae      S_f_mae  psavg_f_mae    Li_f_rmse     P_f_rmse     S_f_rmse psavg_f_rmse        e_mae      e/N_mae       e_rmse     e/N_rmse
! Train              89  534.474    0.001       0.0112     0.000105       0.0113       0.0491       0.0693       0.0341       0.0895       0.0504        0.058       0.0441        0.118       0.0683       0.0769        0.706      0.00552        0.856      0.00669
! Validation         89  534.474    0.001      0.00932     3.97e-06      0.00932       0.0438       0.0631       0.0307       0.0822        0.044       0.0523       0.0403         0.11       0.0612       0.0704        0.139      0.00109        0.167       0.0013
Wall time: 534.4743953580037
! Best model       89    0.009
Saved trainer to results/Allegro_FPS_150_DFT_Li3PS4/run_Allegro_FPS_150_DFT_Li3PS4/trainer.pth
Saved last model to to results/Allegro_FPS_150_DFT_Li3PS4/run_Allegro_FPS_150_DFT_Li3PS4/last_model.pth
EarlyStopping: 3 / 50

training
# Epoch batch         loss       loss_f       loss_e        f_mae       f_rmse     Li_f_mae      P_f_mae      S_f_mae  psavg_f_mae    Li_f_rmse     P_f_rmse     S_f_rmse psavg_f_rmse        e_mae      e/N_mae       e_rmse     e/N_rmse
     90    75      0.00709      0.00706     3.42e-05       0.0404        0.055        0.034       0.0742       0.0367       0.0483       0.0435       0.0975       0.0474       0.0628        0.489      0.00382         0.49      0.00382

validation
# Epoch batch         loss       loss_f       loss_e        f_mae       f_rmse     Li_f_mae      P_f_mae      S_f_mae  psavg_f_mae    Li_f_rmse     P_f_rmse     S_f_rmse psavg_f_rmse        e_mae      e/N_mae       e_rmse     e/N_rmse
     90   100      0.00639      0.00638     4.09e-06       0.0381       0.0523       0.0283       0.0727       0.0368        0.046       0.0361       0.0921       0.0486       0.0589         0.16      0.00125        0.169      0.00132
     90   160       0.0174       0.0174     8.24e-06       0.0585       0.0862       0.0388        0.104        0.062       0.0683       0.0483         0.14       0.0907       0.0929        0.218       0.0017         0.24      0.00188


  Train      #    Epoch      wal       LR       loss_f       loss_e         loss        f_mae       f_rmse     Li_f_mae      P_f_mae      S_f_mae  psavg_f_mae    Li_f_rmse     P_f_rmse     S_f_rmse psavg_f_rmse        e_mae      e/N_mae       e_rmse     e/N_rmse
! Train              90  540.254    0.001       0.0112      0.00011       0.0113       0.0491       0.0692        0.034       0.0894       0.0503       0.0579        0.044        0.118       0.0682       0.0767        0.723      0.00565        0.879      0.00687
! Validation         90  540.254    0.001      0.00929     4.02e-06       0.0093       0.0437       0.0631       0.0307       0.0821       0.0439       0.0522       0.0402         0.11       0.0611       0.0703         0.14       0.0011        0.168      0.00131
Wall time: 540.2552525749197
! Best model       90    0.009
Saved trainer to results/Allegro_FPS_150_DFT_Li3PS4/run_Allegro_FPS_150_DFT_Li3PS4/trainer.pth
Saved last model to to results/Allegro_FPS_150_DFT_Li3PS4/run_Allegro_FPS_150_DFT_Li3PS4/last_model.pth
EarlyStopping: 4 / 50

training
# Epoch batch         loss       loss_f       loss_e        f_mae       f_rmse     Li_f_mae      P_f_mae      S_f_mae  psavg_f_mae    Li_f_rmse     P_f_rmse     S_f_rmse psavg_f_rmse        e_mae      e/N_mae       e_rmse     e/N_rmse
     91    75      0.00705        0.007        5e-05       0.0401       0.0547        0.034       0.0739       0.0363       0.0481       0.0436        0.097       0.0471       0.0626        0.592      0.00462        0.592      0.00463

validation
# Epoch batch         loss       loss_f       loss_e        f_mae       f_rmse     Li_f_mae      P_f_mae      S_f_mae  psavg_f_mae    Li_f_rmse     P_f_rmse     S_f_rmse psavg_f_rmse        e_mae      e/N_mae       e_rmse     e/N_rmse
     91   100      0.00637      0.00636     4.28e-06        0.038       0.0522       0.0283       0.0726       0.0367       0.0459       0.0361        0.092       0.0485       0.0589        0.164      0.00128        0.173      0.00135
     91   160       0.0173       0.0173      8.3e-06       0.0585       0.0861       0.0388        0.104       0.0619       0.0682       0.0483         0.14       0.0906       0.0928        0.218      0.00171        0.241      0.00189


  Train      #    Epoch      wal       LR       loss_f       loss_e         loss        f_mae       f_rmse     Li_f_mae      P_f_mae      S_f_mae  psavg_f_mae    Li_f_rmse     P_f_rmse     S_f_rmse psavg_f_rmse        e_mae      e/N_mae       e_rmse     e/N_rmse
! Train              91  546.070    0.001       0.0112     0.000121       0.0113        0.049       0.0691        0.034       0.0892       0.0502       0.0578       0.0439        0.118       0.0681       0.0766        0.753      0.00588        0.921      0.00719
! Validation         91  546.070    0.001      0.00927     4.11e-06      0.00927       0.0437        0.063       0.0306        0.082       0.0438       0.0522       0.0402         0.11        0.061       0.0703        0.142      0.00111         0.17      0.00133
Wall time: 546.0705348498886
! Best model       91    0.009
Saved trainer to results/Allegro_FPS_150_DFT_Li3PS4/run_Allegro_FPS_150_DFT_Li3PS4/trainer.pth
Saved last model to to results/Allegro_FPS_150_DFT_Li3PS4/run_Allegro_FPS_150_DFT_Li3PS4/last_model.pth

training
# Epoch batch         loss       loss_f       loss_e        f_mae       f_rmse     Li_f_mae      P_f_mae      S_f_mae  psavg_f_mae    Li_f_rmse     P_f_rmse     S_f_rmse psavg_f_rmse        e_mae      e/N_mae       e_rmse     e/N_rmse
     92    75      0.00695      0.00689     5.22e-05       0.0398       0.0543        0.034       0.0732       0.0358       0.0477       0.0434       0.0961       0.0467       0.0621        0.604      0.00472        0.605      0.00473

validation
# Epoch batch         loss       loss_f       loss_e        f_mae       f_rmse     Li_f_mae      P_f_mae      S_f_mae  psavg_f_mae    Li_f_rmse     P_f_rmse     S_f_rmse psavg_f_rmse        e_mae      e/N_mae       e_rmse     e/N_rmse
     92   100      0.00635      0.00635     4.42e-06        0.038       0.0521       0.0282       0.0726       0.0367       0.0458        0.036       0.0919       0.0485       0.0588        0.166       0.0013        0.176      0.00138
     92   160       0.0173       0.0173     8.25e-06       0.0584       0.0861       0.0387        0.104       0.0618       0.0681       0.0482        0.139       0.0906       0.0927        0.218       0.0017         0.24      0.00188


  Train      #    Epoch      wal       LR       loss_f       loss_e         loss        f_mae       f_rmse     Li_f_mae      P_f_mae      S_f_mae  psavg_f_mae    Li_f_rmse     P_f_rmse     S_f_rmse psavg_f_rmse        e_mae      e/N_mae       e_rmse     e/N_rmse
! Train              92  551.847    0.001       0.0112     0.000135       0.0113        0.049       0.0691       0.0339       0.0891       0.0502       0.0578       0.0439        0.118       0.0681       0.0766        0.781      0.00611        0.971      0.00759
! Validation         92  551.847    0.001      0.00925     4.17e-06      0.00925       0.0436       0.0629       0.0306       0.0819       0.0438       0.0521       0.0401         0.11       0.0609       0.0702        0.143      0.00112        0.171      0.00134
Wall time: 551.8482932539191
! Best model       92    0.009
Saved trainer to results/Allegro_FPS_150_DFT_Li3PS4/run_Allegro_FPS_150_DFT_Li3PS4/trainer.pth
Saved last model to to results/Allegro_FPS_150_DFT_Li3PS4/run_Allegro_FPS_150_DFT_Li3PS4/last_model.pth
EarlyStopping: 1 / 50

training
# Epoch batch         loss       loss_f       loss_e        f_mae       f_rmse     Li_f_mae      P_f_mae      S_f_mae  psavg_f_mae    Li_f_rmse     P_f_rmse     S_f_rmse psavg_f_rmse        e_mae      e/N_mae       e_rmse     e/N_rmse
     93    75      0.00684      0.00681     3.17e-05       0.0395        0.054       0.0337       0.0728       0.0355       0.0473        0.043       0.0956       0.0465       0.0617        0.469      0.00367        0.471      0.00368

validation
# Epoch batch         loss       loss_f       loss_e        f_mae       f_rmse     Li_f_mae      P_f_mae      S_f_mae  psavg_f_mae    Li_f_rmse     P_f_rmse     S_f_rmse psavg_f_rmse        e_mae      e/N_mae       e_rmse     e/N_rmse
     93   100      0.00634      0.00634     4.31e-06        0.038       0.0521       0.0282       0.0726       0.0367       0.0458        0.036       0.0918       0.0484       0.0587        0.165      0.00129        0.174      0.00136
     93   160       0.0173       0.0173     8.29e-06       0.0583        0.086       0.0387        0.104       0.0617       0.0681       0.0482        0.139       0.0906       0.0927        0.218       0.0017        0.241      0.00188


  Train      #    Epoch      wal       LR       loss_f       loss_e         loss        f_mae       f_rmse     Li_f_mae      P_f_mae      S_f_mae  psavg_f_mae    Li_f_rmse     P_f_rmse     S_f_rmse psavg_f_rmse        e_mae      e/N_mae       e_rmse     e/N_rmse
! Train              93  557.605    0.001       0.0111     0.000149       0.0113       0.0489        0.069       0.0339        0.089       0.0502       0.0577       0.0438        0.118        0.068       0.0764        0.822      0.00642         1.02        0.008
! Validation         93  557.605    0.001      0.00922      4.1e-06      0.00923       0.0435       0.0628       0.0306       0.0819       0.0437        0.052       0.0401        0.109       0.0608       0.0701        0.142      0.00111         0.17      0.00132
Wall time: 557.6057227549609
! Best model       93    0.009
Saved trainer to results/Allegro_FPS_150_DFT_Li3PS4/run_Allegro_FPS_150_DFT_Li3PS4/trainer.pth
Saved last model to to results/Allegro_FPS_150_DFT_Li3PS4/run_Allegro_FPS_150_DFT_Li3PS4/last_model.pth
EarlyStopping: 2 / 50

training
# Epoch batch         loss       loss_f       loss_e        f_mae       f_rmse     Li_f_mae      P_f_mae      S_f_mae  psavg_f_mae    Li_f_rmse     P_f_rmse     S_f_rmse psavg_f_rmse        e_mae      e/N_mae       e_rmse     e/N_rmse
     94    75      0.00674      0.00674     9.01e-07       0.0393       0.0537       0.0334       0.0722       0.0355        0.047       0.0426       0.0948       0.0465       0.0613       0.0595     0.000465       0.0795     0.000621

validation
# Epoch batch         loss       loss_f       loss_e        f_mae       f_rmse     Li_f_mae      P_f_mae      S_f_mae  psavg_f_mae    Li_f_rmse     P_f_rmse     S_f_rmse psavg_f_rmse        e_mae      e/N_mae       e_rmse     e/N_rmse
     94   100      0.00633      0.00632     4.33e-06       0.0379        0.052       0.0281       0.0725       0.0366       0.0458       0.0359       0.0918       0.0483       0.0587        0.164      0.00128        0.174      0.00136
     94   160       0.0173       0.0173     8.82e-06       0.0583        0.086       0.0387        0.104       0.0617        0.068       0.0481        0.139       0.0906       0.0927        0.223      0.00174        0.249      0.00194


  Train      #    Epoch      wal       LR       loss_f       loss_e         loss        f_mae       f_rmse     Li_f_mae      P_f_mae      S_f_mae  psavg_f_mae    Li_f_rmse     P_f_rmse     S_f_rmse psavg_f_rmse        e_mae      e/N_mae       e_rmse     e/N_rmse
! Train              94  563.392    0.001       0.0111     0.000155       0.0112       0.0488       0.0689       0.0338       0.0889       0.0501       0.0576       0.0437        0.117       0.0679       0.0763        0.857       0.0067         1.04      0.00814
! Validation         94  563.392    0.001       0.0092     4.08e-06      0.00921       0.0435       0.0628       0.0305       0.0818       0.0436        0.052         0.04        0.109       0.0607         0.07        0.142      0.00111        0.169      0.00132
Wall time: 563.3928196768975
! Best model       94    0.009
Saved trainer to results/Allegro_FPS_150_DFT_Li3PS4/run_Allegro_FPS_150_DFT_Li3PS4/trainer.pth
Saved last model to to results/Allegro_FPS_150_DFT_Li3PS4/run_Allegro_FPS_150_DFT_Li3PS4/last_model.pth
EarlyStopping: 3 / 50

training
# Epoch batch         loss       loss_f       loss_e        f_mae       f_rmse     Li_f_mae      P_f_mae      S_f_mae  psavg_f_mae    Li_f_rmse     P_f_rmse     S_f_rmse psavg_f_rmse        e_mae      e/N_mae       e_rmse     e/N_rmse
     95    75      0.00667      0.00667     4.82e-06       0.0391       0.0534       0.0334       0.0716       0.0352       0.0467       0.0425       0.0942       0.0462        0.061        0.173      0.00135        0.184      0.00144

validation
# Epoch batch         loss       loss_f       loss_e        f_mae       f_rmse     Li_f_mae      P_f_mae      S_f_mae  psavg_f_mae    Li_f_rmse     P_f_rmse     S_f_rmse psavg_f_rmse        e_mae      e/N_mae       e_rmse     e/N_rmse
     95   100      0.00631       0.0063      3.7e-06       0.0379       0.0519       0.0281       0.0725       0.0366       0.0457       0.0359       0.0917       0.0483       0.0586        0.152      0.00119        0.161      0.00126
     95   160       0.0173       0.0173     8.91e-06       0.0582       0.0859       0.0386        0.104       0.0616       0.0679       0.0481        0.139       0.0906       0.0926        0.224      0.00175         0.25      0.00195


  Train      #    Epoch      wal       LR       loss_f       loss_e         loss        f_mae       f_rmse     Li_f_mae      P_f_mae      S_f_mae  psavg_f_mae    Li_f_rmse     P_f_rmse     S_f_rmse psavg_f_rmse        e_mae      e/N_mae       e_rmse     e/N_rmse
! Train              95  569.167    0.001        0.011     0.000138       0.0112       0.0487       0.0687       0.0337       0.0888       0.0499       0.0575       0.0436        0.117       0.0677       0.0762        0.821      0.00642        0.982      0.00768
! Validation         95  569.167    0.001      0.00918     3.72e-06      0.00918       0.0434       0.0627       0.0305       0.0817       0.0436       0.0519         0.04        0.109       0.0606       0.0699        0.134      0.00104        0.161      0.00126
Wall time: 569.1676418939605
! Best model       95    0.009
Saved trainer to results/Allegro_FPS_150_DFT_Li3PS4/run_Allegro_FPS_150_DFT_Li3PS4/trainer.pth
Saved last model to to results/Allegro_FPS_150_DFT_Li3PS4/run_Allegro_FPS_150_DFT_Li3PS4/last_model.pth
EarlyStopping: 4 / 50

training
# Epoch batch         loss       loss_f       loss_e        f_mae       f_rmse     Li_f_mae      P_f_mae      S_f_mae  psavg_f_mae    Li_f_rmse     P_f_rmse     S_f_rmse psavg_f_rmse        e_mae      e/N_mae       e_rmse     e/N_rmse
     96    75      0.00665      0.00664     8.06e-06        0.039       0.0533       0.0335       0.0715       0.0351       0.0467       0.0427       0.0939       0.0459       0.0608        0.227      0.00178        0.238      0.00186

validation
# Epoch batch         loss       loss_f       loss_e        f_mae       f_rmse     Li_f_mae      P_f_mae      S_f_mae  psavg_f_mae    Li_f_rmse     P_f_rmse     S_f_rmse psavg_f_rmse        e_mae      e/N_mae       e_rmse     e/N_rmse
     96   100      0.00629      0.00628     3.55e-06       0.0378       0.0519       0.0281       0.0724       0.0365       0.0457       0.0358       0.0916       0.0482       0.0585        0.149      0.00116        0.158      0.00123
     96   160       0.0172       0.0172     9.19e-06       0.0581       0.0859       0.0386        0.103       0.0615       0.0678        0.048        0.139       0.0905       0.0925        0.226      0.00176        0.254      0.00198


  Train      #    Epoch      wal       LR       loss_f       loss_e         loss        f_mae       f_rmse     Li_f_mae      P_f_mae      S_f_mae  psavg_f_mae    Li_f_rmse     P_f_rmse     S_f_rmse psavg_f_rmse        e_mae      e/N_mae       e_rmse     e/N_rmse
! Train              96  575.005    0.001        0.011     0.000116       0.0111       0.0485       0.0685       0.0336       0.0887       0.0497       0.0573       0.0435        0.117       0.0673        0.076        0.754      0.00589        0.903      0.00706
! Validation         96  575.005    0.001      0.00916     3.58e-06      0.00916       0.0434       0.0626       0.0304       0.0817       0.0435       0.0519       0.0399        0.109       0.0606       0.0699        0.131      0.00102        0.158      0.00124
Wall time: 575.0059182419209
! Best model       96    0.009
Saved trainer to results/Allegro_FPS_150_DFT_Li3PS4/run_Allegro_FPS_150_DFT_Li3PS4/trainer.pth
Saved last model to to results/Allegro_FPS_150_DFT_Li3PS4/run_Allegro_FPS_150_DFT_Li3PS4/last_model.pth

training
# Epoch batch         loss       loss_f       loss_e        f_mae       f_rmse     Li_f_mae      P_f_mae      S_f_mae  psavg_f_mae    Li_f_rmse     P_f_rmse     S_f_rmse psavg_f_rmse        e_mae      e/N_mae       e_rmse     e/N_rmse
     97    75      0.00664      0.00663     7.58e-06        0.039       0.0533       0.0337       0.0715       0.0349       0.0467       0.0428       0.0939       0.0458       0.0608        0.219      0.00171        0.231       0.0018

validation
# Epoch batch         loss       loss_f       loss_e        f_mae       f_rmse     Li_f_mae      P_f_mae      S_f_mae  psavg_f_mae    Li_f_rmse     P_f_rmse     S_f_rmse psavg_f_rmse        e_mae      e/N_mae       e_rmse     e/N_rmse
     97   100      0.00627      0.00627     3.46e-06       0.0378       0.0518        0.028       0.0724       0.0365       0.0456       0.0358       0.0915       0.0481       0.0584        0.146      0.00114        0.156      0.00122
     97   160       0.0172       0.0172     9.28e-06       0.0581       0.0858       0.0385        0.103       0.0614       0.0678        0.048        0.139       0.0904       0.0924        0.227      0.00177        0.255      0.00199


  Train      #    Epoch      wal       LR       loss_f       loss_e         loss        f_mae       f_rmse     Li_f_mae      P_f_mae      S_f_mae  psavg_f_mae    Li_f_rmse     P_f_rmse     S_f_rmse psavg_f_rmse        e_mae      e/N_mae       e_rmse     e/N_rmse
! Train              97  580.806    0.001       0.0109     0.000107        0.011       0.0484       0.0683       0.0336       0.0885       0.0495       0.0572       0.0434        0.117       0.0671       0.0758        0.716      0.00559        0.866      0.00677
! Validation         97  580.806    0.001      0.00913     3.53e-06      0.00914       0.0433       0.0625       0.0304       0.0816       0.0434       0.0518       0.0398        0.109       0.0604       0.0698        0.129      0.00101        0.157      0.00123
Wall time: 580.807433801936
! Best model       97    0.009
Saved trainer to results/Allegro_FPS_150_DFT_Li3PS4/run_Allegro_FPS_150_DFT_Li3PS4/trainer.pth
Saved last model to to results/Allegro_FPS_150_DFT_Li3PS4/run_Allegro_FPS_150_DFT_Li3PS4/last_model.pth
EarlyStopping: 1 / 50

training
# Epoch batch         loss       loss_f       loss_e        f_mae       f_rmse     Li_f_mae      P_f_mae      S_f_mae  psavg_f_mae    Li_f_rmse     P_f_rmse     S_f_rmse psavg_f_rmse        e_mae      e/N_mae       e_rmse     e/N_rmse
     98    75      0.00665      0.00665      7.3e-06       0.0391       0.0533        0.034       0.0716       0.0349       0.0468       0.0432       0.0939       0.0456       0.0609        0.213      0.00167        0.226      0.00177

validation
# Epoch batch         loss       loss_f       loss_e        f_mae       f_rmse     Li_f_mae      P_f_mae      S_f_mae  psavg_f_mae    Li_f_rmse     P_f_rmse     S_f_rmse psavg_f_rmse        e_mae      e/N_mae       e_rmse     e/N_rmse
     98   100      0.00626      0.00626     3.66e-06       0.0377       0.0517        0.028       0.0723       0.0364       0.0456       0.0357       0.0914        0.048       0.0584         0.15      0.00117         0.16      0.00125
     98   160       0.0172       0.0172      9.6e-06        0.058       0.0857       0.0385        0.103       0.0613       0.0677       0.0479        0.139       0.0903       0.0923        0.229      0.00179         0.26      0.00203


  Train      #    Epoch      wal       LR       loss_f       loss_e         loss        f_mae       f_rmse     Li_f_mae      P_f_mae      S_f_mae  psavg_f_mae    Li_f_rmse     P_f_rmse     S_f_rmse psavg_f_rmse        e_mae      e/N_mae       e_rmse     e/N_rmse
! Train              98  586.595    0.001       0.0109     9.94e-05        0.011       0.0483       0.0682       0.0335       0.0884       0.0494       0.0571       0.0434        0.117       0.0669       0.0757        0.693      0.00542        0.835      0.00652
! Validation         98  586.595    0.001      0.00911     3.63e-06      0.00911       0.0432       0.0624       0.0303       0.0815       0.0434       0.0517       0.0398        0.109       0.0604       0.0697        0.132      0.00103         0.16      0.00125
Wall time: 586.5959268329898
! Best model       98    0.009
Saved trainer to results/Allegro_FPS_150_DFT_Li3PS4/run_Allegro_FPS_150_DFT_Li3PS4/trainer.pth
Saved last model to to results/Allegro_FPS_150_DFT_Li3PS4/run_Allegro_FPS_150_DFT_Li3PS4/last_model.pth
EarlyStopping: 2 / 50

training
# Epoch batch         loss       loss_f       loss_e        f_mae       f_rmse     Li_f_mae      P_f_mae      S_f_mae  psavg_f_mae    Li_f_rmse     P_f_rmse     S_f_rmse psavg_f_rmse        e_mae      e/N_mae       e_rmse     e/N_rmse
     99    75      0.00667      0.00667      7.9e-06       0.0392       0.0534       0.0342       0.0718       0.0349        0.047       0.0435       0.0942       0.0455       0.0611        0.222      0.00173        0.235      0.00184

validation
# Epoch batch         loss       loss_f       loss_e        f_mae       f_rmse     Li_f_mae      P_f_mae      S_f_mae  psavg_f_mae    Li_f_rmse     P_f_rmse     S_f_rmse psavg_f_rmse        e_mae      e/N_mae       e_rmse     e/N_rmse
     99   100      0.00624      0.00624      3.5e-06       0.0377       0.0517        0.028       0.0722       0.0364       0.0455       0.0357       0.0913        0.048       0.0583        0.147      0.00115        0.157      0.00122
     99   160       0.0171       0.0171     9.47e-06       0.0579       0.0856       0.0385        0.103       0.0612       0.0676       0.0479        0.139       0.0902       0.0922        0.228      0.00178        0.258      0.00201


  Train      #    Epoch      wal       LR       loss_f       loss_e         loss        f_mae       f_rmse     Li_f_mae      P_f_mae      S_f_mae  psavg_f_mae    Li_f_rmse     P_f_rmse     S_f_rmse psavg_f_rmse        e_mae      e/N_mae       e_rmse     e/N_rmse
! Train              99  592.408    0.001       0.0108     9.38e-05       0.0109       0.0483       0.0681       0.0335       0.0883       0.0493        0.057       0.0433        0.117       0.0668       0.0756        0.668      0.00522        0.811      0.00634
! Validation         99  592.408    0.001      0.00909      3.5e-06      0.00909       0.0432       0.0624       0.0303       0.0814       0.0433       0.0517       0.0397        0.109       0.0603       0.0696        0.129        0.001        0.157      0.00122
Wall time: 592.4090225599939
! Best model       99    0.009
Saved trainer to results/Allegro_FPS_150_DFT_Li3PS4/run_Allegro_FPS_150_DFT_Li3PS4/trainer.pth
Saved last model to to results/Allegro_FPS_150_DFT_Li3PS4/run_Allegro_FPS_150_DFT_Li3PS4/last_model.pth
EarlyStopping: 3 / 50

training
# Epoch batch         loss       loss_f       loss_e        f_mae       f_rmse     Li_f_mae      P_f_mae      S_f_mae  psavg_f_mae    Li_f_rmse     P_f_rmse     S_f_rmse psavg_f_rmse        e_mae      e/N_mae       e_rmse     e/N_rmse
    100    75       0.0067      0.00669     7.38e-06       0.0394       0.0535       0.0345       0.0718       0.0349       0.0471       0.0437       0.0943       0.0456       0.0612        0.213      0.00167        0.228      0.00178

validation
# Epoch batch         loss       loss_f       loss_e        f_mae       f_rmse     Li_f_mae      P_f_mae      S_f_mae  psavg_f_mae    Li_f_rmse     P_f_rmse     S_f_rmse psavg_f_rmse        e_mae      e/N_mae       e_rmse     e/N_rmse
    100   100      0.00623      0.00622     3.47e-06       0.0377       0.0516        0.028       0.0721       0.0363       0.0454       0.0356       0.0912       0.0479       0.0582        0.146      0.00114        0.156      0.00122
    100   160       0.0171       0.0171      9.5e-06       0.0579       0.0855       0.0384        0.103       0.0612       0.0676       0.0478        0.139       0.0901       0.0922        0.227      0.00177        0.258      0.00202


  Train      #    Epoch      wal       LR       loss_f       loss_e         loss        f_mae       f_rmse     Li_f_mae      P_f_mae      S_f_mae  psavg_f_mae    Li_f_rmse     P_f_rmse     S_f_rmse psavg_f_rmse        e_mae      e/N_mae       e_rmse     e/N_rmse
! Train             100  598.251    0.001       0.0108     9.28e-05       0.0109       0.0482        0.068       0.0335       0.0881       0.0492        0.057       0.0433        0.116       0.0667       0.0755        0.661      0.00516        0.807       0.0063
! Validation        100  598.251    0.001      0.00906     3.49e-06      0.00907       0.0431       0.0623       0.0303       0.0814       0.0432       0.0516       0.0397        0.109       0.0602       0.0695        0.128        0.001        0.156      0.00122
Wall time: 598.2521839269903
! Best model      100    0.009
Saved trainer to results/Allegro_FPS_150_DFT_Li3PS4/run_Allegro_FPS_150_DFT_Li3PS4/trainer.pth
Saved last model to to results/Allegro_FPS_150_DFT_Li3PS4/run_Allegro_FPS_150_DFT_Li3PS4/last_model.pth
EarlyStopping: 4 / 50

training
# Epoch batch         loss       loss_f       loss_e        f_mae       f_rmse     Li_f_mae      P_f_mae      S_f_mae  psavg_f_mae    Li_f_rmse     P_f_rmse     S_f_rmse psavg_f_rmse        e_mae      e/N_mae       e_rmse     e/N_rmse
    101    75      0.00671      0.00671     4.52e-06       0.0395       0.0536       0.0348       0.0718       0.0349       0.0472       0.0441       0.0942       0.0454       0.0612        0.157      0.00123        0.178      0.00139

validation
# Epoch batch         loss       loss_f       loss_e        f_mae       f_rmse     Li_f_mae      P_f_mae      S_f_mae  psavg_f_mae    Li_f_rmse     P_f_rmse     S_f_rmse psavg_f_rmse        e_mae      e/N_mae       e_rmse     e/N_rmse
    101   100      0.00621      0.00621     3.38e-06       0.0376       0.0516       0.0279       0.0721       0.0363       0.0454       0.0356       0.0911       0.0478       0.0582        0.145      0.00113        0.154       0.0012
    101   160       0.0171       0.0171     9.25e-06       0.0578       0.0855       0.0384        0.103       0.0611       0.0675       0.0478        0.139         0.09       0.0921        0.225      0.00175        0.255      0.00199


  Train      #    Epoch      wal       LR       loss_f       loss_e         loss        f_mae       f_rmse     Li_f_mae      P_f_mae      S_f_mae  psavg_f_mae    Li_f_rmse     P_f_rmse     S_f_rmse psavg_f_rmse        e_mae      e/N_mae       e_rmse     e/N_rmse
! Train             101  604.036    0.001       0.0108     8.99e-05       0.0109       0.0481       0.0679       0.0335        0.088       0.0492       0.0569       0.0433        0.116       0.0666       0.0753         0.65      0.00508        0.794       0.0062
! Validation        101  604.036    0.001      0.00904     3.42e-06      0.00904       0.0431       0.0622       0.0302       0.0813       0.0431       0.0515       0.0396        0.109       0.0601       0.0695        0.127      0.00099        0.155      0.00121
Wall time: 604.0366313079139
! Best model      101    0.009
Saved trainer to results/Allegro_FPS_150_DFT_Li3PS4/run_Allegro_FPS_150_DFT_Li3PS4/trainer.pth
Saved last model to to results/Allegro_FPS_150_DFT_Li3PS4/run_Allegro_FPS_150_DFT_Li3PS4/last_model.pth

training
# Epoch batch         loss       loss_f       loss_e        f_mae       f_rmse     Li_f_mae      P_f_mae      S_f_mae  psavg_f_mae    Li_f_rmse     P_f_rmse     S_f_rmse psavg_f_rmse        e_mae      e/N_mae       e_rmse     e/N_rmse
    102    75       0.0067       0.0067     3.74e-06       0.0395       0.0535       0.0349       0.0716       0.0349       0.0472       0.0442        0.094       0.0454       0.0612        0.138      0.00108        0.162      0.00127

validation
# Epoch batch         loss       loss_f       loss_e        f_mae       f_rmse     Li_f_mae      P_f_mae      S_f_mae  psavg_f_mae    Li_f_rmse     P_f_rmse     S_f_rmse psavg_f_rmse        e_mae      e/N_mae       e_rmse     e/N_rmse
    102   100       0.0062       0.0062     3.72e-06       0.0376       0.0515       0.0279        0.072       0.0362       0.0454       0.0356        0.091       0.0478       0.0581        0.152      0.00118        0.161      0.00126
    102   160        0.017        0.017     9.48e-06       0.0577       0.0854       0.0383        0.103        0.061       0.0674       0.0477        0.138       0.0899        0.092        0.225      0.00176        0.258      0.00201


  Train      #    Epoch      wal       LR       loss_f       loss_e         loss        f_mae       f_rmse     Li_f_mae      P_f_mae      S_f_mae  psavg_f_mae    Li_f_rmse     P_f_rmse     S_f_rmse psavg_f_rmse        e_mae      e/N_mae       e_rmse     e/N_rmse
! Train             102  609.826    0.001       0.0107     8.77e-05       0.0108       0.0481       0.0678       0.0334       0.0879       0.0491       0.0568       0.0432        0.116       0.0665       0.0752        0.642      0.00501        0.784      0.00613
! Validation        102  609.826    0.001      0.00902     3.59e-06      0.00902        0.043       0.0621       0.0302       0.0812       0.0431       0.0515       0.0396        0.109         0.06       0.0694        0.131      0.00102        0.159      0.00124
Wall time: 609.8270611009793
! Best model      102    0.009
Saved trainer to results/Allegro_FPS_150_DFT_Li3PS4/run_Allegro_FPS_150_DFT_Li3PS4/trainer.pth
Saved last model to to results/Allegro_FPS_150_DFT_Li3PS4/run_Allegro_FPS_150_DFT_Li3PS4/last_model.pth
EarlyStopping: 1 / 50

training
# Epoch batch         loss       loss_f       loss_e        f_mae       f_rmse     Li_f_mae      P_f_mae      S_f_mae  psavg_f_mae    Li_f_rmse     P_f_rmse     S_f_rmse psavg_f_rmse        e_mae      e/N_mae       e_rmse     e/N_rmse
    103    75       0.0067      0.00669     3.83e-06       0.0395       0.0535        0.035       0.0717        0.035       0.0472       0.0442       0.0939       0.0454       0.0612        0.139      0.00109        0.164      0.00128

validation
# Epoch batch         loss       loss_f       loss_e        f_mae       f_rmse     Li_f_mae      P_f_mae      S_f_mae  psavg_f_mae    Li_f_rmse     P_f_rmse     S_f_rmse psavg_f_rmse        e_mae      e/N_mae       e_rmse     e/N_rmse
    103   100      0.00618      0.00618     3.57e-06       0.0375       0.0514       0.0279       0.0719       0.0362       0.0453       0.0355       0.0909       0.0477        0.058        0.149      0.00116        0.158      0.00124
    103   160        0.017        0.017     9.31e-06       0.0577       0.0853       0.0383        0.103       0.0609       0.0674       0.0477        0.138       0.0898       0.0919        0.224      0.00175        0.255        0.002


  Train      #    Epoch      wal       LR       loss_f       loss_e         loss        f_mae       f_rmse     Li_f_mae      P_f_mae      S_f_mae  psavg_f_mae    Li_f_rmse     P_f_rmse     S_f_rmse psavg_f_rmse        e_mae      e/N_mae       e_rmse     e/N_rmse
! Train             103  615.843    0.001       0.0107     9.19e-05       0.0108        0.048       0.0676       0.0334       0.0877        0.049       0.0567       0.0431        0.116       0.0663       0.0751        0.653      0.00511        0.803      0.00627
! Validation        103  615.843    0.001      0.00899      3.5e-06        0.009       0.0429        0.062       0.0301       0.0811        0.043       0.0514       0.0395        0.108       0.0599       0.0693        0.129      0.00101        0.157      0.00122
Wall time: 615.8443279659841
! Best model      103    0.009
Saved trainer to results/Allegro_FPS_150_DFT_Li3PS4/run_Allegro_FPS_150_DFT_Li3PS4/trainer.pth
Saved last model to to results/Allegro_FPS_150_DFT_Li3PS4/run_Allegro_FPS_150_DFT_Li3PS4/last_model.pth
EarlyStopping: 2 / 50

training
# Epoch batch         loss       loss_f       loss_e        f_mae       f_rmse     Li_f_mae      P_f_mae      S_f_mae  psavg_f_mae    Li_f_rmse     P_f_rmse     S_f_rmse psavg_f_rmse        e_mae      e/N_mae       e_rmse     e/N_rmse
    104    75      0.00668      0.00668      4.5e-06       0.0395       0.0535       0.0351       0.0715       0.0348       0.0471       0.0444       0.0937       0.0452       0.0611        0.153      0.00119        0.178      0.00139

validation
# Epoch batch         loss       loss_f       loss_e        f_mae       f_rmse     Li_f_mae      P_f_mae      S_f_mae  psavg_f_mae    Li_f_rmse     P_f_rmse     S_f_rmse psavg_f_rmse        e_mae      e/N_mae       e_rmse     e/N_rmse
    104   100      0.00617      0.00617     3.57e-06       0.0375       0.0514       0.0278       0.0718       0.0362       0.0453       0.0355       0.0909       0.0477        0.058        0.149      0.00116        0.158      0.00124
    104   160        0.017        0.017     9.19e-06       0.0576       0.0852       0.0382        0.103       0.0609       0.0673       0.0476        0.138       0.0897       0.0918        0.223      0.00174        0.254      0.00198


  Train      #    Epoch      wal       LR       loss_f       loss_e         loss        f_mae       f_rmse     Li_f_mae      P_f_mae      S_f_mae  psavg_f_mae    Li_f_rmse     P_f_rmse     S_f_rmse psavg_f_rmse        e_mae      e/N_mae       e_rmse     e/N_rmse
! Train             104  621.768    0.001       0.0107     8.84e-05       0.0107       0.0479       0.0675       0.0334       0.0876       0.0489       0.0566       0.0431        0.116       0.0662        0.075        0.642      0.00501        0.787      0.00615
! Validation        104  621.768    0.001      0.00897     3.49e-06      0.00897       0.0429        0.062       0.0301        0.081       0.0429       0.0514       0.0395        0.108       0.0598       0.0692        0.128        0.001        0.156      0.00122
Wall time: 621.7691541409586
! Best model      104    0.009
Saved trainer to results/Allegro_FPS_150_DFT_Li3PS4/run_Allegro_FPS_150_DFT_Li3PS4/trainer.pth
Saved last model to to results/Allegro_FPS_150_DFT_Li3PS4/run_Allegro_FPS_150_DFT_Li3PS4/last_model.pth
EarlyStopping: 3 / 50

training
# Epoch batch         loss       loss_f       loss_e        f_mae       f_rmse     Li_f_mae      P_f_mae      S_f_mae  psavg_f_mae    Li_f_rmse     P_f_rmse     S_f_rmse psavg_f_rmse        e_mae      e/N_mae       e_rmse     e/N_rmse
    105    75      0.00673      0.00673     3.39e-06       0.0397       0.0537       0.0354       0.0717        0.035       0.0474       0.0448       0.0939       0.0453       0.0613        0.122      0.00095        0.154       0.0012

validation
# Epoch batch         loss       loss_f       loss_e        f_mae       f_rmse     Li_f_mae      P_f_mae      S_f_mae  psavg_f_mae    Li_f_rmse     P_f_rmse     S_f_rmse psavg_f_rmse        e_mae      e/N_mae       e_rmse     e/N_rmse
    105   100      0.00616      0.00615     3.66e-06       0.0375       0.0513       0.0278       0.0718       0.0361       0.0452       0.0354       0.0908       0.0476       0.0579        0.151      0.00118         0.16      0.00125
    105   160       0.0169       0.0169     9.21e-06       0.0576       0.0851       0.0382        0.103       0.0608       0.0672       0.0476        0.138       0.0895       0.0918        0.222      0.00173        0.254      0.00199


  Train      #    Epoch      wal       LR       loss_f       loss_e         loss        f_mae       f_rmse     Li_f_mae      P_f_mae      S_f_mae  psavg_f_mae    Li_f_rmse     P_f_rmse     S_f_rmse psavg_f_rmse        e_mae      e/N_mae       e_rmse     e/N_rmse
! Train             105  627.549    0.001       0.0106     8.75e-05       0.0107       0.0479       0.0674       0.0333       0.0875       0.0488       0.0566       0.0431        0.115       0.0661       0.0749        0.633      0.00494        0.783      0.00612
! Validation        105  627.549    0.001      0.00895     3.53e-06      0.00895       0.0428       0.0619       0.0301        0.081       0.0429       0.0513       0.0394        0.108       0.0597       0.0691         0.13      0.00101        0.157      0.00123
Wall time: 627.5496270159492
! Best model      105    0.009
Saved trainer to results/Allegro_FPS_150_DFT_Li3PS4/run_Allegro_FPS_150_DFT_Li3PS4/trainer.pth
Saved last model to to results/Allegro_FPS_150_DFT_Li3PS4/run_Allegro_FPS_150_DFT_Li3PS4/last_model.pth
EarlyStopping: 4 / 50

training
# Epoch batch         loss       loss_f       loss_e        f_mae       f_rmse     Li_f_mae      P_f_mae      S_f_mae  psavg_f_mae    Li_f_rmse     P_f_rmse     S_f_rmse psavg_f_rmse        e_mae      e/N_mae       e_rmse     e/N_rmse
    106    75       0.0067       0.0067     4.56e-06       0.0397       0.0535       0.0354       0.0715       0.0349       0.0473       0.0447       0.0937       0.0452       0.0612        0.152      0.00119        0.179       0.0014

validation
# Epoch batch         loss       loss_f       loss_e        f_mae       f_rmse     Li_f_mae      P_f_mae      S_f_mae  psavg_f_mae    Li_f_rmse     P_f_rmse     S_f_rmse psavg_f_rmse        e_mae      e/N_mae       e_rmse     e/N_rmse
    106   100      0.00614      0.00614     3.63e-06       0.0374       0.0513       0.0278       0.0717       0.0361       0.0452       0.0354       0.0907       0.0475       0.0579         0.15      0.00117        0.159      0.00125
    106   160       0.0169       0.0169     9.23e-06       0.0575       0.0851       0.0382        0.103       0.0607       0.0672       0.0475        0.138       0.0895       0.0917        0.222      0.00173        0.254      0.00199


  Train      #    Epoch      wal       LR       loss_f       loss_e         loss        f_mae       f_rmse     Li_f_mae      P_f_mae      S_f_mae  psavg_f_mae    Li_f_rmse     P_f_rmse     S_f_rmse psavg_f_rmse        e_mae      e/N_mae       e_rmse     e/N_rmse
! Train             106  633.501    0.001       0.0106     8.97e-05       0.0107       0.0478       0.0673       0.0333       0.0873       0.0488       0.0565        0.043        0.115        0.066       0.0748        0.644      0.00503        0.793       0.0062
! Validation        106  633.501    0.001      0.00893     3.52e-06      0.00893       0.0428       0.0618         0.03       0.0809       0.0428       0.0512       0.0394        0.108       0.0596       0.0691        0.129      0.00101        0.157      0.00123
Wall time: 633.502089981921
! Best model      106    0.009
Saved trainer to results/Allegro_FPS_150_DFT_Li3PS4/run_Allegro_FPS_150_DFT_Li3PS4/trainer.pth
Saved last model to to results/Allegro_FPS_150_DFT_Li3PS4/run_Allegro_FPS_150_DFT_Li3PS4/last_model.pth

training
# Epoch batch         loss       loss_f       loss_e        f_mae       f_rmse     Li_f_mae      P_f_mae      S_f_mae  psavg_f_mae    Li_f_rmse     P_f_rmse     S_f_rmse psavg_f_rmse        e_mae      e/N_mae       e_rmse     e/N_rmse
    107    75      0.00674      0.00673     3.04e-06       0.0398       0.0537       0.0356       0.0717        0.035       0.0475        0.045       0.0938       0.0452       0.0613        0.109     0.000854        0.146      0.00114

validation
# Epoch batch         loss       loss_f       loss_e        f_mae       f_rmse     Li_f_mae      P_f_mae      S_f_mae  psavg_f_mae    Li_f_rmse     P_f_rmse     S_f_rmse psavg_f_rmse        e_mae      e/N_mae       e_rmse     e/N_rmse
    107   100      0.00613      0.00612     3.77e-06       0.0374       0.0512       0.0278       0.0716        0.036       0.0451       0.0354       0.0906       0.0474       0.0578        0.153      0.00119        0.163      0.00127
    107   160       0.0169       0.0169      9.2e-06       0.0575        0.085       0.0381        0.103       0.0606       0.0671       0.0475        0.138       0.0894       0.0916        0.221      0.00172        0.254      0.00198


  Train      #    Epoch      wal       LR       loss_f       loss_e         loss        f_mae       f_rmse     Li_f_mae      P_f_mae      S_f_mae  psavg_f_mae    Li_f_rmse     P_f_rmse     S_f_rmse psavg_f_rmse        e_mae      e/N_mae       e_rmse     e/N_rmse
! Train             107  639.245    0.001       0.0106     8.98e-05       0.0106       0.0477       0.0672       0.0333       0.0872       0.0487       0.0564        0.043        0.115       0.0659       0.0746        0.642      0.00501        0.793       0.0062
! Validation        107  639.245    0.001      0.00891     3.59e-06      0.00891       0.0427       0.0617         0.03       0.0808       0.0427       0.0512       0.0393        0.108       0.0595        0.069        0.131      0.00103        0.159      0.00124
Wall time: 639.2462477069348
! Best model      107    0.009
Saved trainer to results/Allegro_FPS_150_DFT_Li3PS4/run_Allegro_FPS_150_DFT_Li3PS4/trainer.pth
Saved last model to to results/Allegro_FPS_150_DFT_Li3PS4/run_Allegro_FPS_150_DFT_Li3PS4/last_model.pth
EarlyStopping: 1 / 50

training
# Epoch batch         loss       loss_f       loss_e        f_mae       f_rmse     Li_f_mae      P_f_mae      S_f_mae  psavg_f_mae    Li_f_rmse     P_f_rmse     S_f_rmse psavg_f_rmse        e_mae      e/N_mae       e_rmse     e/N_rmse
    108    75       0.0067      0.00669     3.09e-06       0.0397       0.0535       0.0355       0.0714       0.0349       0.0473       0.0448       0.0935       0.0451       0.0612        0.107     0.000838        0.147      0.00115

validation
# Epoch batch         loss       loss_f       loss_e        f_mae       f_rmse     Li_f_mae      P_f_mae      S_f_mae  psavg_f_mae    Li_f_rmse     P_f_rmse     S_f_rmse psavg_f_rmse        e_mae      e/N_mae       e_rmse     e/N_rmse
    108   100      0.00611      0.00611     4.32e-06       0.0373       0.0511       0.0277       0.0715        0.036       0.0451       0.0353       0.0905       0.0474       0.0577        0.163      0.00127        0.174      0.00136
    108   160       0.0168       0.0168     9.73e-06       0.0574       0.0849       0.0381        0.103       0.0606       0.0671       0.0475        0.138       0.0893       0.0915        0.224      0.00175        0.261      0.00204


  Train      #    Epoch      wal       LR       loss_f       loss_e         loss        f_mae       f_rmse     Li_f_mae      P_f_mae      S_f_mae  psavg_f_mae    Li_f_rmse     P_f_rmse     S_f_rmse psavg_f_rmse        e_mae      e/N_mae       e_rmse     e/N_rmse
! Train             108  645.121    0.001       0.0105     8.77e-05       0.0106       0.0476       0.0671       0.0332       0.0871       0.0486       0.0563       0.0429        0.115       0.0658       0.0745        0.634      0.00496        0.784      0.00613
! Validation        108  645.121    0.001      0.00888     3.89e-06      0.00889       0.0427       0.0617         0.03       0.0807       0.0427       0.0511       0.0393        0.108       0.0594       0.0689        0.138      0.00108        0.165      0.00129
Wall time: 645.1220992649905
! Best model      108    0.009
Saved trainer to results/Allegro_FPS_150_DFT_Li3PS4/run_Allegro_FPS_150_DFT_Li3PS4/trainer.pth
Saved last model to to results/Allegro_FPS_150_DFT_Li3PS4/run_Allegro_FPS_150_DFT_Li3PS4/last_model.pth
EarlyStopping: 2 / 50

training
# Epoch batch         loss       loss_f       loss_e        f_mae       f_rmse     Li_f_mae      P_f_mae      S_f_mae  psavg_f_mae    Li_f_rmse     P_f_rmse     S_f_rmse psavg_f_rmse        e_mae      e/N_mae       e_rmse     e/N_rmse
    109    75      0.00671       0.0067     4.69e-06       0.0397       0.0535       0.0356       0.0716       0.0349       0.0474        0.045       0.0936        0.045       0.0612         0.15      0.00117        0.181      0.00142

validation
# Epoch batch         loss       loss_f       loss_e        f_mae       f_rmse     Li_f_mae      P_f_mae      S_f_mae  psavg_f_mae    Li_f_rmse     P_f_rmse     S_f_rmse psavg_f_rmse        e_mae      e/N_mae       e_rmse     e/N_rmse
    109   100       0.0061      0.00609     3.82e-06       0.0373       0.0511       0.0277       0.0714       0.0359        0.045       0.0353       0.0904       0.0473       0.0577        0.154      0.00121        0.164      0.00128
    109   160       0.0168       0.0168     9.13e-06       0.0573       0.0848       0.0381        0.103       0.0605        0.067       0.0474        0.138       0.0892       0.0915        0.219      0.00171        0.253      0.00198


  Train      #    Epoch      wal       LR       loss_f       loss_e         loss        f_mae       f_rmse     Li_f_mae      P_f_mae      S_f_mae  psavg_f_mae    Li_f_rmse     P_f_rmse     S_f_rmse psavg_f_rmse        e_mae      e/N_mae       e_rmse     e/N_rmse
! Train             109  650.928    0.001       0.0105     8.79e-05       0.0106       0.0476        0.067       0.0332        0.087       0.0485       0.0562       0.0428        0.115       0.0656       0.0744        0.636      0.00497        0.785      0.00613
! Validation        109  650.928    0.001      0.00887     3.62e-06      0.00887       0.0426       0.0616         0.03       0.0807       0.0426       0.0511       0.0392        0.108       0.0593       0.0688        0.132      0.00103        0.159      0.00124
Wall time: 650.9291150999488
! Best model      109    0.009
Saved trainer to results/Allegro_FPS_150_DFT_Li3PS4/run_Allegro_FPS_150_DFT_Li3PS4/trainer.pth
Saved last model to to results/Allegro_FPS_150_DFT_Li3PS4/run_Allegro_FPS_150_DFT_Li3PS4/last_model.pth
EarlyStopping: 3 / 50

training
# Epoch batch         loss       loss_f       loss_e        f_mae       f_rmse     Li_f_mae      P_f_mae      S_f_mae  psavg_f_mae    Li_f_rmse     P_f_rmse     S_f_rmse psavg_f_rmse        e_mae      e/N_mae       e_rmse     e/N_rmse
    110    75      0.00671      0.00671     3.96e-06       0.0398       0.0536       0.0357       0.0717       0.0349       0.0474       0.0451       0.0937        0.045       0.0612        0.131      0.00102        0.167       0.0013

validation
# Epoch batch         loss       loss_f       loss_e        f_mae       f_rmse     Li_f_mae      P_f_mae      S_f_mae  psavg_f_mae    Li_f_rmse     P_f_rmse     S_f_rmse psavg_f_rmse        e_mae      e/N_mae       e_rmse     e/N_rmse
    110   100      0.00609      0.00608     3.81e-06       0.0373        0.051       0.0277       0.0713       0.0359        0.045       0.0352       0.0903       0.0473       0.0576        0.154      0.00121        0.164      0.00128
    110   160       0.0168       0.0168     9.14e-06       0.0573       0.0847        0.038        0.103       0.0604        0.067       0.0474        0.138       0.0891       0.0914        0.219      0.00171        0.253      0.00198


  Train      #    Epoch      wal       LR       loss_f       loss_e         loss        f_mae       f_rmse     Li_f_mae      P_f_mae      S_f_mae  psavg_f_mae    Li_f_rmse     P_f_rmse     S_f_rmse psavg_f_rmse        e_mae      e/N_mae       e_rmse     e/N_rmse
! Train             110  657.159    0.001       0.0105     8.94e-05       0.0105       0.0475       0.0669       0.0331       0.0868       0.0484       0.0561       0.0428        0.115       0.0655       0.0743        0.639      0.00499        0.792      0.00619
! Validation        110  657.159    0.001      0.00884     3.59e-06      0.00885       0.0426       0.0615       0.0299       0.0806       0.0425        0.051       0.0392        0.108       0.0593       0.0688        0.131      0.00103        0.159      0.00124
Wall time: 657.1603500259807
! Best model      110    0.009
Saved trainer to results/Allegro_FPS_150_DFT_Li3PS4/run_Allegro_FPS_150_DFT_Li3PS4/trainer.pth
Saved last model to to results/Allegro_FPS_150_DFT_Li3PS4/run_Allegro_FPS_150_DFT_Li3PS4/last_model.pth
EarlyStopping: 4 / 50

training
# Epoch batch         loss       loss_f       loss_e        f_mae       f_rmse     Li_f_mae      P_f_mae      S_f_mae  psavg_f_mae    Li_f_rmse     P_f_rmse     S_f_rmse psavg_f_rmse        e_mae      e/N_mae       e_rmse     e/N_rmse
    111    75      0.00668      0.00668     3.45e-06       0.0397       0.0535       0.0356       0.0715       0.0349       0.0473       0.0449       0.0935       0.0449       0.0611        0.114     0.000894        0.156      0.00122

validation
# Epoch batch         loss       loss_f       loss_e        f_mae       f_rmse     Li_f_mae      P_f_mae      S_f_mae  psavg_f_mae    Li_f_rmse     P_f_rmse     S_f_rmse psavg_f_rmse        e_mae      e/N_mae       e_rmse     e/N_rmse
    111   100      0.00607      0.00607      3.7e-06       0.0372        0.051       0.0277       0.0712       0.0359       0.0449       0.0352       0.0902       0.0472       0.0575        0.152      0.00119        0.161      0.00126
    111   160       0.0168       0.0167     9.03e-06       0.0572       0.0847        0.038        0.102       0.0604       0.0669       0.0473        0.138        0.089       0.0913        0.218       0.0017        0.252      0.00197


  Train      #    Epoch      wal       LR       loss_f       loss_e         loss        f_mae       f_rmse     Li_f_mae      P_f_mae      S_f_mae  psavg_f_mae    Li_f_rmse     P_f_rmse     S_f_rmse psavg_f_rmse        e_mae      e/N_mae       e_rmse     e/N_rmse
! Train             111  662.951    0.001       0.0104     8.72e-05       0.0105       0.0474       0.0668       0.0331       0.0867       0.0484       0.0561       0.0427        0.114       0.0654       0.0742        0.631      0.00493        0.782      0.00611
! Validation        111  662.951    0.001      0.00882     3.54e-06      0.00883       0.0425       0.0615       0.0299       0.0805       0.0425        0.051       0.0391        0.108       0.0592       0.0687         0.13      0.00102        0.158      0.00123
Wall time: 662.9521015669452
! Best model      111    0.009
Saved trainer to results/Allegro_FPS_150_DFT_Li3PS4/run_Allegro_FPS_150_DFT_Li3PS4/trainer.pth
Saved last model to to results/Allegro_FPS_150_DFT_Li3PS4/run_Allegro_FPS_150_DFT_Li3PS4/last_model.pth

training
# Epoch batch         loss       loss_f       loss_e        f_mae       f_rmse     Li_f_mae      P_f_mae      S_f_mae  psavg_f_mae    Li_f_rmse     P_f_rmse     S_f_rmse psavg_f_rmse        e_mae      e/N_mae       e_rmse     e/N_rmse
    112    75      0.00671      0.00671     4.07e-06       0.0398       0.0536       0.0356       0.0719       0.0349       0.0474       0.0449       0.0939        0.045       0.0613        0.132      0.00103        0.169      0.00132

validation
# Epoch batch         loss       loss_f       loss_e        f_mae       f_rmse     Li_f_mae      P_f_mae      S_f_mae  psavg_f_mae    Li_f_rmse     P_f_rmse     S_f_rmse psavg_f_rmse        e_mae      e/N_mae       e_rmse     e/N_rmse
    112   100      0.00606      0.00605      3.8e-06       0.0372       0.0509       0.0276       0.0712       0.0358       0.0449       0.0352       0.0901       0.0472       0.0575        0.154      0.00121        0.163      0.00127
    112   160       0.0167       0.0167     8.95e-06       0.0572       0.0846        0.038        0.102       0.0603       0.0669       0.0473        0.138       0.0889       0.0913        0.217      0.00169        0.251      0.00196


  Train      #    Epoch      wal       LR       loss_f       loss_e         loss        f_mae       f_rmse     Li_f_mae      P_f_mae      S_f_mae  psavg_f_mae    Li_f_rmse     P_f_rmse     S_f_rmse psavg_f_rmse        e_mae      e/N_mae       e_rmse     e/N_rmse
! Train             112  668.751    0.001       0.0104     8.63e-05       0.0105       0.0474       0.0667        0.033       0.0866       0.0483        0.056       0.0427        0.114       0.0653       0.0741        0.629      0.00491        0.778      0.00608
! Validation        112  668.751    0.001       0.0088      3.6e-06      0.00881       0.0425       0.0614       0.0299       0.0805       0.0424       0.0509       0.0391        0.108       0.0591       0.0686        0.131      0.00103        0.159      0.00124
Wall time: 668.7520722039044
! Best model      112    0.009
Saved trainer to results/Allegro_FPS_150_DFT_Li3PS4/run_Allegro_FPS_150_DFT_Li3PS4/trainer.pth
Saved last model to to results/Allegro_FPS_150_DFT_Li3PS4/run_Allegro_FPS_150_DFT_Li3PS4/last_model.pth
EarlyStopping: 1 / 50

training
# Epoch batch         loss       loss_f       loss_e        f_mae       f_rmse     Li_f_mae      P_f_mae      S_f_mae  psavg_f_mae    Li_f_rmse     P_f_rmse     S_f_rmse psavg_f_rmse        e_mae      e/N_mae       e_rmse     e/N_rmse
    113    75      0.00668      0.00667     4.39e-06       0.0397       0.0534       0.0354       0.0717       0.0349       0.0473       0.0447       0.0936        0.045       0.0611        0.142      0.00111        0.175      0.00137

validation
# Epoch batch         loss       loss_f       loss_e        f_mae       f_rmse     Li_f_mae      P_f_mae      S_f_mae  psavg_f_mae    Li_f_rmse     P_f_rmse     S_f_rmse psavg_f_rmse        e_mae      e/N_mae       e_rmse     e/N_rmse
    113   100      0.00604      0.00604     3.74e-06       0.0371       0.0508       0.0276       0.0711       0.0358       0.0448       0.0351         0.09       0.0471       0.0574        0.153       0.0012        0.162      0.00127
    113   160       0.0167       0.0167     8.94e-06       0.0571       0.0845       0.0379        0.102       0.0602       0.0669       0.0473        0.138       0.0888       0.0912        0.217      0.00169         0.25      0.00196


  Train      #    Epoch      wal       LR       loss_f       loss_e         loss        f_mae       f_rmse     Li_f_mae      P_f_mae      S_f_mae  psavg_f_mae    Li_f_rmse     P_f_rmse     S_f_rmse psavg_f_rmse        e_mae      e/N_mae       e_rmse     e/N_rmse
! Train             113  674.572    0.001       0.0104      8.8e-05       0.0104       0.0473       0.0666        0.033       0.0865       0.0482       0.0559       0.0426        0.114       0.0652        0.074        0.636      0.00497        0.786      0.00614
! Validation        113  674.572    0.001      0.00878     3.56e-06      0.00879       0.0424       0.0613       0.0298       0.0804       0.0423       0.0509       0.0391        0.108        0.059       0.0685         0.13      0.00102        0.158      0.00123
Wall time: 674.57252324
! Best model      113    0.009
Saved trainer to results/Allegro_FPS_150_DFT_Li3PS4/run_Allegro_FPS_150_DFT_Li3PS4/trainer.pth
Saved last model to to results/Allegro_FPS_150_DFT_Li3PS4/run_Allegro_FPS_150_DFT_Li3PS4/last_model.pth
EarlyStopping: 2 / 50

training
# Epoch batch         loss       loss_f       loss_e        f_mae       f_rmse     Li_f_mae      P_f_mae      S_f_mae  psavg_f_mae    Li_f_rmse     P_f_rmse     S_f_rmse psavg_f_rmse        e_mae      e/N_mae       e_rmse     e/N_rmse
    114    75      0.00666      0.00665     8.73e-06       0.0396       0.0533       0.0354       0.0716       0.0349       0.0473       0.0446       0.0934       0.0449        0.061        0.224      0.00175        0.247      0.00193

validation
# Epoch batch         loss       loss_f       loss_e        f_mae       f_rmse     Li_f_mae      P_f_mae      S_f_mae  psavg_f_mae    Li_f_rmse     P_f_rmse     S_f_rmse psavg_f_rmse        e_mae      e/N_mae       e_rmse     e/N_rmse
    114   100      0.00603      0.00603     3.88e-06       0.0371       0.0508       0.0276        0.071       0.0357       0.0448       0.0351       0.0899        0.047       0.0574        0.156      0.00122        0.165      0.00129
    114   160       0.0167       0.0167     9.07e-06       0.0571       0.0844       0.0379        0.102       0.0601       0.0668       0.0473        0.137       0.0886       0.0911        0.218       0.0017        0.252      0.00197


  Train      #    Epoch      wal       LR       loss_f       loss_e         loss        f_mae       f_rmse     Li_f_mae      P_f_mae      S_f_mae  psavg_f_mae    Li_f_rmse     P_f_rmse     S_f_rmse psavg_f_rmse        e_mae      e/N_mae       e_rmse     e/N_rmse
! Train             114  680.366    0.001       0.0103     8.86e-05       0.0104       0.0472       0.0665        0.033       0.0864       0.0481       0.0558       0.0426        0.114       0.0651       0.0739        0.641      0.00501        0.788      0.00616
! Validation        114  680.366    0.001      0.00876     3.62e-06      0.00877       0.0424       0.0612       0.0298       0.0803       0.0423       0.0508        0.039        0.107       0.0589       0.0685        0.132      0.00103        0.159      0.00124
Wall time: 680.3666940989206
! Best model      114    0.009
Saved trainer to results/Allegro_FPS_150_DFT_Li3PS4/run_Allegro_FPS_150_DFT_Li3PS4/trainer.pth
Saved last model to to results/Allegro_FPS_150_DFT_Li3PS4/run_Allegro_FPS_150_DFT_Li3PS4/last_model.pth
EarlyStopping: 3 / 50

training
# Epoch batch         loss       loss_f       loss_e        f_mae       f_rmse     Li_f_mae      P_f_mae      S_f_mae  psavg_f_mae    Li_f_rmse     P_f_rmse     S_f_rmse psavg_f_rmse        e_mae      e/N_mae       e_rmse     e/N_rmse
    115    75      0.00665      0.00664     6.62e-06       0.0396       0.0533       0.0353       0.0715       0.0349       0.0472       0.0445       0.0933       0.0449       0.0609        0.188      0.00147        0.215      0.00168

validation
# Epoch batch         loss       loss_f       loss_e        f_mae       f_rmse     Li_f_mae      P_f_mae      S_f_mae  psavg_f_mae    Li_f_rmse     P_f_rmse     S_f_rmse psavg_f_rmse        e_mae      e/N_mae       e_rmse     e/N_rmse
    115   100      0.00601      0.00601     3.94e-06        0.037       0.0507       0.0275       0.0709       0.0357       0.0447        0.035       0.0898        0.047       0.0573        0.157      0.00123        0.166       0.0013
    115   160       0.0166       0.0166     9.04e-06        0.057       0.0843       0.0378        0.102       0.0601       0.0668       0.0472        0.137       0.0885        0.091        0.216      0.00169        0.252      0.00197


  Train      #    Epoch      wal       LR       loss_f       loss_e         loss        f_mae       f_rmse     Li_f_mae      P_f_mae      S_f_mae  psavg_f_mae    Li_f_rmse     P_f_rmse     S_f_rmse psavg_f_rmse        e_mae      e/N_mae       e_rmse     e/N_rmse
! Train             115  686.149    0.001       0.0103     8.77e-05       0.0104       0.0472       0.0664       0.0329       0.0862       0.0481       0.0558       0.0425        0.114        0.065       0.0738        0.635      0.00496        0.784      0.00613
! Validation        115  686.149    0.001      0.00874     3.65e-06      0.00875       0.0423       0.0612       0.0298       0.0803       0.0422       0.0507        0.039        0.107       0.0588       0.0684        0.133      0.00104         0.16      0.00125
Wall time: 686.1495658719214
! Best model      115    0.009
Saved trainer to results/Allegro_FPS_150_DFT_Li3PS4/run_Allegro_FPS_150_DFT_Li3PS4/trainer.pth
Saved last model to to results/Allegro_FPS_150_DFT_Li3PS4/run_Allegro_FPS_150_DFT_Li3PS4/last_model.pth
EarlyStopping: 4 / 50

training
# Epoch batch         loss       loss_f       loss_e        f_mae       f_rmse     Li_f_mae      P_f_mae      S_f_mae  psavg_f_mae    Li_f_rmse     P_f_rmse     S_f_rmse psavg_f_rmse        e_mae      e/N_mae       e_rmse     e/N_rmse
    116    75      0.00661       0.0066     1.07e-05       0.0395       0.0531        0.035       0.0713       0.0349       0.0471       0.0443        0.093       0.0449       0.0607        0.254      0.00199        0.274      0.00214

validation
# Epoch batch         loss       loss_f       loss_e        f_mae       f_rmse     Li_f_mae      P_f_mae      S_f_mae  psavg_f_mae    Li_f_rmse     P_f_rmse     S_f_rmse psavg_f_rmse        e_mae      e/N_mae       e_rmse     e/N_rmse
    116   100        0.006      0.00599     4.19e-06        0.037       0.0507       0.0275       0.0708       0.0357       0.0447        0.035       0.0896       0.0469       0.0572        0.162      0.00126        0.171      0.00134
    116   160       0.0166       0.0166     9.29e-06        0.057       0.0843       0.0378        0.102         0.06       0.0667       0.0472        0.137       0.0884        0.091        0.218       0.0017        0.255      0.00199


  Train      #    Epoch      wal       LR       loss_f       loss_e         loss        f_mae       f_rmse     Li_f_mae      P_f_mae      S_f_mae  psavg_f_mae    Li_f_rmse     P_f_rmse     S_f_rmse psavg_f_rmse        e_mae      e/N_mae       e_rmse     e/N_rmse
! Train             116  692.085    0.001       0.0103     8.79e-05       0.0104       0.0471       0.0663       0.0329       0.0861        0.048       0.0557       0.0424        0.114       0.0649       0.0737        0.641      0.00501        0.785      0.00613
! Validation        116  692.085    0.001      0.00873     3.76e-06      0.00873       0.0423       0.0611       0.0297       0.0802       0.0422       0.0507       0.0389        0.107       0.0588       0.0683        0.135      0.00106        0.162      0.00127
Wall time: 692.086119824904
! Best model      116    0.009
Saved trainer to results/Allegro_FPS_150_DFT_Li3PS4/run_Allegro_FPS_150_DFT_Li3PS4/trainer.pth
Saved last model to to results/Allegro_FPS_150_DFT_Li3PS4/run_Allegro_FPS_150_DFT_Li3PS4/last_model.pth
EarlyStopping: 5 / 50

training
# Epoch batch         loss       loss_f       loss_e        f_mae       f_rmse     Li_f_mae      P_f_mae      S_f_mae  psavg_f_mae    Li_f_rmse     P_f_rmse     S_f_rmse psavg_f_rmse        e_mae      e/N_mae       e_rmse     e/N_rmse
    117    75      0.00657      0.00656     1.16e-05       0.0394        0.053       0.0349       0.0712       0.0347        0.047       0.0441       0.0928       0.0447       0.0605        0.265      0.00207        0.285      0.00223

validation
# Epoch batch         loss       loss_f       loss_e        f_mae       f_rmse     Li_f_mae      P_f_mae      S_f_mae  psavg_f_mae    Li_f_rmse     P_f_rmse     S_f_rmse psavg_f_rmse        e_mae      e/N_mae       e_rmse     e/N_rmse
    117   100      0.00598      0.00598     4.15e-06        0.037       0.0506       0.0275       0.0708       0.0356       0.0446        0.035       0.0896       0.0469       0.0571        0.161      0.00126        0.171      0.00133
    117   160       0.0166       0.0166     9.22e-06       0.0569       0.0842       0.0378        0.102       0.0599       0.0667       0.0472        0.137       0.0883       0.0909        0.217       0.0017        0.254      0.00199


  Train      #    Epoch      wal       LR       loss_f       loss_e         loss        f_mae       f_rmse     Li_f_mae      P_f_mae      S_f_mae  psavg_f_mae    Li_f_rmse     P_f_rmse     S_f_rmse psavg_f_rmse        e_mae      e/N_mae       e_rmse     e/N_rmse
! Train             117  697.840    0.001       0.0102     8.67e-05       0.0103        0.047       0.0662       0.0328        0.086       0.0479       0.0556       0.0424        0.114       0.0648       0.0736        0.634      0.00496         0.78      0.00609
! Validation        117  697.840    0.001      0.00871     3.76e-06      0.00871       0.0422        0.061       0.0297       0.0801       0.0421       0.0506       0.0389        0.107       0.0587       0.0683        0.135      0.00105        0.162      0.00127
Wall time: 697.8407949869288
! Best model      117    0.009
Saved trainer to results/Allegro_FPS_150_DFT_Li3PS4/run_Allegro_FPS_150_DFT_Li3PS4/trainer.pth
Saved last model to to results/Allegro_FPS_150_DFT_Li3PS4/run_Allegro_FPS_150_DFT_Li3PS4/last_model.pth

training
# Epoch batch         loss       loss_f       loss_e        f_mae       f_rmse     Li_f_mae      P_f_mae      S_f_mae  psavg_f_mae    Li_f_rmse     P_f_rmse     S_f_rmse psavg_f_rmse        e_mae      e/N_mae       e_rmse     e/N_rmse
    118    75      0.00654      0.00653     1.23e-05       0.0393       0.0529       0.0348       0.0711       0.0347       0.0469        0.044       0.0927       0.0446       0.0604        0.276      0.00215        0.294       0.0023

validation
# Epoch batch         loss       loss_f       loss_e        f_mae       f_rmse     Li_f_mae      P_f_mae      S_f_mae  psavg_f_mae    Li_f_rmse     P_f_rmse     S_f_rmse psavg_f_rmse        e_mae      e/N_mae       e_rmse     e/N_rmse
    118   100      0.00597      0.00597        4e-06       0.0369       0.0505       0.0275       0.0707       0.0356       0.0446        0.035       0.0895       0.0468       0.0571        0.159      0.00124        0.167      0.00131
    118   160       0.0165       0.0165     9.12e-06       0.0569       0.0841       0.0378        0.102       0.0599       0.0666       0.0471        0.137       0.0882       0.0908        0.216      0.00169        0.253      0.00198


  Train      #    Epoch      wal       LR       loss_f       loss_e         loss        f_mae       f_rmse     Li_f_mae      P_f_mae      S_f_mae  psavg_f_mae    Li_f_rmse     P_f_rmse     S_f_rmse psavg_f_rmse        e_mae      e/N_mae       e_rmse     e/N_rmse
! Train             118  703.607    0.001       0.0102     8.66e-05       0.0103        0.047       0.0661       0.0328       0.0859       0.0479       0.0555       0.0423        0.113       0.0647       0.0735        0.634      0.00495        0.779      0.00609
! Validation        118  703.607    0.001      0.00869     3.66e-06      0.00869       0.0422        0.061       0.0297       0.0801       0.0421       0.0506       0.0388        0.107       0.0586       0.0682        0.133      0.00104         0.16      0.00125
Wall time: 703.6073879149044
! Best model      118    0.009
Saved trainer to results/Allegro_FPS_150_DFT_Li3PS4/run_Allegro_FPS_150_DFT_Li3PS4/trainer.pth
Saved last model to to results/Allegro_FPS_150_DFT_Li3PS4/run_Allegro_FPS_150_DFT_Li3PS4/last_model.pth
EarlyStopping: 1 / 50

training
# Epoch batch         loss       loss_f       loss_e        f_mae       f_rmse     Li_f_mae      P_f_mae      S_f_mae  psavg_f_mae    Li_f_rmse     P_f_rmse     S_f_rmse psavg_f_rmse        e_mae      e/N_mae       e_rmse     e/N_rmse
    119    75      0.00651      0.00649     1.47e-05       0.0392       0.0527       0.0346       0.0712       0.0346       0.0468       0.0438       0.0927       0.0444       0.0603        0.304      0.00238        0.321      0.00251

validation
# Epoch batch         loss       loss_f       loss_e        f_mae       f_rmse     Li_f_mae      P_f_mae      S_f_mae  psavg_f_mae    Li_f_rmse     P_f_rmse     S_f_rmse psavg_f_rmse        e_mae      e/N_mae       e_rmse     e/N_rmse
    119   100      0.00596      0.00595     4.05e-06       0.0369       0.0505       0.0275       0.0706       0.0355       0.0445       0.0349       0.0894       0.0467        0.057        0.159      0.00124        0.169      0.00132
    119   160       0.0165       0.0165     9.31e-06       0.0568        0.084       0.0378        0.102       0.0598       0.0666       0.0471        0.137       0.0881       0.0908        0.217      0.00169        0.255        0.002


  Train      #    Epoch      wal       LR       loss_f       loss_e         loss        f_mae       f_rmse     Li_f_mae      P_f_mae      S_f_mae  psavg_f_mae    Li_f_rmse     P_f_rmse     S_f_rmse psavg_f_rmse        e_mae      e/N_mae       e_rmse     e/N_rmse
! Train             119  709.388    0.001       0.0102     8.47e-05       0.0103       0.0469       0.0661       0.0327       0.0858       0.0478       0.0555       0.0423        0.113       0.0646       0.0734        0.627       0.0049        0.771      0.00602
! Validation        119  709.388    0.001      0.00867     3.71e-06      0.00867       0.0421       0.0609       0.0296         0.08        0.042       0.0505       0.0388        0.107       0.0585       0.0681        0.134      0.00105        0.161      0.00126
Wall time: 709.388458940899
! Best model      119    0.009
Saved trainer to results/Allegro_FPS_150_DFT_Li3PS4/run_Allegro_FPS_150_DFT_Li3PS4/trainer.pth
Saved last model to to results/Allegro_FPS_150_DFT_Li3PS4/run_Allegro_FPS_150_DFT_Li3PS4/last_model.pth
EarlyStopping: 2 / 50

training
# Epoch batch         loss       loss_f       loss_e        f_mae       f_rmse     Li_f_mae      P_f_mae      S_f_mae  psavg_f_mae    Li_f_rmse     P_f_rmse     S_f_rmse psavg_f_rmse        e_mae      e/N_mae       e_rmse     e/N_rmse
    120    75      0.00646      0.00644     2.31e-05        0.039       0.0525       0.0345        0.071       0.0344       0.0466       0.0437       0.0923       0.0442       0.0601        0.389      0.00304        0.402      0.00314

validation
# Epoch batch         loss       loss_f       loss_e        f_mae       f_rmse     Li_f_mae      P_f_mae      S_f_mae  psavg_f_mae    Li_f_rmse     P_f_rmse     S_f_rmse psavg_f_rmse        e_mae      e/N_mae       e_rmse     e/N_rmse
    120   100      0.00594      0.00594     3.91e-06       0.0368       0.0504       0.0274       0.0706       0.0355       0.0445       0.0349       0.0893       0.0467        0.057        0.157      0.00123        0.166      0.00129
    120   160       0.0165       0.0165     8.94e-06       0.0568        0.084       0.0377        0.102       0.0597       0.0665       0.0471        0.137        0.088       0.0907        0.214      0.00167         0.25      0.00196


  Train      #    Epoch      wal       LR       loss_f       loss_e         loss        f_mae       f_rmse     Li_f_mae      P_f_mae      S_f_mae  psavg_f_mae    Li_f_rmse     P_f_rmse     S_f_rmse psavg_f_rmse        e_mae      e/N_mae       e_rmse     e/N_rmse
! Train             120  715.358    0.001       0.0102     8.58e-05       0.0103       0.0469        0.066       0.0327       0.0857       0.0478       0.0554       0.0422        0.113       0.0646       0.0733        0.631      0.00493        0.776      0.00606
! Validation        120  715.358    0.001      0.00865     3.64e-06      0.00866       0.0421       0.0608       0.0296       0.0799       0.0419       0.0505       0.0388        0.107       0.0584       0.0681        0.132      0.00103         0.16      0.00125
Wall time: 715.3584343759576
! Best model      120    0.009
Saved trainer to results/Allegro_FPS_150_DFT_Li3PS4/run_Allegro_FPS_150_DFT_Li3PS4/trainer.pth
Saved last model to to results/Allegro_FPS_150_DFT_Li3PS4/run_Allegro_FPS_150_DFT_Li3PS4/last_model.pth
EarlyStopping: 3 / 50

training
# Epoch batch         loss       loss_f       loss_e        f_mae       f_rmse     Li_f_mae      P_f_mae      S_f_mae  psavg_f_mae    Li_f_rmse     P_f_rmse     S_f_rmse psavg_f_rmse        e_mae      e/N_mae       e_rmse     e/N_rmse
    121    75      0.00645      0.00641     3.33e-05        0.039       0.0524       0.0345       0.0709       0.0343       0.0466       0.0437       0.0921        0.044       0.0599        0.473      0.00369        0.483      0.00377

validation
# Epoch batch         loss       loss_f       loss_e        f_mae       f_rmse     Li_f_mae      P_f_mae      S_f_mae  psavg_f_mae    Li_f_rmse     P_f_rmse     S_f_rmse psavg_f_rmse        e_mae      e/N_mae       e_rmse     e/N_rmse
    121   100      0.00593      0.00593      4.1e-06       0.0368       0.0504       0.0274       0.0705       0.0355       0.0445       0.0349       0.0892       0.0466       0.0569        0.161      0.00125         0.17      0.00133
    121   160       0.0164       0.0164     9.27e-06       0.0567       0.0839       0.0377        0.102       0.0596       0.0665        0.047        0.137       0.0878       0.0906        0.216      0.00169        0.255      0.00199


  Train      #    Epoch      wal       LR       loss_f       loss_e         loss        f_mae       f_rmse     Li_f_mae      P_f_mae      S_f_mae  psavg_f_mae    Li_f_rmse     P_f_rmse     S_f_rmse psavg_f_rmse        e_mae      e/N_mae       e_rmse     e/N_rmse
! Train             121  721.139    0.001       0.0102     8.32e-05       0.0103       0.0469        0.066       0.0327       0.0856       0.0478       0.0554       0.0422        0.113       0.0646       0.0733        0.622      0.00486        0.764      0.00597
! Validation        121  721.139    0.001      0.00863     3.74e-06      0.00864        0.042       0.0608       0.0296       0.0799       0.0419       0.0505       0.0387        0.107       0.0584        0.068        0.135      0.00105        0.162      0.00126
Wall time: 721.1396639369195
! Best model      121    0.009
Saved trainer to results/Allegro_FPS_150_DFT_Li3PS4/run_Allegro_FPS_150_DFT_Li3PS4/trainer.pth
Saved last model to to results/Allegro_FPS_150_DFT_Li3PS4/run_Allegro_FPS_150_DFT_Li3PS4/last_model.pth
EarlyStopping: 4 / 50

training
# Epoch batch         loss       loss_f       loss_e        f_mae       f_rmse     Li_f_mae      P_f_mae      S_f_mae  psavg_f_mae    Li_f_rmse     P_f_rmse     S_f_rmse psavg_f_rmse        e_mae      e/N_mae       e_rmse     e/N_rmse
    122    75      0.00643      0.00638     5.11e-05       0.0389       0.0523       0.0345       0.0708       0.0343       0.0465       0.0437       0.0918       0.0439       0.0598        0.592      0.00462        0.599      0.00468

validation
# Epoch batch         loss       loss_f       loss_e        f_mae       f_rmse     Li_f_mae      P_f_mae      S_f_mae  psavg_f_mae    Li_f_rmse     P_f_rmse     S_f_rmse psavg_f_rmse        e_mae      e/N_mae       e_rmse     e/N_rmse
    122   100      0.00592      0.00591     4.07e-06       0.0368       0.0503       0.0274       0.0704       0.0354       0.0444       0.0348       0.0891       0.0466       0.0568         0.16      0.00125        0.169      0.00132
    122   160       0.0164       0.0164     9.18e-06       0.0567       0.0838       0.0377        0.102       0.0595       0.0665        0.047        0.137       0.0877       0.0905        0.215      0.00168        0.254      0.00198


  Train      #    Epoch      wal       LR       loss_f       loss_e         loss        f_mae       f_rmse     Li_f_mae      P_f_mae      S_f_mae  psavg_f_mae    Li_f_rmse     P_f_rmse     S_f_rmse psavg_f_rmse        e_mae      e/N_mae       e_rmse     e/N_rmse
! Train             122  726.940    0.001       0.0102     8.35e-05       0.0103       0.0469        0.066       0.0327       0.0856       0.0479       0.0554       0.0421        0.113       0.0648       0.0733         0.62      0.00485        0.765      0.00598
! Validation        122  726.940    0.001      0.00862     3.71e-06      0.00862        0.042       0.0607       0.0296       0.0798       0.0418       0.0504       0.0387        0.107       0.0583       0.0679        0.134      0.00105        0.161      0.00126
Wall time: 726.9412898638984
! Best model      122    0.009
Saved trainer to results/Allegro_FPS_150_DFT_Li3PS4/run_Allegro_FPS_150_DFT_Li3PS4/trainer.pth
Saved last model to to results/Allegro_FPS_150_DFT_Li3PS4/run_Allegro_FPS_150_DFT_Li3PS4/last_model.pth
EarlyStopping: 5 / 50

training
# Epoch batch         loss       loss_f       loss_e        f_mae       f_rmse     Li_f_mae      P_f_mae      S_f_mae  psavg_f_mae    Li_f_rmse     P_f_rmse     S_f_rmse psavg_f_rmse        e_mae      e/N_mae       e_rmse     e/N_rmse
    123    75      0.00646      0.00637     9.07e-05       0.0389       0.0522       0.0346       0.0705       0.0342       0.0464       0.0437       0.0913        0.044       0.0597        0.793       0.0062        0.797      0.00623

validation
# Epoch batch         loss       loss_f       loss_e        f_mae       f_rmse     Li_f_mae      P_f_mae      S_f_mae  psavg_f_mae    Li_f_rmse     P_f_rmse     S_f_rmse psavg_f_rmse        e_mae      e/N_mae       e_rmse     e/N_rmse
    123   100       0.0059       0.0059     4.02e-06       0.0367       0.0502       0.0274       0.0703       0.0354       0.0443       0.0348        0.089       0.0465       0.0568        0.159      0.00124        0.168      0.00131
    123   160       0.0164       0.0164     9.36e-06       0.0566       0.0837       0.0376        0.102       0.0595       0.0664        0.047        0.137       0.0876       0.0905        0.217      0.00169        0.256        0.002


  Train      #    Epoch      wal       LR       loss_f       loss_e         loss        f_mae       f_rmse     Li_f_mae      P_f_mae      S_f_mae  psavg_f_mae    Li_f_rmse     P_f_rmse     S_f_rmse psavg_f_rmse        e_mae      e/N_mae       e_rmse     e/N_rmse
! Train             123  732.721    0.001       0.0102     8.65e-05       0.0103       0.0471       0.0662       0.0327       0.0855       0.0483       0.0555       0.0422        0.113       0.0652       0.0734         0.63      0.00492        0.779      0.00608
! Validation        123  732.721    0.001       0.0086     3.68e-06      0.00861       0.0419       0.0607       0.0295       0.0798       0.0418       0.0504       0.0387        0.107       0.0582       0.0679        0.133      0.00104        0.161      0.00126
Wall time: 732.7213856179733
! Best model      123    0.009
Saved trainer to results/Allegro_FPS_150_DFT_Li3PS4/run_Allegro_FPS_150_DFT_Li3PS4/trainer.pth
Saved last model to to results/Allegro_FPS_150_DFT_Li3PS4/run_Allegro_FPS_150_DFT_Li3PS4/last_model.pth

training
# Epoch batch         loss       loss_f       loss_e        f_mae       f_rmse     Li_f_mae      P_f_mae      S_f_mae  psavg_f_mae    Li_f_rmse     P_f_rmse     S_f_rmse psavg_f_rmse        e_mae      e/N_mae       e_rmse     e/N_rmse
    124    75      0.00661      0.00648     0.000122       0.0391       0.0527       0.0349       0.0704       0.0345       0.0466       0.0439       0.0913       0.0449       0.0601        0.923      0.00721        0.925      0.00723

validation
# Epoch batch         loss       loss_f       loss_e        f_mae       f_rmse     Li_f_mae      P_f_mae      S_f_mae  psavg_f_mae    Li_f_rmse     P_f_rmse     S_f_rmse psavg_f_rmse        e_mae      e/N_mae       e_rmse     e/N_rmse
    124   100       0.0059      0.00589     3.88e-06       0.0367       0.0502       0.0274       0.0703       0.0353       0.0443       0.0348        0.089       0.0464       0.0567        0.156      0.00122        0.165      0.00129
    124   160       0.0163       0.0163     9.49e-06       0.0566       0.0836       0.0376        0.102       0.0595       0.0664       0.0469        0.137       0.0874       0.0904        0.218       0.0017        0.258      0.00201


  Train      #    Epoch      wal       LR       loss_f       loss_e         loss        f_mae       f_rmse     Li_f_mae      P_f_mae      S_f_mae  psavg_f_mae    Li_f_rmse     P_f_rmse     S_f_rmse psavg_f_rmse        e_mae      e/N_mae       e_rmse     e/N_rmse
! Train             124  738.500    0.001       0.0103     9.84e-05       0.0104       0.0474       0.0665       0.0328       0.0855       0.0488       0.0557       0.0423        0.113       0.0658       0.0737        0.667      0.00521         0.83      0.00649
! Validation        124  738.500    0.001      0.00859     3.61e-06      0.00859       0.0419       0.0606       0.0295       0.0797       0.0418       0.0503       0.0386        0.107       0.0582       0.0679        0.132      0.00103        0.159      0.00124
Wall time: 738.5012539939489
! Best model      124    0.009
Saved trainer to results/Allegro_FPS_150_DFT_Li3PS4/run_Allegro_FPS_150_DFT_Li3PS4/trainer.pth
Saved last model to to results/Allegro_FPS_150_DFT_Li3PS4/run_Allegro_FPS_150_DFT_Li3PS4/last_model.pth
EarlyStopping: 1 / 50

training
# Epoch batch         loss       loss_f       loss_e        f_mae       f_rmse     Li_f_mae      P_f_mae      S_f_mae  psavg_f_mae    Li_f_rmse     P_f_rmse     S_f_rmse psavg_f_rmse        e_mae      e/N_mae       e_rmse     e/N_rmse
    125    75      0.00659      0.00649     9.82e-05       0.0391       0.0527       0.0347       0.0703       0.0346       0.0466       0.0437       0.0914       0.0451       0.0601        0.826      0.00645         0.83      0.00648

validation
# Epoch batch         loss       loss_f       loss_e        f_mae       f_rmse     Li_f_mae      P_f_mae      S_f_mae  psavg_f_mae    Li_f_rmse     P_f_rmse     S_f_rmse psavg_f_rmse        e_mae      e/N_mae       e_rmse     e/N_rmse
    125   100      0.00589      0.00588     3.96e-06       0.0367       0.0502       0.0273       0.0703       0.0353       0.0443       0.0347       0.0889       0.0464       0.0567        0.158      0.00123        0.167       0.0013
    125   160       0.0163       0.0163     9.66e-06       0.0566       0.0834       0.0376        0.102       0.0594       0.0664        0.047        0.137       0.0872       0.0903        0.217       0.0017         0.26      0.00203


  Train      #    Epoch      wal       LR       loss_f       loss_e         loss        f_mae       f_rmse     Li_f_mae      P_f_mae      S_f_mae  psavg_f_mae    Li_f_rmse     P_f_rmse     S_f_rmse psavg_f_rmse        e_mae      e/N_mae       e_rmse     e/N_rmse
! Train             125  744.350    0.001       0.0103     0.000105       0.0104       0.0473       0.0664       0.0328       0.0856       0.0485       0.0556       0.0423        0.113       0.0654       0.0736        0.675      0.00527        0.856      0.00669
! Validation        125  744.350    0.001      0.00858     3.64e-06      0.00859       0.0419       0.0606       0.0295       0.0797       0.0418       0.0503       0.0386        0.107       0.0582       0.0678        0.132      0.00103         0.16      0.00125
Wall time: 744.350978041999
! Best model      125    0.009
Saved trainer to results/Allegro_FPS_150_DFT_Li3PS4/run_Allegro_FPS_150_DFT_Li3PS4/trainer.pth
Saved last model to to results/Allegro_FPS_150_DFT_Li3PS4/run_Allegro_FPS_150_DFT_Li3PS4/last_model.pth
EarlyStopping: 2 / 50

training
# Epoch batch         loss       loss_f       loss_e        f_mae       f_rmse     Li_f_mae      P_f_mae      S_f_mae  psavg_f_mae    Li_f_rmse     P_f_rmse     S_f_rmse psavg_f_rmse        e_mae      e/N_mae       e_rmse     e/N_rmse
    126    75      0.00633      0.00625     7.39e-05       0.0383       0.0517       0.0343       0.0699       0.0335       0.0459       0.0434       0.0909       0.0433       0.0592        0.712      0.00556         0.72      0.00562

validation
# Epoch batch         loss       loss_f       loss_e        f_mae       f_rmse     Li_f_mae      P_f_mae      S_f_mae  psavg_f_mae    Li_f_rmse     P_f_rmse     S_f_rmse psavg_f_rmse        e_mae      e/N_mae       e_rmse     e/N_rmse
    126   100      0.00589      0.00588     3.71e-06       0.0367       0.0502       0.0273       0.0703       0.0353       0.0443       0.0347        0.089       0.0464       0.0567        0.152      0.00119        0.161      0.00126
    126   160       0.0162       0.0162     9.96e-06       0.0566       0.0833       0.0376        0.102       0.0594       0.0664        0.047        0.137       0.0869       0.0902        0.219      0.00171        0.264      0.00206


  Train      #    Epoch      wal       LR       loss_f       loss_e         loss        f_mae       f_rmse     Li_f_mae      P_f_mae      S_f_mae  psavg_f_mae    Li_f_rmse     P_f_rmse     S_f_rmse psavg_f_rmse        e_mae      e/N_mae       e_rmse     e/N_rmse
! Train             126  750.121    0.001       0.0103     9.85e-05       0.0104       0.0473       0.0665       0.0328       0.0856       0.0487       0.0557       0.0422        0.113       0.0656       0.0736        0.655      0.00511        0.831      0.00649
! Validation        126  750.121    0.001      0.00857     3.54e-06      0.00858       0.0419       0.0606       0.0295       0.0797       0.0418       0.0503       0.0386        0.107       0.0581       0.0678         0.13      0.00101        0.157      0.00123
Wall time: 750.121716621914
! Best model      126    0.009
Saved trainer to results/Allegro_FPS_150_DFT_Li3PS4/run_Allegro_FPS_150_DFT_Li3PS4/trainer.pth
Saved last model to to results/Allegro_FPS_150_DFT_Li3PS4/run_Allegro_FPS_150_DFT_Li3PS4/last_model.pth
EarlyStopping: 3 / 50

training
# Epoch batch         loss       loss_f       loss_e        f_mae       f_rmse     Li_f_mae      P_f_mae      S_f_mae  psavg_f_mae    Li_f_rmse     P_f_rmse     S_f_rmse psavg_f_rmse        e_mae      e/N_mae       e_rmse     e/N_rmse
    127    75      0.00637      0.00629     8.27e-05       0.0387       0.0519       0.0339       0.0697       0.0345       0.0461       0.0431       0.0906        0.044       0.0592        0.753      0.00588        0.762      0.00595

validation
# Epoch batch         loss       loss_f       loss_e        f_mae       f_rmse     Li_f_mae      P_f_mae      S_f_mae  psavg_f_mae    Li_f_rmse     P_f_rmse     S_f_rmse psavg_f_rmse        e_mae      e/N_mae       e_rmse     e/N_rmse
    127   100      0.00587      0.00587     3.78e-06       0.0367       0.0501       0.0273       0.0702       0.0353       0.0443       0.0347       0.0889       0.0463       0.0566        0.153       0.0012        0.163      0.00127
    127   160       0.0162       0.0161     1.02e-05       0.0565       0.0831       0.0376        0.102       0.0594       0.0663        0.047        0.136       0.0866         0.09         0.22      0.00172        0.267      0.00209


  Train      #    Epoch      wal       LR       loss_f       loss_e         loss        f_mae       f_rmse     Li_f_mae      P_f_mae      S_f_mae  psavg_f_mae    Li_f_rmse     P_f_rmse     S_f_rmse psavg_f_rmse        e_mae      e/N_mae       e_rmse     e/N_rmse
! Train             127  755.927    0.001       0.0103     9.03e-05       0.0104       0.0473       0.0664       0.0327       0.0855       0.0487       0.0556       0.0421        0.113       0.0656       0.0735        0.645      0.00504        0.796      0.00622
! Validation        127  755.927    0.001      0.00856     3.62e-06      0.00857       0.0419       0.0605       0.0294       0.0797       0.0418       0.0503       0.0385        0.107       0.0581       0.0677        0.131      0.00103        0.159      0.00124
Wall time: 755.9283100389875
! Best model      127    0.009
Saved trainer to results/Allegro_FPS_150_DFT_Li3PS4/run_Allegro_FPS_150_DFT_Li3PS4/trainer.pth
Saved last model to to results/Allegro_FPS_150_DFT_Li3PS4/run_Allegro_FPS_150_DFT_Li3PS4/last_model.pth
EarlyStopping: 4 / 50

training
# Epoch batch         loss       loss_f       loss_e        f_mae       f_rmse     Li_f_mae      P_f_mae      S_f_mae  psavg_f_mae    Li_f_rmse     P_f_rmse     S_f_rmse psavg_f_rmse        e_mae      e/N_mae       e_rmse     e/N_rmse
    128    75      0.00636      0.00628      8.6e-05       0.0388       0.0518       0.0338       0.0692       0.0349        0.046        0.043       0.0899       0.0443       0.0591        0.768        0.006        0.777      0.00607

validation
# Epoch batch         loss       loss_f       loss_e        f_mae       f_rmse     Li_f_mae      P_f_mae      S_f_mae  psavg_f_mae    Li_f_rmse     P_f_rmse     S_f_rmse psavg_f_rmse        e_mae      e/N_mae       e_rmse     e/N_rmse
    128   100      0.00587      0.00586     3.71e-06       0.0366       0.0501       0.0273       0.0701       0.0353       0.0442       0.0347       0.0888       0.0463       0.0566        0.152      0.00119        0.161      0.00126
    128   160       0.0161       0.0161     1.02e-05       0.0565       0.0829       0.0376        0.102       0.0593       0.0662        0.047        0.136       0.0863       0.0899         0.22      0.00172        0.267      0.00209


  Train      #    Epoch      wal       LR       loss_f       loss_e         loss        f_mae       f_rmse     Li_f_mae      P_f_mae      S_f_mae  psavg_f_mae    Li_f_rmse     P_f_rmse     S_f_rmse psavg_f_rmse        e_mae      e/N_mae       e_rmse     e/N_rmse
! Train             128  761.791    0.001       0.0102     7.74e-05       0.0103        0.047       0.0661       0.0326       0.0855       0.0482       0.0554       0.0419        0.113        0.065       0.0733        0.607      0.00474        0.737      0.00575
! Validation        128  761.791    0.001      0.00855     3.61e-06      0.00855       0.0418       0.0605       0.0294       0.0796       0.0417       0.0502       0.0385        0.107        0.058       0.0677        0.131      0.00102        0.159      0.00124
Wall time: 761.7920589148998
! Best model      128    0.009
Saved trainer to results/Allegro_FPS_150_DFT_Li3PS4/run_Allegro_FPS_150_DFT_Li3PS4/trainer.pth
Saved last model to to results/Allegro_FPS_150_DFT_Li3PS4/run_Allegro_FPS_150_DFT_Li3PS4/last_model.pth
EarlyStopping: 5 / 50

training
# Epoch batch         loss       loss_f       loss_e        f_mae       f_rmse     Li_f_mae      P_f_mae      S_f_mae  psavg_f_mae    Li_f_rmse     P_f_rmse     S_f_rmse psavg_f_rmse        e_mae      e/N_mae       e_rmse     e/N_rmse
    129    75      0.00626      0.00617     9.66e-05       0.0385       0.0514       0.0337       0.0685       0.0346       0.0456       0.0428       0.0889       0.0439       0.0585        0.816      0.00637        0.823      0.00643

validation
# Epoch batch         loss       loss_f       loss_e        f_mae       f_rmse     Li_f_mae      P_f_mae      S_f_mae  psavg_f_mae    Li_f_rmse     P_f_rmse     S_f_rmse psavg_f_rmse        e_mae      e/N_mae       e_rmse     e/N_rmse
    129   100      0.00585      0.00584     3.63e-06       0.0366         0.05       0.0273         0.07       0.0352       0.0442       0.0346       0.0887       0.0462       0.0565        0.151      0.00118        0.159      0.00125
    129   160        0.016        0.016        1e-05       0.0564       0.0828       0.0376        0.102       0.0592       0.0662       0.0469        0.136       0.0861       0.0898        0.219      0.00171        0.265      0.00207


  Train      #    Epoch      wal       LR       loss_f       loss_e         loss        f_mae       f_rmse     Li_f_mae      P_f_mae      S_f_mae  psavg_f_mae    Li_f_rmse     P_f_rmse     S_f_rmse psavg_f_rmse        e_mae      e/N_mae       e_rmse     e/N_rmse
! Train             129  767.572    0.001       0.0101     7.52e-05       0.0102       0.0468       0.0658       0.0325       0.0854       0.0478       0.0552       0.0418        0.113       0.0646       0.0731        0.593      0.00463        0.726      0.00567
! Validation        129  767.572    0.001      0.00853     3.55e-06      0.00853       0.0418       0.0604       0.0294       0.0796       0.0417       0.0502       0.0384        0.107       0.0579       0.0676         0.13      0.00101        0.158      0.00123
Wall time: 767.572528409888
! Best model      129    0.009
Saved trainer to results/Allegro_FPS_150_DFT_Li3PS4/run_Allegro_FPS_150_DFT_Li3PS4/trainer.pth
Saved last model to to results/Allegro_FPS_150_DFT_Li3PS4/run_Allegro_FPS_150_DFT_Li3PS4/last_model.pth
EarlyStopping: 6 / 50

training
# Epoch batch         loss       loss_f       loss_e        f_mae       f_rmse     Li_f_mae      P_f_mae      S_f_mae  psavg_f_mae    Li_f_rmse     P_f_rmse     S_f_rmse psavg_f_rmse        e_mae      e/N_mae       e_rmse     e/N_rmse
    130    75      0.00613      0.00602     0.000107        0.038       0.0507       0.0336       0.0679       0.0338       0.0451       0.0426       0.0882        0.043       0.0579         0.86      0.00672        0.866      0.00677

validation
# Epoch batch         loss       loss_f       loss_e        f_mae       f_rmse     Li_f_mae      P_f_mae      S_f_mae  psavg_f_mae    Li_f_rmse     P_f_rmse     S_f_rmse psavg_f_rmse        e_mae      e/N_mae       e_rmse     e/N_rmse
    130   100      0.00584      0.00583     3.71e-06       0.0365         0.05       0.0272       0.0699       0.0352       0.0441       0.0346       0.0886       0.0462       0.0564        0.152      0.00119        0.161      0.00126
    130   160        0.016        0.016     9.96e-06       0.0563       0.0826       0.0376        0.102        0.059       0.0661       0.0469        0.136       0.0859       0.0896        0.218      0.00171        0.264      0.00206


  Train      #    Epoch      wal       LR       loss_f       loss_e         loss        f_mae       f_rmse     Li_f_mae      P_f_mae      S_f_mae  psavg_f_mae    Li_f_rmse     P_f_rmse     S_f_rmse psavg_f_rmse        e_mae      e/N_mae       e_rmse     e/N_rmse
! Train             130  773.351    0.001         0.01     7.42e-05       0.0101       0.0466       0.0656       0.0324       0.0853       0.0475       0.0551       0.0417        0.113       0.0642       0.0728         0.58      0.00453        0.721      0.00563
! Validation        130  773.351    0.001      0.00851     3.58e-06      0.00851       0.0417       0.0604       0.0293       0.0795       0.0416       0.0502       0.0384        0.106       0.0578       0.0676         0.13      0.00102        0.158      0.00124
Wall time: 773.3518391719554
! Best model      130    0.009
Saved trainer to results/Allegro_FPS_150_DFT_Li3PS4/run_Allegro_FPS_150_DFT_Li3PS4/trainer.pth
Saved last model to to results/Allegro_FPS_150_DFT_Li3PS4/run_Allegro_FPS_150_DFT_Li3PS4/last_model.pth
EarlyStopping: 7 / 50

training
# Epoch batch         loss       loss_f       loss_e        f_mae       f_rmse     Li_f_mae      P_f_mae      S_f_mae  psavg_f_mae    Li_f_rmse     P_f_rmse     S_f_rmse psavg_f_rmse        e_mae      e/N_mae       e_rmse     e/N_rmse
    131    75      0.00601      0.00591     9.65e-05       0.0376       0.0503       0.0336       0.0674       0.0331       0.0447       0.0425       0.0875       0.0423       0.0574        0.816      0.00637        0.822      0.00643

validation
# Epoch batch         loss       loss_f       loss_e        f_mae       f_rmse     Li_f_mae      P_f_mae      S_f_mae  psavg_f_mae    Li_f_rmse     P_f_rmse     S_f_rmse psavg_f_rmse        e_mae      e/N_mae       e_rmse     e/N_rmse
    131   100      0.00582      0.00582     3.81e-06       0.0365       0.0499       0.0272       0.0698       0.0351       0.0441       0.0346       0.0885       0.0461       0.0564        0.154      0.00121        0.163      0.00128
    131   160       0.0159       0.0159      9.8e-06       0.0562       0.0825       0.0376        0.102       0.0589        0.066       0.0469        0.136       0.0857       0.0895        0.217       0.0017        0.262      0.00205


  Train      #    Epoch      wal       LR       loss_f       loss_e         loss        f_mae       f_rmse     Li_f_mae      P_f_mae      S_f_mae  psavg_f_mae    Li_f_rmse     P_f_rmse     S_f_rmse psavg_f_rmse        e_mae      e/N_mae       e_rmse     e/N_rmse
! Train             131  779.110    0.001      0.00997      7.6e-05         0.01       0.0464       0.0653       0.0323       0.0852       0.0472       0.0549       0.0416        0.112       0.0638       0.0726        0.581      0.00454         0.73       0.0057
! Validation        131  779.110    0.001      0.00849     3.62e-06      0.00849       0.0417       0.0603       0.0293       0.0795       0.0415       0.0501       0.0384        0.106       0.0578       0.0675        0.131      0.00103        0.159      0.00124
Wall time: 779.1104662459111
! Best model      131    0.008
Saved trainer to results/Allegro_FPS_150_DFT_Li3PS4/run_Allegro_FPS_150_DFT_Li3PS4/trainer.pth
Saved last model to to results/Allegro_FPS_150_DFT_Li3PS4/run_Allegro_FPS_150_DFT_Li3PS4/last_model.pth

training
# Epoch batch         loss       loss_f       loss_e        f_mae       f_rmse     Li_f_mae      P_f_mae      S_f_mae  psavg_f_mae    Li_f_rmse     P_f_rmse     S_f_rmse psavg_f_rmse        e_mae      e/N_mae       e_rmse     e/N_rmse
    132    75      0.00594      0.00585     9.23e-05       0.0373         0.05       0.0336       0.0668       0.0328       0.0444       0.0423       0.0869       0.0422       0.0571        0.798      0.00624        0.804      0.00628

validation
# Epoch batch         loss       loss_f       loss_e        f_mae       f_rmse     Li_f_mae      P_f_mae      S_f_mae  psavg_f_mae    Li_f_rmse     P_f_rmse     S_f_rmse psavg_f_rmse        e_mae      e/N_mae       e_rmse     e/N_rmse
    132   100      0.00581       0.0058      3.7e-06       0.0365       0.0498       0.0272       0.0697       0.0351        0.044       0.0345       0.0883       0.0461       0.0563        0.152      0.00119        0.161      0.00126
    132   160       0.0159       0.0159     9.78e-06       0.0562       0.0824       0.0375        0.102       0.0588        0.066       0.0468        0.136       0.0855       0.0894        0.218       0.0017        0.262      0.00205


  Train      #    Epoch      wal       LR       loss_f       loss_e         loss        f_mae       f_rmse     Li_f_mae      P_f_mae      S_f_mae  psavg_f_mae    Li_f_rmse     P_f_rmse     S_f_rmse psavg_f_rmse        e_mae      e/N_mae       e_rmse     e/N_rmse
! Train             132  785.747    0.001      0.00992      7.7e-05         0.01       0.0463       0.0652       0.0323       0.0851       0.0471       0.0548       0.0416        0.112       0.0636       0.0725        0.585      0.00457        0.735      0.00574
! Validation        132  785.747    0.001      0.00847     3.56e-06      0.00847       0.0416       0.0602       0.0293       0.0794       0.0414         0.05       0.0383        0.106       0.0577       0.0674         0.13      0.00102        0.158      0.00123
Wall time: 785.748026426998
! Best model      132    0.008
Saved trainer to results/Allegro_FPS_150_DFT_Li3PS4/run_Allegro_FPS_150_DFT_Li3PS4/trainer.pth
Saved last model to to results/Allegro_FPS_150_DFT_Li3PS4/run_Allegro_FPS_150_DFT_Li3PS4/last_model.pth
EarlyStopping: 1 / 50

training
# Epoch batch         loss       loss_f       loss_e        f_mae       f_rmse     Li_f_mae      P_f_mae      S_f_mae  psavg_f_mae    Li_f_rmse     P_f_rmse     S_f_rmse psavg_f_rmse        e_mae      e/N_mae       e_rmse     e/N_rmse
    133    75      0.00592      0.00583     8.46e-05       0.0373         0.05       0.0336       0.0665       0.0328       0.0443       0.0423       0.0866       0.0421        0.057        0.765      0.00597         0.77      0.00602

validation
# Epoch batch         loss       loss_f       loss_e        f_mae       f_rmse     Li_f_mae      P_f_mae      S_f_mae  psavg_f_mae    Li_f_rmse     P_f_rmse     S_f_rmse psavg_f_rmse        e_mae      e/N_mae       e_rmse     e/N_rmse
    133   100      0.00579      0.00579     3.22e-06       0.0364       0.0498       0.0272       0.0697       0.0351        0.044       0.0345       0.0882        0.046       0.0562        0.143      0.00112         0.15      0.00117
    133   160       0.0158       0.0158     9.31e-06       0.0561       0.0823       0.0375        0.102       0.0587       0.0659       0.0468        0.136       0.0854       0.0894        0.215      0.00168        0.256        0.002


  Train      #    Epoch      wal       LR       loss_f       loss_e         loss        f_mae       f_rmse     Li_f_mae      P_f_mae      S_f_mae  psavg_f_mae    Li_f_rmse     P_f_rmse     S_f_rmse psavg_f_rmse        e_mae      e/N_mae       e_rmse     e/N_rmse
! Train             133  791.531    0.001       0.0099     7.62e-05      0.00997       0.0462       0.0651       0.0322       0.0849        0.047       0.0547       0.0415        0.112       0.0635       0.0724        0.583      0.00455        0.731      0.00571
! Validation        133  791.531    0.001      0.00845     3.32e-06      0.00846       0.0416       0.0601       0.0293       0.0794       0.0414         0.05       0.0383        0.106       0.0576       0.0674        0.125     0.000974        0.153      0.00119
Wall time: 791.5319919670001
! Best model      133    0.008
Saved trainer to results/Allegro_FPS_150_DFT_Li3PS4/run_Allegro_FPS_150_DFT_Li3PS4/trainer.pth
Saved last model to to results/Allegro_FPS_150_DFT_Li3PS4/run_Allegro_FPS_150_DFT_Li3PS4/last_model.pth
EarlyStopping: 2 / 50

training
# Epoch batch         loss       loss_f       loss_e        f_mae       f_rmse     Li_f_mae      P_f_mae      S_f_mae  psavg_f_mae    Li_f_rmse     P_f_rmse     S_f_rmse psavg_f_rmse        e_mae      e/N_mae       e_rmse     e/N_rmse
    134    75      0.00587      0.00579     8.13e-05       0.0371       0.0498       0.0334       0.0661       0.0327       0.0441        0.042       0.0861       0.0421       0.0568         0.75      0.00586        0.755       0.0059

validation
# Epoch batch         loss       loss_f       loss_e        f_mae       f_rmse     Li_f_mae      P_f_mae      S_f_mae  psavg_f_mae    Li_f_rmse     P_f_rmse     S_f_rmse psavg_f_rmse        e_mae      e/N_mae       e_rmse     e/N_rmse
    134   100      0.00578      0.00577     3.71e-06       0.0364       0.0497       0.0272       0.0696        0.035       0.0439       0.0345        0.088       0.0459       0.0562        0.153      0.00119        0.161      0.00126
    134   160       0.0158       0.0158     9.79e-06        0.056       0.0822       0.0375        0.102       0.0586       0.0659       0.0467        0.136       0.0852       0.0893        0.218       0.0017        0.262      0.00205


  Train      #    Epoch      wal       LR       loss_f       loss_e         loss        f_mae       f_rmse     Li_f_mae      P_f_mae      S_f_mae  psavg_f_mae    Li_f_rmse     P_f_rmse     S_f_rmse psavg_f_rmse        e_mae      e/N_mae       e_rmse     e/N_rmse
! Train             134  797.358    0.001      0.00985     7.71e-05      0.00993       0.0461       0.0649       0.0321       0.0848       0.0469       0.0546       0.0414        0.112       0.0633       0.0723        0.587      0.00459        0.735      0.00574
! Validation        134  797.358    0.001      0.00843     3.54e-06      0.00844       0.0415       0.0601       0.0292       0.0793       0.0413       0.0499       0.0383        0.106       0.0575       0.0673         0.13      0.00101        0.158      0.00123
Wall time: 797.3592122369446
! Best model      134    0.008
Saved trainer to results/Allegro_FPS_150_DFT_Li3PS4/run_Allegro_FPS_150_DFT_Li3PS4/trainer.pth
Saved last model to to results/Allegro_FPS_150_DFT_Li3PS4/run_Allegro_FPS_150_DFT_Li3PS4/last_model.pth
EarlyStopping: 3 / 50

training
# Epoch batch         loss       loss_f       loss_e        f_mae       f_rmse     Li_f_mae      P_f_mae      S_f_mae  psavg_f_mae    Li_f_rmse     P_f_rmse     S_f_rmse psavg_f_rmse        e_mae      e/N_mae       e_rmse     e/N_rmse
    135    75      0.00587       0.0058     7.25e-05       0.0372       0.0498       0.0333       0.0659       0.0328        0.044       0.0419       0.0858       0.0425       0.0567        0.708      0.00553        0.713      0.00557

validation
# Epoch batch         loss       loss_f       loss_e        f_mae       f_rmse     Li_f_mae      P_f_mae      S_f_mae  psavg_f_mae    Li_f_rmse     P_f_rmse     S_f_rmse psavg_f_rmse        e_mae      e/N_mae       e_rmse     e/N_rmse
    135   100      0.00577      0.00576      3.6e-06       0.0364       0.0497       0.0272       0.0695        0.035       0.0439       0.0344        0.088       0.0459       0.0561        0.151      0.00118        0.159      0.00124
    135   160       0.0158       0.0158     9.68e-06        0.056       0.0821       0.0374        0.101       0.0585       0.0658       0.0467        0.136       0.0851       0.0892        0.217      0.00169         0.26      0.00203


  Train      #    Epoch      wal       LR       loss_f       loss_e         loss        f_mae       f_rmse     Li_f_mae      P_f_mae      S_f_mae  psavg_f_mae    Li_f_rmse     P_f_rmse     S_f_rmse psavg_f_rmse        e_mae      e/N_mae       e_rmse     e/N_rmse
! Train             135  803.177    0.001      0.00981     7.57e-05      0.00988        0.046       0.0648       0.0321       0.0847       0.0467       0.0545       0.0414        0.112       0.0631       0.0721         0.58      0.00453        0.728      0.00569
! Validation        135  803.177    0.001      0.00842     3.51e-06      0.00842       0.0415         0.06       0.0292       0.0792       0.0412       0.0499       0.0382        0.106       0.0574       0.0672        0.129      0.00101        0.157      0.00123
Wall time: 803.1781884538941
! Best model      135    0.008
Saved trainer to results/Allegro_FPS_150_DFT_Li3PS4/run_Allegro_FPS_150_DFT_Li3PS4/trainer.pth
Saved last model to to results/Allegro_FPS_150_DFT_Li3PS4/run_Allegro_FPS_150_DFT_Li3PS4/last_model.pth
EarlyStopping: 4 / 50

training
# Epoch batch         loss       loss_f       loss_e        f_mae       f_rmse     Li_f_mae      P_f_mae      S_f_mae  psavg_f_mae    Li_f_rmse     P_f_rmse     S_f_rmse psavg_f_rmse        e_mae      e/N_mae       e_rmse     e/N_rmse
    136    75      0.00586      0.00579     6.59e-05       0.0371       0.0498       0.0332       0.0657        0.033       0.0439       0.0417       0.0855       0.0427       0.0566        0.676      0.00528         0.68      0.00531

validation
# Epoch batch         loss       loss_f       loss_e        f_mae       f_rmse     Li_f_mae      P_f_mae      S_f_mae  psavg_f_mae    Li_f_rmse     P_f_rmse     S_f_rmse psavg_f_rmse        e_mae      e/N_mae       e_rmse     e/N_rmse
    136   100      0.00575      0.00575     3.51e-06       0.0363       0.0496       0.0271       0.0694        0.035       0.0438       0.0344       0.0878       0.0459        0.056        0.149      0.00117        0.157      0.00123
    136   160       0.0157       0.0157     9.39e-06       0.0559        0.082       0.0374        0.101       0.0584       0.0658       0.0467        0.136        0.085       0.0891        0.215      0.00168        0.257        0.002


  Train      #    Epoch      wal       LR       loss_f       loss_e         loss        f_mae       f_rmse     Li_f_mae      P_f_mae      S_f_mae  psavg_f_mae    Li_f_rmse     P_f_rmse     S_f_rmse psavg_f_rmse        e_mae      e/N_mae       e_rmse     e/N_rmse
! Train             136  808.976    0.001      0.00977     7.31e-05      0.00984       0.0459       0.0647        0.032       0.0846       0.0466       0.0544       0.0413        0.112        0.063        0.072         0.57      0.00445        0.716      0.00559
! Validation        136  808.976    0.001       0.0084     3.43e-06       0.0084       0.0414         0.06       0.0292       0.0792       0.0412       0.0498       0.0382        0.106       0.0573       0.0672        0.128     0.000996        0.155      0.00121
Wall time: 808.9763894939097
! Best model      136    0.008
Saved trainer to results/Allegro_FPS_150_DFT_Li3PS4/run_Allegro_FPS_150_DFT_Li3PS4/trainer.pth
Saved last model to to results/Allegro_FPS_150_DFT_Li3PS4/run_Allegro_FPS_150_DFT_Li3PS4/last_model.pth
EarlyStopping: 5 / 50

training
# Epoch batch         loss       loss_f       loss_e        f_mae       f_rmse     Li_f_mae      P_f_mae      S_f_mae  psavg_f_mae    Li_f_rmse     P_f_rmse     S_f_rmse psavg_f_rmse        e_mae      e/N_mae       e_rmse     e/N_rmse
    137    75      0.00584      0.00577     6.85e-05       0.0371       0.0497       0.0331       0.0655        0.033       0.0438       0.0415       0.0852       0.0428       0.0565        0.689      0.00538        0.693      0.00541

validation
# Epoch batch         loss       loss_f       loss_e        f_mae       f_rmse     Li_f_mae      P_f_mae      S_f_mae  psavg_f_mae    Li_f_rmse     P_f_rmse     S_f_rmse psavg_f_rmse        e_mae      e/N_mae       e_rmse     e/N_rmse
    137   100      0.00574      0.00573     3.71e-06       0.0363       0.0495       0.0271       0.0693       0.0349       0.0438       0.0344       0.0877       0.0458        0.056        0.153       0.0012        0.161      0.00126
    137   160       0.0157       0.0157     9.48e-06       0.0559       0.0819       0.0374        0.101       0.0583       0.0657       0.0466        0.136       0.0849        0.089        0.215      0.00168        0.258      0.00201


  Train      #    Epoch      wal       LR       loss_f       loss_e         loss        f_mae       f_rmse     Li_f_mae      P_f_mae      S_f_mae  psavg_f_mae    Li_f_rmse     P_f_rmse     S_f_rmse psavg_f_rmse        e_mae      e/N_mae       e_rmse     e/N_rmse
! Train             137  814.829    0.001      0.00973      7.3e-05       0.0098       0.0458       0.0645        0.032       0.0844       0.0465       0.0543       0.0412        0.111       0.0628       0.0718        0.568      0.00444        0.715      0.00559
! Validation        137  814.829    0.001      0.00838     3.53e-06      0.00838       0.0414       0.0599       0.0292       0.0791       0.0411       0.0498       0.0382        0.106       0.0573       0.0671         0.13      0.00101        0.157      0.00123
Wall time: 814.8300700449618
! Best model      137    0.008
Saved trainer to results/Allegro_FPS_150_DFT_Li3PS4/run_Allegro_FPS_150_DFT_Li3PS4/trainer.pth
Saved last model to to results/Allegro_FPS_150_DFT_Li3PS4/run_Allegro_FPS_150_DFT_Li3PS4/last_model.pth

training
# Epoch batch         loss       loss_f       loss_e        f_mae       f_rmse     Li_f_mae      P_f_mae      S_f_mae  psavg_f_mae    Li_f_rmse     P_f_rmse     S_f_rmse psavg_f_rmse        e_mae      e/N_mae       e_rmse     e/N_rmse
    138    75      0.00584      0.00577     7.15e-05       0.0371       0.0497       0.0331       0.0655       0.0331       0.0439       0.0415       0.0852       0.0429       0.0565        0.705      0.00551        0.708      0.00553

validation
# Epoch batch         loss       loss_f       loss_e        f_mae       f_rmse     Li_f_mae      P_f_mae      S_f_mae  psavg_f_mae    Li_f_rmse     P_f_rmse     S_f_rmse psavg_f_rmse        e_mae      e/N_mae       e_rmse     e/N_rmse
    138   100      0.00572      0.00572     3.45e-06       0.0363       0.0495       0.0271       0.0692       0.0349       0.0437       0.0343       0.0876       0.0458       0.0559        0.149      0.00116        0.156      0.00122
    138   160       0.0157       0.0157     9.18e-06       0.0558       0.0819       0.0373        0.101       0.0582       0.0657       0.0465        0.136       0.0848        0.089        0.212      0.00166        0.254      0.00198


  Train      #    Epoch      wal       LR       loss_f       loss_e         loss        f_mae       f_rmse     Li_f_mae      P_f_mae      S_f_mae  psavg_f_mae    Li_f_rmse     P_f_rmse     S_f_rmse psavg_f_rmse        e_mae      e/N_mae       e_rmse     e/N_rmse
! Train             138  820.623    0.001      0.00969     7.28e-05      0.00976       0.0457       0.0644        0.032       0.0843       0.0464       0.0542       0.0412        0.111       0.0627       0.0717        0.566      0.00442        0.714      0.00558
! Validation        138  820.623    0.001      0.00836     3.39e-06      0.00837       0.0413       0.0598       0.0291       0.0791       0.0411       0.0498       0.0381        0.106       0.0572        0.067        0.127     0.000989        0.154       0.0012
Wall time: 820.6242882549996
! Best model      138    0.008
Saved trainer to results/Allegro_FPS_150_DFT_Li3PS4/run_Allegro_FPS_150_DFT_Li3PS4/trainer.pth
Saved last model to to results/Allegro_FPS_150_DFT_Li3PS4/run_Allegro_FPS_150_DFT_Li3PS4/last_model.pth
EarlyStopping: 1 / 50

training
# Epoch batch         loss       loss_f       loss_e        f_mae       f_rmse     Li_f_mae      P_f_mae      S_f_mae  psavg_f_mae    Li_f_rmse     P_f_rmse     S_f_rmse psavg_f_rmse        e_mae      e/N_mae       e_rmse     e/N_rmse
    139    75       0.0058      0.00573     6.58e-05        0.037       0.0495       0.0329       0.0655        0.033       0.0438       0.0412        0.085       0.0427       0.0563        0.677      0.00529        0.679      0.00531

validation
# Epoch batch         loss       loss_f       loss_e        f_mae       f_rmse     Li_f_mae      P_f_mae      S_f_mae  psavg_f_mae    Li_f_rmse     P_f_rmse     S_f_rmse psavg_f_rmse        e_mae      e/N_mae       e_rmse     e/N_rmse
    139   100      0.00571      0.00571     3.19e-06       0.0362       0.0494       0.0271       0.0691       0.0349       0.0437       0.0343       0.0875       0.0457       0.0558        0.143      0.00112        0.149      0.00117
    139   160       0.0156       0.0156     8.94e-06       0.0557       0.0818       0.0373        0.101       0.0582       0.0656       0.0465        0.135       0.0847       0.0889        0.211      0.00165         0.25      0.00196


  Train      #    Epoch      wal       LR       loss_f       loss_e         loss        f_mae       f_rmse     Li_f_mae      P_f_mae      S_f_mae  psavg_f_mae    Li_f_rmse     P_f_rmse     S_f_rmse psavg_f_rmse        e_mae      e/N_mae       e_rmse     e/N_rmse
! Train             139  826.399    0.001      0.00966     7.08e-05      0.00973       0.0456       0.0643       0.0319       0.0842       0.0463       0.0541       0.0411        0.111       0.0625       0.0716        0.561      0.00438        0.704       0.0055
! Validation        139  826.399    0.001      0.00835     3.26e-06      0.00835       0.0413       0.0598       0.0291        0.079        0.041       0.0497       0.0381        0.106       0.0571        0.067        0.124     0.000967        0.151      0.00118
Wall time: 826.4000406789128
! Best model      139    0.008
Saved trainer to results/Allegro_FPS_150_DFT_Li3PS4/run_Allegro_FPS_150_DFT_Li3PS4/trainer.pth
Saved last model to to results/Allegro_FPS_150_DFT_Li3PS4/run_Allegro_FPS_150_DFT_Li3PS4/last_model.pth
EarlyStopping: 2 / 50

training
# Epoch batch         loss       loss_f       loss_e        f_mae       f_rmse     Li_f_mae      P_f_mae      S_f_mae  psavg_f_mae    Li_f_rmse     P_f_rmse     S_f_rmse psavg_f_rmse        e_mae      e/N_mae       e_rmse     e/N_rmse
    140    75      0.00578      0.00571     6.36e-05        0.037       0.0494       0.0328       0.0653        0.033       0.0437       0.0411       0.0848       0.0427       0.0562        0.666       0.0052        0.668      0.00522

validation
# Epoch batch         loss       loss_f       loss_e        f_mae       f_rmse     Li_f_mae      P_f_mae      S_f_mae  psavg_f_mae    Li_f_rmse     P_f_rmse     S_f_rmse psavg_f_rmse        e_mae      e/N_mae       e_rmse     e/N_rmse
    140   100       0.0057      0.00569     3.37e-06       0.0362       0.0494       0.0271        0.069       0.0348       0.0436       0.0343       0.0874       0.0456       0.0558        0.147      0.00115        0.154       0.0012
    140   160       0.0156       0.0156     8.88e-06       0.0557       0.0817       0.0372        0.101       0.0581       0.0655       0.0465        0.135       0.0846       0.0888         0.21      0.00164         0.25      0.00195


  Train      #    Epoch      wal       LR       loss_f       loss_e         loss        f_mae       f_rmse     Li_f_mae      P_f_mae      S_f_mae  psavg_f_mae    Li_f_rmse     P_f_rmse     S_f_rmse psavg_f_rmse        e_mae      e/N_mae       e_rmse     e/N_rmse
! Train             140  832.261    0.001      0.00964        7e-05      0.00971       0.0456       0.0642       0.0319       0.0841       0.0463       0.0541       0.0411        0.111       0.0625       0.0715        0.558      0.00436          0.7      0.00547
! Validation        140  832.261    0.001      0.00833     3.33e-06      0.00833       0.0413       0.0597       0.0291        0.079        0.041       0.0497        0.038        0.106        0.057       0.0669        0.126     0.000981        0.153      0.00119
Wall time: 832.2615490519674
! Best model      140    0.008
Saved trainer to results/Allegro_FPS_150_DFT_Li3PS4/run_Allegro_FPS_150_DFT_Li3PS4/trainer.pth
Saved last model to to results/Allegro_FPS_150_DFT_Li3PS4/run_Allegro_FPS_150_DFT_Li3PS4/last_model.pth
EarlyStopping: 3 / 50

training
# Epoch batch         loss       loss_f       loss_e        f_mae       f_rmse     Li_f_mae      P_f_mae      S_f_mae  psavg_f_mae    Li_f_rmse     P_f_rmse     S_f_rmse psavg_f_rmse        e_mae      e/N_mae       e_rmse     e/N_rmse
    141    75      0.00574      0.00567     7.39e-05       0.0368       0.0492       0.0327       0.0651       0.0329       0.0436       0.0409       0.0846       0.0425        0.056        0.718      0.00561         0.72      0.00563

validation
# Epoch batch         loss       loss_f       loss_e        f_mae       f_rmse     Li_f_mae      P_f_mae      S_f_mae  psavg_f_mae    Li_f_rmse     P_f_rmse     S_f_rmse psavg_f_rmse        e_mae      e/N_mae       e_rmse     e/N_rmse
    141   100      0.00568      0.00568     3.55e-06       0.0361       0.0493        0.027       0.0689       0.0348       0.0436       0.0342       0.0873       0.0456       0.0557        0.151      0.00118        0.158      0.00123
    141   160       0.0156       0.0156     9.03e-06       0.0556       0.0817       0.0372        0.101        0.058       0.0655       0.0464        0.135       0.0845       0.0888         0.21      0.00164        0.252      0.00197


  Train      #    Epoch      wal       LR       loss_f       loss_e         loss        f_mae       f_rmse     Li_f_mae      P_f_mae      S_f_mae  psavg_f_mae    Li_f_rmse     P_f_rmse     S_f_rmse psavg_f_rmse        e_mae      e/N_mae       e_rmse     e/N_rmse
! Train             141  838.028    0.001       0.0096     7.15e-05      0.00967       0.0455       0.0641       0.0318        0.084       0.0461        0.054       0.0411        0.111       0.0623       0.0714        0.563      0.00439        0.708      0.00553
! Validation        141  838.028    0.001      0.00831     3.43e-06      0.00832       0.0412       0.0596       0.0291       0.0789       0.0409       0.0496        0.038        0.106        0.057       0.0669        0.128     0.000999        0.155      0.00121
Wall time: 838.0289386298973
! Best model      141    0.008
Saved trainer to results/Allegro_FPS_150_DFT_Li3PS4/run_Allegro_FPS_150_DFT_Li3PS4/trainer.pth
Saved last model to to results/Allegro_FPS_150_DFT_Li3PS4/run_Allegro_FPS_150_DFT_Li3PS4/last_model.pth
EarlyStopping: 4 / 50

training
# Epoch batch         loss       loss_f       loss_e        f_mae       f_rmse     Li_f_mae      P_f_mae      S_f_mae  psavg_f_mae    Li_f_rmse     P_f_rmse     S_f_rmse psavg_f_rmse        e_mae      e/N_mae       e_rmse     e/N_rmse
    142    75      0.00574      0.00566     7.34e-05       0.0368       0.0492       0.0327       0.0652       0.0328       0.0436       0.0409       0.0846       0.0425        0.056        0.716      0.00559        0.717      0.00561

validation
# Epoch batch         loss       loss_f       loss_e        f_mae       f_rmse     Li_f_mae      P_f_mae      S_f_mae  psavg_f_mae    Li_f_rmse     P_f_rmse     S_f_rmse psavg_f_rmse        e_mae      e/N_mae       e_rmse     e/N_rmse
    142   100      0.00567      0.00567      3.7e-06       0.0361       0.0492        0.027       0.0688       0.0348       0.0435       0.0342       0.0872       0.0455       0.0556        0.154       0.0012        0.161      0.00126
    142   160       0.0156       0.0156     9.03e-06       0.0556       0.0816       0.0372        0.101       0.0579       0.0654       0.0464        0.135       0.0844       0.0887         0.21      0.00164        0.252      0.00197


  Train      #    Epoch      wal       LR       loss_f       loss_e         loss        f_mae       f_rmse     Li_f_mae      P_f_mae      S_f_mae  psavg_f_mae    Li_f_rmse     P_f_rmse     S_f_rmse psavg_f_rmse        e_mae      e/N_mae       e_rmse     e/N_rmse
! Train             142  843.822    0.001      0.00957     7.17e-05      0.00965       0.0455        0.064       0.0318       0.0839       0.0461       0.0539        0.041        0.111       0.0622       0.0713        0.563       0.0044        0.709      0.00554
! Validation        142  843.822    0.001       0.0083     3.51e-06       0.0083       0.0412       0.0596        0.029       0.0789       0.0408       0.0496        0.038        0.106       0.0569       0.0668         0.13      0.00101        0.157      0.00123
Wall time: 843.8224467379041
! Best model      142    0.008
Saved trainer to results/Allegro_FPS_150_DFT_Li3PS4/run_Allegro_FPS_150_DFT_Li3PS4/trainer.pth
Saved last model to to results/Allegro_FPS_150_DFT_Li3PS4/run_Allegro_FPS_150_DFT_Li3PS4/last_model.pth
EarlyStopping: 5 / 50

training
# Epoch batch         loss       loss_f       loss_e        f_mae       f_rmse     Li_f_mae      P_f_mae      S_f_mae  psavg_f_mae    Li_f_rmse     P_f_rmse     S_f_rmse psavg_f_rmse        e_mae      e/N_mae       e_rmse     e/N_rmse
    143    75      0.00569      0.00561     7.46e-05       0.0367        0.049       0.0324       0.0651       0.0327       0.0434       0.0407       0.0845       0.0422       0.0558        0.722      0.00564        0.723      0.00565

validation
# Epoch batch         loss       loss_f       loss_e        f_mae       f_rmse     Li_f_mae      P_f_mae      S_f_mae  psavg_f_mae    Li_f_rmse     P_f_rmse     S_f_rmse psavg_f_rmse        e_mae      e/N_mae       e_rmse     e/N_rmse
    143   100      0.00566      0.00565     3.52e-06       0.0361       0.0492        0.027       0.0687       0.0347       0.0435       0.0341       0.0871       0.0455       0.0556         0.15      0.00117        0.157      0.00123
    143   160       0.0155       0.0155     8.82e-06       0.0555       0.0815       0.0372        0.101       0.0578       0.0654       0.0464        0.135       0.0843       0.0886        0.208      0.00163        0.249      0.00194


  Train      #    Epoch      wal       LR       loss_f       loss_e         loss        f_mae       f_rmse     Li_f_mae      P_f_mae      S_f_mae  psavg_f_mae    Li_f_rmse     P_f_rmse     S_f_rmse psavg_f_rmse        e_mae      e/N_mae       e_rmse     e/N_rmse
! Train             143  849.582    0.001      0.00955     7.02e-05      0.00962       0.0454       0.0639       0.0318       0.0838        0.046       0.0539        0.041        0.111       0.0621       0.0712         0.56      0.00437        0.702      0.00548
! Validation        143  849.582    0.001      0.00828     3.43e-06      0.00828       0.0411       0.0595        0.029       0.0788       0.0408       0.0495       0.0379        0.105       0.0568       0.0667        0.128        0.001        0.155      0.00121
Wall time: 849.5828054070007
! Best model      143    0.008
Saved trainer to results/Allegro_FPS_150_DFT_Li3PS4/run_Allegro_FPS_150_DFT_Li3PS4/trainer.pth
Saved last model to to results/Allegro_FPS_150_DFT_Li3PS4/run_Allegro_FPS_150_DFT_Li3PS4/last_model.pth

training
# Epoch batch         loss       loss_f       loss_e        f_mae       f_rmse     Li_f_mae      P_f_mae      S_f_mae  psavg_f_mae    Li_f_rmse     P_f_rmse     S_f_rmse psavg_f_rmse        e_mae      e/N_mae       e_rmse     e/N_rmse
    144    75      0.00569      0.00562     7.07e-05       0.0367        0.049       0.0324       0.0651       0.0328       0.0434       0.0406       0.0844       0.0424       0.0558        0.703      0.00549        0.704       0.0055

validation
# Epoch batch         loss       loss_f       loss_e        f_mae       f_rmse     Li_f_mae      P_f_mae      S_f_mae  psavg_f_mae    Li_f_rmse     P_f_rmse     S_f_rmse psavg_f_rmse        e_mae      e/N_mae       e_rmse     e/N_rmse
    144   100      0.00564      0.00564     3.54e-06        0.036       0.0491        0.027       0.0686       0.0347       0.0434       0.0341       0.0869       0.0454       0.0555        0.151      0.00118        0.158      0.00123
    144   160       0.0155       0.0155     8.86e-06       0.0554       0.0814       0.0371        0.101       0.0577       0.0653       0.0463        0.135       0.0842       0.0885        0.209      0.00163        0.249      0.00195


  Train      #    Epoch      wal       LR       loss_f       loss_e         loss        f_mae       f_rmse     Li_f_mae      P_f_mae      S_f_mae  psavg_f_mae    Li_f_rmse     P_f_rmse     S_f_rmse psavg_f_rmse        e_mae      e/N_mae       e_rmse     e/N_rmse
! Train             144  855.357    0.001      0.00952     7.16e-05      0.00959       0.0453       0.0638       0.0318       0.0837        0.046       0.0538        0.041         0.11        0.062       0.0711        0.562      0.00439        0.709      0.00554
! Validation        144  855.357    0.001      0.00826     3.43e-06      0.00827       0.0411       0.0595        0.029       0.0788       0.0407       0.0495       0.0379        0.105       0.0567       0.0667        0.128        0.001        0.155      0.00121
Wall time: 855.3581575358985
! Best model      144    0.008
Saved trainer to results/Allegro_FPS_150_DFT_Li3PS4/run_Allegro_FPS_150_DFT_Li3PS4/trainer.pth
Saved last model to to results/Allegro_FPS_150_DFT_Li3PS4/run_Allegro_FPS_150_DFT_Li3PS4/last_model.pth
EarlyStopping: 1 / 50

training
# Epoch batch         loss       loss_f       loss_e        f_mae       f_rmse     Li_f_mae      P_f_mae      S_f_mae  psavg_f_mae    Li_f_rmse     P_f_rmse     S_f_rmse psavg_f_rmse        e_mae      e/N_mae       e_rmse     e/N_rmse
    145    75      0.00565      0.00557      7.6e-05       0.0365       0.0488       0.0323        0.065       0.0326       0.0433       0.0404       0.0843       0.0421       0.0556        0.729      0.00569         0.73       0.0057

validation
# Epoch batch         loss       loss_f       loss_e        f_mae       f_rmse     Li_f_mae      P_f_mae      S_f_mae  psavg_f_mae    Li_f_rmse     P_f_rmse     S_f_rmse psavg_f_rmse        e_mae      e/N_mae       e_rmse     e/N_rmse
    145   100      0.00564      0.00563     3.35e-06        0.036       0.0491       0.0269       0.0686       0.0347       0.0434       0.0341       0.0869       0.0454       0.0555        0.147      0.00115        0.153       0.0012
    145   160       0.0155       0.0155     8.54e-06       0.0554       0.0814       0.0371        0.101       0.0577       0.0653       0.0463        0.135       0.0841       0.0885        0.206      0.00161        0.245      0.00191


  Train      #    Epoch      wal       LR       loss_f       loss_e         loss        f_mae       f_rmse     Li_f_mae      P_f_mae      S_f_mae  psavg_f_mae    Li_f_rmse     P_f_rmse     S_f_rmse psavg_f_rmse        e_mae      e/N_mae       e_rmse     e/N_rmse
! Train             145  861.126    0.001      0.00949     7.09e-05      0.00956       0.0453       0.0637       0.0317       0.0836       0.0458       0.0537       0.0409         0.11       0.0618        0.071        0.562      0.00439        0.705      0.00551
! Validation        145  861.126    0.001      0.00825     3.33e-06      0.00825        0.041       0.0594        0.029       0.0787       0.0407       0.0494       0.0379        0.105       0.0567       0.0666        0.126     0.000984        0.153      0.00119
Wall time: 861.1271567199146
! Best model      145    0.008
Saved trainer to results/Allegro_FPS_150_DFT_Li3PS4/run_Allegro_FPS_150_DFT_Li3PS4/trainer.pth
Saved last model to to results/Allegro_FPS_150_DFT_Li3PS4/run_Allegro_FPS_150_DFT_Li3PS4/last_model.pth
EarlyStopping: 2 / 50

training
# Epoch batch         loss       loss_f       loss_e        f_mae       f_rmse     Li_f_mae      P_f_mae      S_f_mae  psavg_f_mae    Li_f_rmse     P_f_rmse     S_f_rmse psavg_f_rmse        e_mae      e/N_mae       e_rmse     e/N_rmse
    146    75      0.00559      0.00553     6.64e-05       0.0364       0.0486       0.0321       0.0649       0.0324       0.0431       0.0402       0.0841       0.0419       0.0554        0.681      0.00532        0.682      0.00533

validation
# Epoch batch         loss       loss_f       loss_e        f_mae       f_rmse     Li_f_mae      P_f_mae      S_f_mae  psavg_f_mae    Li_f_rmse     P_f_rmse     S_f_rmse psavg_f_rmse        e_mae      e/N_mae       e_rmse     e/N_rmse
    146   100      0.00562      0.00562     3.51e-06        0.036        0.049       0.0269       0.0684       0.0347       0.0433       0.0341       0.0867       0.0454       0.0554         0.15      0.00117        0.157      0.00123
    146   160       0.0154       0.0154     8.61e-06       0.0553       0.0813       0.0371        0.101       0.0576       0.0652       0.0463        0.135        0.084       0.0884        0.207      0.00161        0.246      0.00192


  Train      #    Epoch      wal       LR       loss_f       loss_e         loss        f_mae       f_rmse     Li_f_mae      P_f_mae      S_f_mae  psavg_f_mae    Li_f_rmse     P_f_rmse     S_f_rmse psavg_f_rmse        e_mae      e/N_mae       e_rmse     e/N_rmse
! Train             146  866.996    0.001      0.00946      6.9e-05      0.00953       0.0452       0.0636       0.0317       0.0835       0.0458       0.0536       0.0409         0.11       0.0617       0.0709        0.553      0.00432        0.695      0.00543
! Validation        146  866.996    0.001      0.00823     3.41e-06      0.00824        0.041       0.0594       0.0289       0.0787       0.0406       0.0494       0.0378        0.105       0.0566       0.0666        0.128     0.000997        0.155      0.00121
Wall time: 866.9971512289485
! Best model      146    0.008
Saved trainer to results/Allegro_FPS_150_DFT_Li3PS4/run_Allegro_FPS_150_DFT_Li3PS4/trainer.pth
Saved last model to to results/Allegro_FPS_150_DFT_Li3PS4/run_Allegro_FPS_150_DFT_Li3PS4/last_model.pth
EarlyStopping: 3 / 50

training
# Epoch batch         loss       loss_f       loss_e        f_mae       f_rmse     Li_f_mae      P_f_mae      S_f_mae  psavg_f_mae    Li_f_rmse     P_f_rmse     S_f_rmse psavg_f_rmse        e_mae      e/N_mae       e_rmse     e/N_rmse
    147    75      0.00558      0.00551     7.23e-05       0.0363       0.0486        0.032       0.0648       0.0324       0.0431       0.0401        0.084       0.0418       0.0553        0.711      0.00556        0.712      0.00556

validation
# Epoch batch         loss       loss_f       loss_e        f_mae       f_rmse     Li_f_mae      P_f_mae      S_f_mae  psavg_f_mae    Li_f_rmse     P_f_rmse     S_f_rmse psavg_f_rmse        e_mae      e/N_mae       e_rmse     e/N_rmse
    147   100      0.00561       0.0056     3.84e-06       0.0359        0.049       0.0269       0.0684       0.0346       0.0433        0.034       0.0866       0.0453       0.0553        0.156      0.00122        0.164      0.00128
    147   160       0.0154       0.0154     8.86e-06       0.0553       0.0812       0.0371        0.101       0.0575       0.0652       0.0463        0.135       0.0839       0.0884        0.208      0.00162        0.249      0.00195


  Train      #    Epoch      wal       LR       loss_f       loss_e         loss        f_mae       f_rmse     Li_f_mae      P_f_mae      S_f_mae  psavg_f_mae    Li_f_rmse     P_f_rmse     S_f_rmse psavg_f_rmse        e_mae      e/N_mae       e_rmse     e/N_rmse
! Train             147  872.835    0.001      0.00944     7.02e-05      0.00951       0.0451       0.0636       0.0317       0.0834       0.0457       0.0536       0.0408         0.11       0.0616       0.0709        0.556      0.00434        0.701      0.00548
! Validation        147  872.835    0.001      0.00822      3.6e-06      0.00822        0.041       0.0593       0.0289       0.0786       0.0406       0.0494       0.0378        0.105       0.0565       0.0665        0.132      0.00103        0.159      0.00124
Wall time: 872.8361507039517
! Best model      147    0.008
Saved trainer to results/Allegro_FPS_150_DFT_Li3PS4/run_Allegro_FPS_150_DFT_Li3PS4/trainer.pth
Saved last model to to results/Allegro_FPS_150_DFT_Li3PS4/run_Allegro_FPS_150_DFT_Li3PS4/last_model.pth
EarlyStopping: 4 / 50

training
# Epoch batch         loss       loss_f       loss_e        f_mae       f_rmse     Li_f_mae      P_f_mae      S_f_mae  psavg_f_mae    Li_f_rmse     P_f_rmse     S_f_rmse psavg_f_rmse        e_mae      e/N_mae       e_rmse     e/N_rmse
    148    75      0.00558      0.00551     6.55e-05       0.0363       0.0486       0.0319       0.0649       0.0324       0.0431       0.0399       0.0841       0.0419       0.0553        0.677      0.00529        0.678      0.00529

validation
# Epoch batch         loss       loss_f       loss_e        f_mae       f_rmse     Li_f_mae      P_f_mae      S_f_mae  psavg_f_mae    Li_f_rmse     P_f_rmse     S_f_rmse psavg_f_rmse        e_mae      e/N_mae       e_rmse     e/N_rmse
    148   100       0.0056      0.00559     3.85e-06       0.0359       0.0489       0.0269       0.0683       0.0346       0.0433        0.034       0.0866       0.0452       0.0553        0.157      0.00122        0.164      0.00128
    148   160       0.0154       0.0154     8.77e-06       0.0552       0.0811       0.0371        0.101       0.0574       0.0651       0.0462        0.135       0.0838       0.0883        0.208      0.00162        0.248      0.00194


  Train      #    Epoch      wal       LR       loss_f       loss_e         loss        f_mae       f_rmse     Li_f_mae      P_f_mae      S_f_mae  psavg_f_mae    Li_f_rmse     P_f_rmse     S_f_rmse psavg_f_rmse        e_mae      e/N_mae       e_rmse     e/N_rmse
! Train             148  878.588    0.001      0.00941     7.15e-05      0.00948       0.0451       0.0635       0.0316       0.0833       0.0456       0.0535       0.0408         0.11       0.0615       0.0708         0.56      0.00438        0.708      0.00553
! Validation        148  878.588    0.001       0.0082     3.58e-06      0.00821       0.0409       0.0593       0.0289       0.0786       0.0405       0.0493       0.0378        0.105       0.0565       0.0665        0.132      0.00103        0.159      0.00124
Wall time: 878.5891155839199
! Best model      148    0.008
Saved trainer to results/Allegro_FPS_150_DFT_Li3PS4/run_Allegro_FPS_150_DFT_Li3PS4/trainer.pth
Saved last model to to results/Allegro_FPS_150_DFT_Li3PS4/run_Allegro_FPS_150_DFT_Li3PS4/last_model.pth
EarlyStopping: 5 / 50

training
# Epoch batch         loss       loss_f       loss_e        f_mae       f_rmse     Li_f_mae      P_f_mae      S_f_mae  psavg_f_mae    Li_f_rmse     P_f_rmse     S_f_rmse psavg_f_rmse        e_mae      e/N_mae       e_rmse     e/N_rmse
    149    75      0.00553      0.00547     5.83e-05       0.0361       0.0484       0.0318       0.0647       0.0323       0.0429       0.0397       0.0839       0.0418       0.0551        0.638      0.00499        0.639        0.005

validation
# Epoch batch         loss       loss_f       loss_e        f_mae       f_rmse     Li_f_mae      P_f_mae      S_f_mae  psavg_f_mae    Li_f_rmse     P_f_rmse     S_f_rmse psavg_f_rmse        e_mae      e/N_mae       e_rmse     e/N_rmse
    149   100      0.00558      0.00558      3.5e-06       0.0359       0.0489       0.0269       0.0682       0.0346       0.0432        0.034       0.0865       0.0452       0.0552         0.15      0.00117        0.157      0.00122
    149   160       0.0154       0.0154     8.59e-06       0.0552       0.0811       0.0371        0.101       0.0573       0.0651       0.0462        0.135       0.0837       0.0882        0.207      0.00161        0.245      0.00192


  Train      #    Epoch      wal       LR       loss_f       loss_e         loss        f_mae       f_rmse     Li_f_mae      P_f_mae      S_f_mae  psavg_f_mae    Li_f_rmse     P_f_rmse     S_f_rmse psavg_f_rmse        e_mae      e/N_mae       e_rmse     e/N_rmse
! Train             149  884.382    0.001      0.00939     6.95e-05      0.00946        0.045       0.0634       0.0316       0.0832       0.0456       0.0535       0.0407         0.11       0.0614       0.0707        0.555      0.00434        0.698      0.00545
! Validation        149  884.382    0.001      0.00819     3.43e-06      0.00819       0.0409       0.0592       0.0289       0.0785       0.0405       0.0493       0.0377        0.105       0.0564       0.0664        0.128        0.001        0.155      0.00121
Wall time: 884.3831594409421
! Best model      149    0.008
Saved trainer to results/Allegro_FPS_150_DFT_Li3PS4/run_Allegro_FPS_150_DFT_Li3PS4/trainer.pth
Saved last model to to results/Allegro_FPS_150_DFT_Li3PS4/run_Allegro_FPS_150_DFT_Li3PS4/last_model.pth
EarlyStopping: 6 / 50

training
# Epoch batch         loss       loss_f       loss_e        f_mae       f_rmse     Li_f_mae      P_f_mae      S_f_mae  psavg_f_mae    Li_f_rmse     P_f_rmse     S_f_rmse psavg_f_rmse        e_mae      e/N_mae       e_rmse     e/N_rmse
    150    75      0.00552      0.00547     5.37e-05       0.0361       0.0484       0.0317       0.0647       0.0323       0.0429       0.0395       0.0839       0.0418       0.0551        0.613      0.00479        0.614      0.00479

validation
# Epoch batch         loss       loss_f       loss_e        f_mae       f_rmse     Li_f_mae      P_f_mae      S_f_mae  psavg_f_mae    Li_f_rmse     P_f_rmse     S_f_rmse psavg_f_rmse        e_mae      e/N_mae       e_rmse     e/N_rmse
    150   100      0.00557      0.00557     3.57e-06       0.0358       0.0488       0.0269       0.0682       0.0345       0.0432       0.0339       0.0864       0.0451       0.0551        0.151      0.00118        0.158      0.00124
    150   160       0.0153       0.0153     8.68e-06       0.0551        0.081        0.037        0.101       0.0573        0.065       0.0462        0.135       0.0836       0.0881        0.207      0.00162        0.247      0.00193


  Train      #    Epoch      wal       LR       loss_f       loss_e         loss        f_mae       f_rmse     Li_f_mae      P_f_mae      S_f_mae  psavg_f_mae    Li_f_rmse     P_f_rmse     S_f_rmse psavg_f_rmse        e_mae      e/N_mae       e_rmse     e/N_rmse
! Train             150  890.304    0.001      0.00935      7.1e-05      0.00943       0.0449       0.0633       0.0315       0.0831       0.0454       0.0534       0.0407         0.11       0.0613       0.0706        0.558      0.00436        0.706      0.00551
! Validation        150  890.304    0.001      0.00818     3.47e-06      0.00818       0.0408       0.0592       0.0288       0.0785       0.0404       0.0492       0.0377        0.105       0.0563       0.0664        0.129      0.00101        0.156      0.00122
Wall time: 890.3046607149299
! Best model      150    0.008
Saved trainer to results/Allegro_FPS_150_DFT_Li3PS4/run_Allegro_FPS_150_DFT_Li3PS4/trainer.pth
Saved last model to to results/Allegro_FPS_150_DFT_Li3PS4/run_Allegro_FPS_150_DFT_Li3PS4/last_model.pth

training
# Epoch batch         loss       loss_f       loss_e        f_mae       f_rmse     Li_f_mae      P_f_mae      S_f_mae  psavg_f_mae    Li_f_rmse     P_f_rmse     S_f_rmse psavg_f_rmse        e_mae      e/N_mae       e_rmse     e/N_rmse
    151    75      0.00551      0.00546     5.49e-05       0.0361       0.0483       0.0316       0.0647       0.0323       0.0429       0.0394       0.0839       0.0418        0.055        0.619      0.00484         0.62      0.00485

validation
# Epoch batch         loss       loss_f       loss_e        f_mae       f_rmse     Li_f_mae      P_f_mae      S_f_mae  psavg_f_mae    Li_f_rmse     P_f_rmse     S_f_rmse psavg_f_rmse        e_mae      e/N_mae       e_rmse     e/N_rmse
    151   100      0.00556      0.00555     3.65e-06       0.0358       0.0488       0.0268        0.068       0.0345       0.0431       0.0339       0.0862       0.0451       0.0551        0.153      0.00119         0.16      0.00125
    151   160       0.0153       0.0153     8.75e-06       0.0551       0.0809        0.037        0.101       0.0572        0.065       0.0462        0.134       0.0836       0.0881        0.207      0.00162        0.248      0.00193


  Train      #    Epoch      wal       LR       loss_f       loss_e         loss        f_mae       f_rmse     Li_f_mae      P_f_mae      S_f_mae  psavg_f_mae    Li_f_rmse     P_f_rmse     S_f_rmse psavg_f_rmse        e_mae      e/N_mae       e_rmse     e/N_rmse
! Train             151  896.048    0.001      0.00934     7.04e-05      0.00941       0.0449       0.0632       0.0315       0.0831       0.0454       0.0533       0.0406         0.11       0.0612       0.0705        0.555      0.00433        0.702      0.00549
! Validation        151  896.048    0.001      0.00816     3.51e-06      0.00816       0.0408       0.0591       0.0288       0.0784       0.0404       0.0492       0.0377        0.105       0.0563       0.0663         0.13      0.00102        0.157      0.00123
Wall time: 896.0484728189185
! Best model      151    0.008
Saved trainer to results/Allegro_FPS_150_DFT_Li3PS4/run_Allegro_FPS_150_DFT_Li3PS4/trainer.pth
Saved last model to to results/Allegro_FPS_150_DFT_Li3PS4/run_Allegro_FPS_150_DFT_Li3PS4/last_model.pth
EarlyStopping: 1 / 50

training
# Epoch batch         loss       loss_f       loss_e        f_mae       f_rmse     Li_f_mae      P_f_mae      S_f_mae  psavg_f_mae    Li_f_rmse     P_f_rmse     S_f_rmse psavg_f_rmse        e_mae      e/N_mae       e_rmse     e/N_rmse
    152    75      0.00548      0.00544     4.37e-05        0.036       0.0482       0.0315       0.0645       0.0323       0.0428       0.0392       0.0836       0.0419       0.0549        0.553      0.00432        0.554      0.00433

validation
# Epoch batch         loss       loss_f       loss_e        f_mae       f_rmse     Li_f_mae      P_f_mae      S_f_mae  psavg_f_mae    Li_f_rmse     P_f_rmse     S_f_rmse psavg_f_rmse        e_mae      e/N_mae       e_rmse     e/N_rmse
    152   100      0.00555      0.00554     3.73e-06       0.0358       0.0487       0.0268       0.0679       0.0345       0.0431       0.0339       0.0862        0.045        0.055        0.155      0.00121        0.162      0.00126
    152   160       0.0153       0.0153     8.63e-06        0.055       0.0809        0.037        0.101       0.0571        0.065       0.0462        0.134       0.0834        0.088        0.206      0.00161        0.246      0.00192


  Train      #    Epoch      wal       LR       loss_f       loss_e         loss        f_mae       f_rmse     Li_f_mae      P_f_mae      S_f_mae  psavg_f_mae    Li_f_rmse     P_f_rmse     S_f_rmse psavg_f_rmse        e_mae      e/N_mae       e_rmse     e/N_rmse
! Train             152  901.973    0.001       0.0093        7e-05      0.00937       0.0448       0.0631       0.0314       0.0829       0.0453       0.0532       0.0406         0.11       0.0611       0.0704        0.552      0.00432        0.701      0.00547
! Validation        152  901.973    0.001      0.00815     3.54e-06      0.00815       0.0408        0.059       0.0288       0.0784       0.0403       0.0492       0.0377        0.105       0.0562       0.0663        0.131      0.00102        0.158      0.00123
Wall time: 901.9742170909885
! Best model      152    0.008
Saved trainer to results/Allegro_FPS_150_DFT_Li3PS4/run_Allegro_FPS_150_DFT_Li3PS4/trainer.pth
Saved last model to to results/Allegro_FPS_150_DFT_Li3PS4/run_Allegro_FPS_150_DFT_Li3PS4/last_model.pth
EarlyStopping: 2 / 50

training
# Epoch batch         loss       loss_f       loss_e        f_mae       f_rmse     Li_f_mae      P_f_mae      S_f_mae  psavg_f_mae    Li_f_rmse     P_f_rmse     S_f_rmse psavg_f_rmse        e_mae      e/N_mae       e_rmse     e/N_rmse
    153    75      0.00548      0.00544      3.9e-05        0.036       0.0482       0.0314       0.0646       0.0323       0.0428       0.0391       0.0838       0.0419       0.0549        0.522      0.00408        0.523      0.00409

validation
# Epoch batch         loss       loss_f       loss_e        f_mae       f_rmse     Li_f_mae      P_f_mae      S_f_mae  psavg_f_mae    Li_f_rmse     P_f_rmse     S_f_rmse psavg_f_rmse        e_mae      e/N_mae       e_rmse     e/N_rmse
    153   100      0.00554      0.00553     3.97e-06       0.0357       0.0487       0.0268       0.0679       0.0344        0.043       0.0338       0.0861        0.045        0.055        0.159      0.00124        0.167       0.0013
    153   160       0.0153       0.0152     8.67e-06       0.0549       0.0808        0.037        0.101        0.057       0.0649       0.0461        0.134       0.0834       0.0879        0.206      0.00161        0.247      0.00193


  Train      #    Epoch      wal       LR       loss_f       loss_e         loss        f_mae       f_rmse     Li_f_mae      P_f_mae      S_f_mae  psavg_f_mae    Li_f_rmse     P_f_rmse     S_f_rmse psavg_f_rmse        e_mae      e/N_mae       e_rmse     e/N_rmse
! Train             153  907.737    0.001      0.00926     6.97e-05      0.00933       0.0447        0.063       0.0314       0.0828       0.0452       0.0531       0.0405        0.109       0.0609       0.0703        0.551      0.00431        0.699      0.00546
! Validation        153  907.737    0.001      0.00813     3.69e-06      0.00814       0.0407        0.059       0.0288       0.0783       0.0403       0.0491       0.0376        0.105       0.0561       0.0662        0.134      0.00104        0.161      0.00126
Wall time: 907.7379197109258
! Best model      153    0.008
Saved trainer to results/Allegro_FPS_150_DFT_Li3PS4/run_Allegro_FPS_150_DFT_Li3PS4/trainer.pth
Saved last model to to results/Allegro_FPS_150_DFT_Li3PS4/run_Allegro_FPS_150_DFT_Li3PS4/last_model.pth
EarlyStopping: 3 / 50

training
# Epoch batch         loss       loss_f       loss_e        f_mae       f_rmse     Li_f_mae      P_f_mae      S_f_mae  psavg_f_mae    Li_f_rmse     P_f_rmse     S_f_rmse psavg_f_rmse        e_mae      e/N_mae       e_rmse     e/N_rmse
    154    75       0.0055      0.00547     3.11e-05       0.0361       0.0484       0.0314       0.0646       0.0325       0.0428        0.039       0.0837       0.0422        0.055        0.465      0.00364        0.467      0.00365

validation
# Epoch batch         loss       loss_f       loss_e        f_mae       f_rmse     Li_f_mae      P_f_mae      S_f_mae  psavg_f_mae    Li_f_rmse     P_f_rmse     S_f_rmse psavg_f_rmse        e_mae      e/N_mae       e_rmse     e/N_rmse
    154   100      0.00552      0.00552     3.83e-06       0.0357       0.0486       0.0268       0.0678       0.0344        0.043       0.0338        0.086       0.0449       0.0549        0.156      0.00122        0.164      0.00128
    154   160       0.0152       0.0152     8.59e-06       0.0549       0.0807        0.037        0.101       0.0569       0.0648       0.0461        0.134       0.0833       0.0879        0.206      0.00161        0.245      0.00192


  Train      #    Epoch      wal       LR       loss_f       loss_e         loss        f_mae       f_rmse     Li_f_mae      P_f_mae      S_f_mae  psavg_f_mae    Li_f_rmse     P_f_rmse     S_f_rmse psavg_f_rmse        e_mae      e/N_mae       e_rmse     e/N_rmse
! Train             154  913.479    0.001      0.00925     6.96e-05      0.00932       0.0447       0.0629       0.0314       0.0828       0.0451       0.0531       0.0405        0.109       0.0608       0.0702        0.549      0.00429        0.699      0.00546
! Validation        154  913.479    0.001      0.00812     3.61e-06      0.00812       0.0407       0.0589       0.0287       0.0783       0.0402       0.0491       0.0376        0.105       0.0561       0.0661        0.132      0.00103        0.159      0.00124
Wall time: 913.4798207789427
! Best model      154    0.008
Saved trainer to results/Allegro_FPS_150_DFT_Li3PS4/run_Allegro_FPS_150_DFT_Li3PS4/trainer.pth
Saved last model to to results/Allegro_FPS_150_DFT_Li3PS4/run_Allegro_FPS_150_DFT_Li3PS4/last_model.pth
EarlyStopping: 4 / 50

training
# Epoch batch         loss       loss_f       loss_e        f_mae       f_rmse     Li_f_mae      P_f_mae      S_f_mae  psavg_f_mae    Li_f_rmse     P_f_rmse     S_f_rmse psavg_f_rmse        e_mae      e/N_mae       e_rmse     e/N_rmse
    155    75      0.00551      0.00548     2.66e-05       0.0362       0.0484       0.0313       0.0646       0.0327       0.0429       0.0389       0.0838       0.0425       0.0551         0.43      0.00336        0.432      0.00337

validation
# Epoch batch         loss       loss_f       loss_e        f_mae       f_rmse     Li_f_mae      P_f_mae      S_f_mae  psavg_f_mae    Li_f_rmse     P_f_rmse     S_f_rmse psavg_f_rmse        e_mae      e/N_mae       e_rmse     e/N_rmse
    155   100      0.00551      0.00551     3.69e-06       0.0357       0.0486       0.0267       0.0677       0.0344       0.0429       0.0338       0.0859       0.0449       0.0549        0.154       0.0012        0.161      0.00126
    155   160       0.0152       0.0152     8.52e-06       0.0549       0.0807        0.037        0.101       0.0569       0.0648       0.0461        0.134       0.0832       0.0878        0.205       0.0016        0.244      0.00191


  Train      #    Epoch      wal       LR       loss_f       loss_e         loss        f_mae       f_rmse     Li_f_mae      P_f_mae      S_f_mae  psavg_f_mae    Li_f_rmse     P_f_rmse     S_f_rmse psavg_f_rmse        e_mae      e/N_mae       e_rmse     e/N_rmse
! Train             155  919.374    0.001      0.00923     7.17e-05       0.0093       0.0446       0.0628       0.0314       0.0827        0.045        0.053       0.0404        0.109       0.0607       0.0701         0.56      0.00437        0.709      0.00554
! Validation        155  919.374    0.001       0.0081     3.55e-06      0.00811       0.0407       0.0589       0.0287       0.0783       0.0402       0.0491       0.0376        0.105        0.056       0.0661        0.131      0.00102        0.158      0.00123
Wall time: 919.3750719128875
! Best model      155    0.008
Saved trainer to results/Allegro_FPS_150_DFT_Li3PS4/run_Allegro_FPS_150_DFT_Li3PS4/trainer.pth
Saved last model to to results/Allegro_FPS_150_DFT_Li3PS4/run_Allegro_FPS_150_DFT_Li3PS4/last_model.pth
EarlyStopping: 5 / 50

training
# Epoch batch         loss       loss_f       loss_e        f_mae       f_rmse     Li_f_mae      P_f_mae      S_f_mae  psavg_f_mae    Li_f_rmse     P_f_rmse     S_f_rmse psavg_f_rmse        e_mae      e/N_mae       e_rmse     e/N_rmse
    156    75      0.00551      0.00548     2.55e-05       0.0362       0.0484       0.0312       0.0646       0.0328       0.0429       0.0388       0.0838       0.0426        0.055        0.421      0.00329        0.423       0.0033

validation
# Epoch batch         loss       loss_f       loss_e        f_mae       f_rmse     Li_f_mae      P_f_mae      S_f_mae  psavg_f_mae    Li_f_rmse     P_f_rmse     S_f_rmse psavg_f_rmse        e_mae      e/N_mae       e_rmse     e/N_rmse
    156   100       0.0055      0.00549     3.87e-06       0.0356       0.0485       0.0267       0.0677       0.0343       0.0429       0.0337       0.0858       0.0448       0.0548        0.157      0.00122        0.165      0.00129
    156   160       0.0152       0.0152     8.75e-06       0.0548       0.0806       0.0369          0.1       0.0568       0.0647       0.0461        0.134       0.0831       0.0877        0.207      0.00162        0.248      0.00194


  Train      #    Epoch      wal       LR       loss_f       loss_e         loss        f_mae       f_rmse     Li_f_mae      P_f_mae      S_f_mae  psavg_f_mae    Li_f_rmse     P_f_rmse     S_f_rmse psavg_f_rmse        e_mae      e/N_mae       e_rmse     e/N_rmse
! Train             156  925.239    0.001      0.00921     7.17e-05      0.00928       0.0446       0.0628       0.0313       0.0826        0.045        0.053       0.0404        0.109       0.0607       0.0701        0.558      0.00436        0.709      0.00554
! Validation        156  925.239    0.001      0.00809     3.65e-06      0.00809       0.0406       0.0588       0.0287       0.0782       0.0402        0.049       0.0375        0.105       0.0559        0.066        0.133      0.00104         0.16      0.00125
Wall time: 925.2393387379125
! Best model      156    0.008
Saved trainer to results/Allegro_FPS_150_DFT_Li3PS4/run_Allegro_FPS_150_DFT_Li3PS4/trainer.pth
Saved last model to to results/Allegro_FPS_150_DFT_Li3PS4/run_Allegro_FPS_150_DFT_Li3PS4/last_model.pth
EarlyStopping: 6 / 50

training
# Epoch batch         loss       loss_f       loss_e        f_mae       f_rmse     Li_f_mae      P_f_mae      S_f_mae  psavg_f_mae    Li_f_rmse     P_f_rmse     S_f_rmse psavg_f_rmse        e_mae      e/N_mae       e_rmse     e/N_rmse
    157    75      0.00551      0.00548     2.76e-05       0.0362       0.0484       0.0311       0.0646       0.0328       0.0429       0.0387       0.0837       0.0426        0.055        0.439      0.00343         0.44      0.00344

validation
# Epoch batch         loss       loss_f       loss_e        f_mae       f_rmse     Li_f_mae      P_f_mae      S_f_mae  psavg_f_mae    Li_f_rmse     P_f_rmse     S_f_rmse psavg_f_rmse        e_mae      e/N_mae       e_rmse     e/N_rmse
    157   100      0.00549      0.00549     3.92e-06       0.0356       0.0485       0.0267       0.0676       0.0343       0.0429       0.0337       0.0858       0.0448       0.0548        0.158      0.00123        0.166       0.0013
    157   160       0.0152       0.0152     8.73e-06       0.0548       0.0805       0.0369          0.1       0.0567       0.0647        0.046        0.134        0.083       0.0877        0.207      0.00161        0.247      0.00193


  Train      #    Epoch      wal       LR       loss_f       loss_e         loss        f_mae       f_rmse     Li_f_mae      P_f_mae      S_f_mae  psavg_f_mae    Li_f_rmse     P_f_rmse     S_f_rmse psavg_f_rmse        e_mae      e/N_mae       e_rmse     e/N_rmse
! Train             157  932.241    0.001      0.00918     7.05e-05      0.00925       0.0445       0.0627       0.0313       0.0825       0.0449       0.0529       0.0404        0.109       0.0606         0.07        0.553      0.00432        0.703      0.00549
! Validation        157  932.241    0.001      0.00808     3.69e-06      0.00808       0.0406       0.0588       0.0287       0.0782       0.0401        0.049       0.0375        0.105       0.0559        0.066        0.134      0.00104        0.161      0.00126
Wall time: 932.2413676849101
! Best model      157    0.008
Saved trainer to results/Allegro_FPS_150_DFT_Li3PS4/run_Allegro_FPS_150_DFT_Li3PS4/trainer.pth
Saved last model to to results/Allegro_FPS_150_DFT_Li3PS4/run_Allegro_FPS_150_DFT_Li3PS4/last_model.pth
EarlyStopping: 7 / 50

training
# Epoch batch         loss       loss_f       loss_e        f_mae       f_rmse     Li_f_mae      P_f_mae      S_f_mae  psavg_f_mae    Li_f_rmse     P_f_rmse     S_f_rmse psavg_f_rmse        e_mae      e/N_mae       e_rmse     e/N_rmse
    158    75      0.00551      0.00548     2.62e-05       0.0362       0.0484       0.0312       0.0647       0.0328       0.0429       0.0386       0.0838       0.0427        0.055        0.426      0.00333        0.428      0.00335

validation
# Epoch batch         loss       loss_f       loss_e        f_mae       f_rmse     Li_f_mae      P_f_mae      S_f_mae  psavg_f_mae    Li_f_rmse     P_f_rmse     S_f_rmse psavg_f_rmse        e_mae      e/N_mae       e_rmse     e/N_rmse
    158   100      0.00548      0.00548     4.05e-06       0.0356       0.0484       0.0267       0.0675       0.0343       0.0428       0.0337       0.0857       0.0447       0.0547         0.16      0.00125        0.169      0.00132
    158   160       0.0151       0.0151     8.87e-06       0.0547       0.0805       0.0369          0.1       0.0566       0.0647        0.046        0.134        0.083       0.0877        0.208      0.00162        0.249      0.00195


  Train      #    Epoch      wal       LR       loss_f       loss_e         loss        f_mae       f_rmse     Li_f_mae      P_f_mae      S_f_mae  psavg_f_mae    Li_f_rmse     P_f_rmse     S_f_rmse psavg_f_rmse        e_mae      e/N_mae       e_rmse     e/N_rmse
! Train             158  938.010    0.001      0.00914     7.12e-05      0.00921       0.0444       0.0626       0.0313       0.0824       0.0448       0.0528       0.0403        0.109       0.0604       0.0698        0.554      0.00433        0.706      0.00552
! Validation        158  938.010    0.001      0.00806     3.74e-06      0.00807       0.0405       0.0587       0.0286       0.0781       0.0401       0.0489       0.0375        0.105       0.0558       0.0659        0.135      0.00105        0.162      0.00127
Wall time: 938.0111458579777
! Best model      158    0.008
Saved trainer to results/Allegro_FPS_150_DFT_Li3PS4/run_Allegro_FPS_150_DFT_Li3PS4/trainer.pth
Saved last model to to results/Allegro_FPS_150_DFT_Li3PS4/run_Allegro_FPS_150_DFT_Li3PS4/last_model.pth

training
# Epoch batch         loss       loss_f       loss_e        f_mae       f_rmse     Li_f_mae      P_f_mae      S_f_mae  psavg_f_mae    Li_f_rmse     P_f_rmse     S_f_rmse psavg_f_rmse        e_mae      e/N_mae       e_rmse     e/N_rmse
    159    75      0.00556      0.00553     2.14e-05       0.0363       0.0487       0.0311       0.0647       0.0332        0.043       0.0385       0.0838       0.0432       0.0552        0.386      0.00302        0.388      0.00303

validation
# Epoch batch         loss       loss_f       loss_e        f_mae       f_rmse     Li_f_mae      P_f_mae      S_f_mae  psavg_f_mae    Li_f_rmse     P_f_rmse     S_f_rmse psavg_f_rmse        e_mae      e/N_mae       e_rmse     e/N_rmse
    159   100      0.00547      0.00546     4.15e-06       0.0355       0.0484       0.0266       0.0675       0.0342       0.0428       0.0336       0.0856       0.0447       0.0546        0.162      0.00126        0.171      0.00133
    159   160       0.0151       0.0151     8.96e-06       0.0547       0.0804       0.0369          0.1       0.0565       0.0646        0.046        0.134       0.0828       0.0875        0.209      0.00163        0.251      0.00196


  Train      #    Epoch      wal       LR       loss_f       loss_e         loss        f_mae       f_rmse     Li_f_mae      P_f_mae      S_f_mae  psavg_f_mae    Li_f_rmse     P_f_rmse     S_f_rmse psavg_f_rmse        e_mae      e/N_mae       e_rmse     e/N_rmse
! Train             159  943.766    0.001      0.00912     7.24e-05      0.00919       0.0444       0.0625       0.0312       0.0823       0.0448       0.0528       0.0403        0.109       0.0603       0.0698        0.559      0.00436        0.712      0.00557
! Validation        159  943.766    0.001      0.00805     3.82e-06      0.00805       0.0405       0.0587       0.0286       0.0781         0.04       0.0489       0.0375        0.104       0.0558       0.0659        0.136      0.00106        0.164      0.00128
Wall time: 943.7670485429699
! Best model      159    0.008
Saved trainer to results/Allegro_FPS_150_DFT_Li3PS4/run_Allegro_FPS_150_DFT_Li3PS4/trainer.pth
Saved last model to to results/Allegro_FPS_150_DFT_Li3PS4/run_Allegro_FPS_150_DFT_Li3PS4/last_model.pth
EarlyStopping: 1 / 50

training
# Epoch batch         loss       loss_f       loss_e        f_mae       f_rmse     Li_f_mae      P_f_mae      S_f_mae  psavg_f_mae    Li_f_rmse     P_f_rmse     S_f_rmse psavg_f_rmse        e_mae      e/N_mae       e_rmse     e/N_rmse
    160    75      0.00553      0.00551     2.07e-05       0.0363       0.0486        0.031       0.0647       0.0331        0.043       0.0384       0.0838       0.0431       0.0551        0.379      0.00296        0.381      0.00297

validation
# Epoch batch         loss       loss_f       loss_e        f_mae       f_rmse     Li_f_mae      P_f_mae      S_f_mae  psavg_f_mae    Li_f_rmse     P_f_rmse     S_f_rmse psavg_f_rmse        e_mae      e/N_mae       e_rmse     e/N_rmse
    160   100      0.00546      0.00546     3.91e-06       0.0355       0.0483       0.0266       0.0674       0.0342       0.0428       0.0336       0.0855       0.0447       0.0546        0.158      0.00123        0.166      0.00129
    160   160       0.0151       0.0151     8.72e-06       0.0546       0.0803       0.0369          0.1       0.0565       0.0646        0.046        0.134       0.0828       0.0875        0.207      0.00162        0.247      0.00193


  Train      #    Epoch      wal       LR       loss_f       loss_e         loss        f_mae       f_rmse     Li_f_mae      P_f_mae      S_f_mae  psavg_f_mae    Li_f_rmse     P_f_rmse     S_f_rmse psavg_f_rmse        e_mae      e/N_mae       e_rmse     e/N_rmse
! Train             160  949.738    0.001       0.0091     7.07e-05      0.00917       0.0443       0.0624       0.0312       0.0822       0.0447       0.0527       0.0402        0.109       0.0603       0.0697        0.553      0.00432        0.704       0.0055
! Validation        160  949.738    0.001      0.00804     3.67e-06      0.00804       0.0405       0.0587       0.0286        0.078         0.04       0.0489       0.0374        0.104       0.0557       0.0659        0.133      0.00104         0.16      0.00125
Wall time: 949.7386148700025
! Best model      160    0.008
Saved trainer to results/Allegro_FPS_150_DFT_Li3PS4/run_Allegro_FPS_150_DFT_Li3PS4/trainer.pth
Saved last model to to results/Allegro_FPS_150_DFT_Li3PS4/run_Allegro_FPS_150_DFT_Li3PS4/last_model.pth
EarlyStopping: 2 / 50

training
# Epoch batch         loss       loss_f       loss_e        f_mae       f_rmse     Li_f_mae      P_f_mae      S_f_mae  psavg_f_mae    Li_f_rmse     P_f_rmse     S_f_rmse psavg_f_rmse        e_mae      e/N_mae       e_rmse     e/N_rmse
    161    75      0.00555      0.00552     2.61e-05       0.0364       0.0486        0.031       0.0648       0.0332        0.043       0.0384       0.0838       0.0432       0.0551        0.427      0.00333        0.428      0.00334

validation
# Epoch batch         loss       loss_f       loss_e        f_mae       f_rmse     Li_f_mae      P_f_mae      S_f_mae  psavg_f_mae    Li_f_rmse     P_f_rmse     S_f_rmse psavg_f_rmse        e_mae      e/N_mae       e_rmse     e/N_rmse
    161   100      0.00545      0.00544     3.78e-06       0.0355       0.0483       0.0266       0.0673       0.0342       0.0427       0.0336       0.0854       0.0446       0.0545        0.155      0.00121        0.163      0.00127
    161   160       0.0151       0.0151     8.59e-06       0.0546       0.0803       0.0369          0.1       0.0564       0.0645        0.046        0.134       0.0827       0.0874        0.206      0.00161        0.245      0.00192


  Train      #    Epoch      wal       LR       loss_f       loss_e         loss        f_mae       f_rmse     Li_f_mae      P_f_mae      S_f_mae  psavg_f_mae    Li_f_rmse     P_f_rmse     S_f_rmse psavg_f_rmse        e_mae      e/N_mae       e_rmse     e/N_rmse
! Train             161  955.530    0.001      0.00908     7.22e-05      0.00915       0.0443       0.0623       0.0312       0.0821       0.0447       0.0527       0.0402        0.108       0.0602       0.0696        0.555      0.00434        0.712      0.00556
! Validation        161  955.530    0.001      0.00803     3.59e-06      0.00803       0.0404       0.0586       0.0286        0.078       0.0399       0.0488       0.0374        0.104       0.0557       0.0658        0.132      0.00103        0.159      0.00124
Wall time: 955.5308645409532
! Best model      161    0.008
Saved trainer to results/Allegro_FPS_150_DFT_Li3PS4/run_Allegro_FPS_150_DFT_Li3PS4/trainer.pth
Saved last model to to results/Allegro_FPS_150_DFT_Li3PS4/run_Allegro_FPS_150_DFT_Li3PS4/last_model.pth
EarlyStopping: 3 / 50

training
# Epoch batch         loss       loss_f       loss_e        f_mae       f_rmse     Li_f_mae      P_f_mae      S_f_mae  psavg_f_mae    Li_f_rmse     P_f_rmse     S_f_rmse psavg_f_rmse        e_mae      e/N_mae       e_rmse     e/N_rmse
    162    75      0.00554      0.00551     2.43e-05       0.0363       0.0486       0.0308       0.0648       0.0333        0.043       0.0381       0.0837       0.0433       0.0551        0.411      0.00321        0.413      0.00323

validation
# Epoch batch         loss       loss_f       loss_e        f_mae       f_rmse     Li_f_mae      P_f_mae      S_f_mae  psavg_f_mae    Li_f_rmse     P_f_rmse     S_f_rmse psavg_f_rmse        e_mae      e/N_mae       e_rmse     e/N_rmse
    162   100      0.00544      0.00543     3.75e-06       0.0355       0.0482       0.0266       0.0673       0.0342       0.0427       0.0335       0.0853       0.0446       0.0545        0.155      0.00121        0.162      0.00127
    162   160        0.015        0.015      8.6e-06       0.0545       0.0802       0.0369          0.1       0.0563       0.0645        0.046        0.134       0.0826       0.0874        0.206      0.00161        0.246      0.00192


  Train      #    Epoch      wal       LR       loss_f       loss_e         loss        f_mae       f_rmse     Li_f_mae      P_f_mae      S_f_mae  psavg_f_mae    Li_f_rmse     P_f_rmse     S_f_rmse psavg_f_rmse        e_mae      e/N_mae       e_rmse     e/N_rmse
! Train             162  961.324    0.001      0.00905      7.1e-05      0.00912       0.0442       0.0622       0.0312        0.082       0.0446       0.0526       0.0402        0.108         0.06       0.0695        0.552      0.00431        0.706      0.00551
! Validation        162  961.324    0.001      0.00801     3.58e-06      0.00802       0.0404       0.0586       0.0286       0.0779       0.0399       0.0488       0.0374        0.104       0.0556       0.0658        0.131      0.00103        0.158      0.00124
Wall time: 961.3244737309869
! Best model      162    0.008
Saved trainer to results/Allegro_FPS_150_DFT_Li3PS4/run_Allegro_FPS_150_DFT_Li3PS4/trainer.pth
Saved last model to to results/Allegro_FPS_150_DFT_Li3PS4/run_Allegro_FPS_150_DFT_Li3PS4/last_model.pth
EarlyStopping: 4 / 50

training
# Epoch batch         loss       loss_f       loss_e        f_mae       f_rmse     Li_f_mae      P_f_mae      S_f_mae  psavg_f_mae    Li_f_rmse     P_f_rmse     S_f_rmse psavg_f_rmse        e_mae      e/N_mae       e_rmse     e/N_rmse
    163    75      0.00555      0.00553     2.59e-05       0.0364       0.0486       0.0309        0.065       0.0334       0.0431       0.0381       0.0839       0.0434       0.0551        0.424      0.00332        0.426      0.00333

validation
# Epoch batch         loss       loss_f       loss_e        f_mae       f_rmse     Li_f_mae      P_f_mae      S_f_mae  psavg_f_mae    Li_f_rmse     P_f_rmse     S_f_rmse psavg_f_rmse        e_mae      e/N_mae       e_rmse     e/N_rmse
    163   100      0.00543      0.00542     3.78e-06       0.0354       0.0482       0.0265       0.0673       0.0341       0.0426       0.0335       0.0853       0.0445       0.0544        0.155      0.00121        0.163      0.00127
    163   160        0.015        0.015     8.73e-06       0.0545       0.0802       0.0369          0.1       0.0562       0.0645        0.046        0.133       0.0825       0.0873        0.207      0.00162        0.247      0.00193


  Train      #    Epoch      wal       LR       loss_f       loss_e         loss        f_mae       f_rmse     Li_f_mae      P_f_mae      S_f_mae  psavg_f_mae    Li_f_rmse     P_f_rmse     S_f_rmse psavg_f_rmse        e_mae      e/N_mae       e_rmse     e/N_rmse
! Train             163  967.157    0.001      0.00903      7.3e-05       0.0091       0.0442       0.0622       0.0311       0.0819       0.0445       0.0525       0.0401        0.108         0.06       0.0694        0.559      0.00437        0.715      0.00559
! Validation        163  967.157    0.001        0.008     3.62e-06        0.008       0.0404       0.0585       0.0285       0.0779       0.0399       0.0488       0.0373        0.104       0.0555       0.0657        0.132      0.00103        0.159      0.00124
Wall time: 967.1580210409593
! Best model      163    0.008
Saved trainer to results/Allegro_FPS_150_DFT_Li3PS4/run_Allegro_FPS_150_DFT_Li3PS4/trainer.pth
Saved last model to to results/Allegro_FPS_150_DFT_Li3PS4/run_Allegro_FPS_150_DFT_Li3PS4/last_model.pth
EarlyStopping: 5 / 50

training
# Epoch batch         loss       loss_f       loss_e        f_mae       f_rmse     Li_f_mae      P_f_mae      S_f_mae  psavg_f_mae    Li_f_rmse     P_f_rmse     S_f_rmse psavg_f_rmse        e_mae      e/N_mae       e_rmse     e/N_rmse
    164    75      0.00557      0.00555     2.41e-05       0.0364       0.0487       0.0307       0.0649       0.0336       0.0431       0.0379       0.0839       0.0437       0.0552         0.41       0.0032        0.411      0.00321

validation
# Epoch batch         loss       loss_f       loss_e        f_mae       f_rmse     Li_f_mae      P_f_mae      S_f_mae  psavg_f_mae    Li_f_rmse     P_f_rmse     S_f_rmse psavg_f_rmse        e_mae      e/N_mae       e_rmse     e/N_rmse
    164   100      0.00542      0.00541     3.63e-06       0.0354       0.0481       0.0265       0.0672       0.0341       0.0426       0.0335       0.0852       0.0445       0.0544        0.152      0.00119         0.16      0.00125
    164   160        0.015        0.015     8.56e-06       0.0544       0.0801       0.0369          0.1       0.0562       0.0644       0.0459        0.133       0.0825       0.0873        0.205       0.0016        0.245      0.00191


  Train      #    Epoch      wal       LR       loss_f       loss_e         loss        f_mae       f_rmse     Li_f_mae      P_f_mae      S_f_mae  psavg_f_mae    Li_f_rmse     P_f_rmse     S_f_rmse psavg_f_rmse        e_mae      e/N_mae       e_rmse     e/N_rmse
! Train             164  972.952    0.001      0.00901     7.06e-05      0.00908       0.0441       0.0621       0.0311       0.0818       0.0445       0.0525       0.0401        0.108       0.0599       0.0693        0.551      0.00431        0.703       0.0055
! Validation        164  972.952    0.001      0.00799     3.54e-06      0.00799       0.0403       0.0585       0.0285       0.0779       0.0398       0.0487       0.0373        0.104       0.0555       0.0657        0.131      0.00102        0.158      0.00123
Wall time: 972.9529902819777
! Best model      164    0.008
Saved trainer to results/Allegro_FPS_150_DFT_Li3PS4/run_Allegro_FPS_150_DFT_Li3PS4/trainer.pth
Saved last model to to results/Allegro_FPS_150_DFT_Li3PS4/run_Allegro_FPS_150_DFT_Li3PS4/last_model.pth
EarlyStopping: 6 / 50

training
# Epoch batch         loss       loss_f       loss_e        f_mae       f_rmse     Li_f_mae      P_f_mae      S_f_mae  psavg_f_mae    Li_f_rmse     P_f_rmse     S_f_rmse psavg_f_rmse        e_mae      e/N_mae       e_rmse     e/N_rmse
    165    75      0.00558      0.00555     2.95e-05       0.0365       0.0487       0.0307        0.065       0.0336       0.0431       0.0379       0.0839       0.0437       0.0552        0.453      0.00354        0.455      0.00355

validation
# Epoch batch         loss       loss_f       loss_e        f_mae       f_rmse     Li_f_mae      P_f_mae      S_f_mae  psavg_f_mae    Li_f_rmse     P_f_rmse     S_f_rmse psavg_f_rmse        e_mae      e/N_mae       e_rmse     e/N_rmse
    165   100      0.00541       0.0054     3.97e-06       0.0354       0.0481       0.0265       0.0671       0.0341       0.0426       0.0334       0.0851       0.0444       0.0543        0.159      0.00124        0.167       0.0013
    165   160        0.015        0.015     8.91e-06       0.0544         0.08       0.0368          0.1       0.0561       0.0644       0.0459        0.133       0.0824       0.0872        0.208      0.00162         0.25      0.00195


  Train      #    Epoch      wal       LR       loss_f       loss_e         loss        f_mae       f_rmse     Li_f_mae      P_f_mae      S_f_mae  psavg_f_mae    Li_f_rmse     P_f_rmse     S_f_rmse psavg_f_rmse        e_mae      e/N_mae       e_rmse     e/N_rmse
! Train             165  978.740    0.001      0.00899     7.03e-05      0.00906       0.0441        0.062       0.0311       0.0817       0.0444       0.0524         0.04        0.108       0.0598       0.0692        0.549      0.00429        0.702      0.00549
! Validation        165  978.740    0.001      0.00798     3.72e-06      0.00798       0.0403       0.0584       0.0285       0.0778       0.0398       0.0487       0.0373        0.104       0.0554       0.0656        0.134      0.00105        0.162      0.00126
Wall time: 978.7413244349882
! Best model      165    0.008
Saved trainer to results/Allegro_FPS_150_DFT_Li3PS4/run_Allegro_FPS_150_DFT_Li3PS4/trainer.pth
Saved last model to to results/Allegro_FPS_150_DFT_Li3PS4/run_Allegro_FPS_150_DFT_Li3PS4/last_model.pth
EarlyStopping: 7 / 50

training
# Epoch batch         loss       loss_f       loss_e        f_mae       f_rmse     Li_f_mae      P_f_mae      S_f_mae  psavg_f_mae    Li_f_rmse     P_f_rmse     S_f_rmse psavg_f_rmse        e_mae      e/N_mae       e_rmse     e/N_rmse
    166    75      0.00559      0.00556     2.97e-05       0.0365       0.0488       0.0306       0.0651       0.0338       0.0431       0.0377       0.0839       0.0439       0.0552        0.455      0.00355        0.456      0.00357

validation
# Epoch batch         loss       loss_f       loss_e        f_mae       f_rmse     Li_f_mae      P_f_mae      S_f_mae  psavg_f_mae    Li_f_rmse     P_f_rmse     S_f_rmse psavg_f_rmse        e_mae      e/N_mae       e_rmse     e/N_rmse
    166   100       0.0054       0.0054     4.14e-06       0.0353       0.0481       0.0265       0.0671        0.034       0.0425       0.0334       0.0851       0.0444       0.0543        0.161      0.00126         0.17      0.00133
    166   160        0.015        0.015     9.09e-06       0.0543         0.08       0.0368          0.1        0.056       0.0644       0.0459        0.133       0.0823       0.0872        0.209      0.00163        0.252      0.00197


  Train      #    Epoch      wal       LR       loss_f       loss_e         loss        f_mae       f_rmse     Li_f_mae      P_f_mae      S_f_mae  psavg_f_mae    Li_f_rmse     P_f_rmse     S_f_rmse psavg_f_rmse        e_mae      e/N_mae       e_rmse     e/N_rmse
! Train             166  984.525    0.001      0.00896     7.17e-05      0.00903        0.044       0.0619        0.031       0.0816       0.0444       0.0523         0.04        0.108       0.0597       0.0691        0.552      0.00431        0.709      0.00554
! Validation        166  984.525    0.001      0.00796     3.83e-06      0.00797       0.0403       0.0584       0.0285       0.0778       0.0397       0.0487       0.0373        0.104       0.0554       0.0656        0.136      0.00106        0.164      0.00128
Wall time: 984.5258735779207
! Best model      166    0.008
Saved trainer to results/Allegro_FPS_150_DFT_Li3PS4/run_Allegro_FPS_150_DFT_Li3PS4/trainer.pth
Saved last model to to results/Allegro_FPS_150_DFT_Li3PS4/run_Allegro_FPS_150_DFT_Li3PS4/last_model.pth

training
# Epoch batch         loss       loss_f       loss_e        f_mae       f_rmse     Li_f_mae      P_f_mae      S_f_mae  psavg_f_mae    Li_f_rmse     P_f_rmse     S_f_rmse psavg_f_rmse        e_mae      e/N_mae       e_rmse     e/N_rmse
    167    75       0.0056      0.00558     2.83e-05       0.0366       0.0489       0.0306       0.0652       0.0339       0.0432       0.0377        0.084       0.0441       0.0553        0.444      0.00347        0.446      0.00348

validation
# Epoch batch         loss       loss_f       loss_e        f_mae       f_rmse     Li_f_mae      P_f_mae      S_f_mae  psavg_f_mae    Li_f_rmse     P_f_rmse     S_f_rmse psavg_f_rmse        e_mae      e/N_mae       e_rmse     e/N_rmse
    167   100      0.00539      0.00538     3.63e-06       0.0353        0.048       0.0265        0.067        0.034       0.0425       0.0334        0.085       0.0443       0.0542        0.153      0.00119         0.16      0.00125
    167   160       0.0149       0.0149     8.69e-06       0.0543       0.0799       0.0368          0.1       0.0559       0.0643       0.0459        0.133       0.0822       0.0871        0.207      0.00162        0.247      0.00193


  Train      #    Epoch      wal       LR       loss_f       loss_e         loss        f_mae       f_rmse     Li_f_mae      P_f_mae      S_f_mae  psavg_f_mae    Li_f_rmse     P_f_rmse     S_f_rmse psavg_f_rmse        e_mae      e/N_mae       e_rmse     e/N_rmse
! Train             167  990.304    0.001      0.00894     7.09e-05      0.00901        0.044       0.0619        0.031       0.0815       0.0443       0.0523         0.04        0.108       0.0597       0.0691        0.549      0.00429        0.705      0.00551
! Validation        167  990.304    0.001      0.00795     3.51e-06      0.00796       0.0402       0.0583       0.0285       0.0777       0.0397       0.0486       0.0372        0.104       0.0553       0.0655         0.13      0.00101        0.157      0.00123
Wall time: 990.3045644270023
! Best model      167    0.008
Saved trainer to results/Allegro_FPS_150_DFT_Li3PS4/run_Allegro_FPS_150_DFT_Li3PS4/trainer.pth
Saved last model to to results/Allegro_FPS_150_DFT_Li3PS4/run_Allegro_FPS_150_DFT_Li3PS4/last_model.pth
EarlyStopping: 1 / 50

training
# Epoch batch         loss       loss_f       loss_e        f_mae       f_rmse     Li_f_mae      P_f_mae      S_f_mae  psavg_f_mae    Li_f_rmse     P_f_rmse     S_f_rmse psavg_f_rmse        e_mae      e/N_mae       e_rmse     e/N_rmse
    168    75      0.00559      0.00556     3.09e-05       0.0365       0.0488       0.0304       0.0652       0.0339       0.0432       0.0374        0.084       0.0441       0.0552        0.464      0.00363        0.466      0.00364

validation
# Epoch batch         loss       loss_f       loss_e        f_mae       f_rmse     Li_f_mae      P_f_mae      S_f_mae  psavg_f_mae    Li_f_rmse     P_f_rmse     S_f_rmse psavg_f_rmse        e_mae      e/N_mae       e_rmse     e/N_rmse
    168   100      0.00538      0.00538     3.41e-06       0.0353        0.048       0.0264        0.067        0.034       0.0425       0.0333        0.085       0.0443       0.0542        0.148      0.00116        0.155      0.00121
    168   160       0.0149       0.0149     8.48e-06       0.0542       0.0799       0.0368          0.1       0.0558       0.0643       0.0459        0.133       0.0822       0.0871        0.205       0.0016        0.244      0.00191


  Train      #    Epoch      wal       LR       loss_f       loss_e         loss        f_mae       f_rmse     Li_f_mae      P_f_mae      S_f_mae  psavg_f_mae    Li_f_rmse     P_f_rmse     S_f_rmse psavg_f_rmse        e_mae      e/N_mae       e_rmse     e/N_rmse
! Train             168  996.083    0.001      0.00891     6.95e-05      0.00898       0.0439       0.0617        0.031       0.0814       0.0442       0.0522       0.0399        0.107       0.0595        0.069        0.545      0.00426        0.698      0.00545
! Validation        168  996.083    0.001      0.00794     3.41e-06      0.00794       0.0402       0.0583       0.0284       0.0777       0.0397       0.0486       0.0372        0.104       0.0553       0.0655        0.128     0.000999        0.155      0.00121
Wall time: 996.0834366659401
! Best model      168    0.008
Saved trainer to results/Allegro_FPS_150_DFT_Li3PS4/run_Allegro_FPS_150_DFT_Li3PS4/trainer.pth
Saved last model to to results/Allegro_FPS_150_DFT_Li3PS4/run_Allegro_FPS_150_DFT_Li3PS4/last_model.pth
EarlyStopping: 2 / 50

training
# Epoch batch         loss       loss_f       loss_e        f_mae       f_rmse     Li_f_mae      P_f_mae      S_f_mae  psavg_f_mae    Li_f_rmse     P_f_rmse     S_f_rmse psavg_f_rmse        e_mae      e/N_mae       e_rmse     e/N_rmse
    169    75       0.0056      0.00557     3.13e-05       0.0366       0.0488       0.0303       0.0653        0.034       0.0432       0.0373       0.0841       0.0442       0.0552        0.468      0.00365        0.469      0.00366

validation
# Epoch batch         loss       loss_f       loss_e        f_mae       f_rmse     Li_f_mae      P_f_mae      S_f_mae  psavg_f_mae    Li_f_rmse     P_f_rmse     S_f_rmse psavg_f_rmse        e_mae      e/N_mae       e_rmse     e/N_rmse
    169   100      0.00536      0.00536     3.94e-06       0.0352       0.0479       0.0264       0.0669       0.0339       0.0424       0.0333       0.0848       0.0442       0.0541        0.158      0.00124        0.166       0.0013
    169   160       0.0149       0.0149     8.91e-06       0.0542       0.0798       0.0368          0.1       0.0557       0.0642       0.0459        0.133       0.0821        0.087        0.208      0.00162         0.25      0.00195


  Train      #    Epoch      wal       LR       loss_f       loss_e         loss        f_mae       f_rmse     Li_f_mae      P_f_mae      S_f_mae  psavg_f_mae    Li_f_rmse     P_f_rmse     S_f_rmse psavg_f_rmse        e_mae      e/N_mae       e_rmse     e/N_rmse
! Train             169 1001.874    0.001      0.00889     6.92e-05      0.00896       0.0439       0.0617        0.031       0.0812       0.0442       0.0521       0.0399        0.107       0.0595       0.0689        0.543      0.00425        0.697      0.00544
! Validation        169 1001.874    0.001      0.00793     3.71e-06      0.00793       0.0402       0.0583       0.0284       0.0777       0.0396       0.0486       0.0372        0.104       0.0552       0.0654        0.134      0.00105        0.161      0.00126
Wall time: 1001.8745424539084
! Best model      169    0.008
Saved trainer to results/Allegro_FPS_150_DFT_Li3PS4/run_Allegro_FPS_150_DFT_Li3PS4/trainer.pth
Saved last model to to results/Allegro_FPS_150_DFT_Li3PS4/run_Allegro_FPS_150_DFT_Li3PS4/last_model.pth
EarlyStopping: 3 / 50

training
# Epoch batch         loss       loss_f       loss_e        f_mae       f_rmse     Li_f_mae      P_f_mae      S_f_mae  psavg_f_mae    Li_f_rmse     P_f_rmse     S_f_rmse psavg_f_rmse        e_mae      e/N_mae       e_rmse     e/N_rmse
    170    75      0.00562      0.00559     3.31e-05       0.0366       0.0489       0.0302       0.0654       0.0342       0.0433       0.0371       0.0842       0.0445       0.0553        0.481      0.00376        0.482      0.00376

validation
# Epoch batch         loss       loss_f       loss_e        f_mae       f_rmse     Li_f_mae      P_f_mae      S_f_mae  psavg_f_mae    Li_f_rmse     P_f_rmse     S_f_rmse psavg_f_rmse        e_mae      e/N_mae       e_rmse     e/N_rmse
    170   100      0.00536      0.00535     4.06e-06       0.0352       0.0479       0.0264       0.0668       0.0339       0.0424       0.0333       0.0848       0.0442       0.0541         0.16      0.00125        0.169      0.00132
    170   160       0.0149       0.0149     9.07e-06       0.0542       0.0798       0.0368          0.1       0.0557       0.0642       0.0459        0.133        0.082       0.0869        0.209      0.00163        0.252      0.00197


  Train      #    Epoch      wal       LR       loss_f       loss_e         loss        f_mae       f_rmse     Li_f_mae      P_f_mae      S_f_mae  psavg_f_mae    Li_f_rmse     P_f_rmse     S_f_rmse psavg_f_rmse        e_mae      e/N_mae       e_rmse     e/N_rmse
! Train             170 1007.737    0.001      0.00885     6.87e-05      0.00892       0.0438       0.0616       0.0309       0.0811       0.0441       0.0521       0.0399        0.107       0.0593       0.0688        0.545      0.00426        0.694      0.00542
! Validation        170 1007.737    0.001      0.00792     3.78e-06      0.00792       0.0401       0.0582       0.0284       0.0776       0.0396       0.0485       0.0372        0.104       0.0552       0.0654        0.135      0.00106        0.163      0.00127
Wall time: 1007.7373752199346
! Best model      170    0.008
Saved trainer to results/Allegro_FPS_150_DFT_Li3PS4/run_Allegro_FPS_150_DFT_Li3PS4/trainer.pth
Saved last model to to results/Allegro_FPS_150_DFT_Li3PS4/run_Allegro_FPS_150_DFT_Li3PS4/last_model.pth
EarlyStopping: 4 / 50

training
# Epoch batch         loss       loss_f       loss_e        f_mae       f_rmse     Li_f_mae      P_f_mae      S_f_mae  psavg_f_mae    Li_f_rmse     P_f_rmse     S_f_rmse psavg_f_rmse        e_mae      e/N_mae       e_rmse     e/N_rmse
    171    75      0.00565      0.00562     3.25e-05       0.0367        0.049       0.0302       0.0656       0.0344       0.0434       0.0371       0.0844       0.0447       0.0554        0.476      0.00372        0.478      0.00373

validation
# Epoch batch         loss       loss_f       loss_e        f_mae       f_rmse     Li_f_mae      P_f_mae      S_f_mae  psavg_f_mae    Li_f_rmse     P_f_rmse     S_f_rmse psavg_f_rmse        e_mae      e/N_mae       e_rmse     e/N_rmse
    171   100      0.00535      0.00535      3.9e-06       0.0352       0.0478       0.0264       0.0668       0.0339       0.0423       0.0332       0.0847       0.0442       0.0541        0.158      0.00123        0.165      0.00129
    171   160       0.0149       0.0148        9e-06       0.0541       0.0797       0.0368          0.1       0.0556       0.0641       0.0458        0.133        0.082       0.0869        0.208      0.00163        0.251      0.00196


  Train      #    Epoch      wal       LR       loss_f       loss_e         loss        f_mae       f_rmse     Li_f_mae      P_f_mae      S_f_mae  psavg_f_mae    Li_f_rmse     P_f_rmse     S_f_rmse psavg_f_rmse        e_mae      e/N_mae       e_rmse     e/N_rmse
! Train             171 1013.565    0.001      0.00884     6.91e-05      0.00891       0.0438       0.0615       0.0309       0.0811       0.0441        0.052       0.0398        0.107       0.0593       0.0687        0.545      0.00425        0.696      0.00544
! Validation        171 1013.565    0.001      0.00791     3.67e-06      0.00791       0.0401       0.0582       0.0284       0.0776       0.0395       0.0485       0.0371        0.104       0.0551       0.0654        0.133      0.00104         0.16      0.00125
Wall time: 1013.5654600328999
! Best model      171    0.008
Saved trainer to results/Allegro_FPS_150_DFT_Li3PS4/run_Allegro_FPS_150_DFT_Li3PS4/trainer.pth
Saved last model to to results/Allegro_FPS_150_DFT_Li3PS4/run_Allegro_FPS_150_DFT_Li3PS4/last_model.pth
EarlyStopping: 5 / 50

training
# Epoch batch         loss       loss_f       loss_e        f_mae       f_rmse     Li_f_mae      P_f_mae      S_f_mae  psavg_f_mae    Li_f_rmse     P_f_rmse     S_f_rmse psavg_f_rmse        e_mae      e/N_mae       e_rmse     e/N_rmse
    172    75      0.00558      0.00554     4.09e-05       0.0364       0.0487         0.03       0.0655        0.034       0.0432       0.0369       0.0842       0.0442       0.0551        0.534      0.00417        0.535      0.00418

validation
# Epoch batch         loss       loss_f       loss_e        f_mae       f_rmse     Li_f_mae      P_f_mae      S_f_mae  psavg_f_mae    Li_f_rmse     P_f_rmse     S_f_rmse psavg_f_rmse        e_mae      e/N_mae       e_rmse     e/N_rmse
    172   100      0.00534      0.00533     3.77e-06       0.0351       0.0478       0.0264       0.0667       0.0338       0.0423       0.0332       0.0846       0.0441        0.054        0.156      0.00122        0.163      0.00127
    172   160       0.0148       0.0148     9.05e-06       0.0541       0.0797       0.0368          0.1       0.0555       0.0641       0.0458        0.133       0.0819       0.0869        0.209      0.00164        0.252      0.00197


  Train      #    Epoch      wal       LR       loss_f       loss_e         loss        f_mae       f_rmse     Li_f_mae      P_f_mae      S_f_mae  psavg_f_mae    Li_f_rmse     P_f_rmse     S_f_rmse psavg_f_rmse        e_mae      e/N_mae       e_rmse     e/N_rmse
! Train             172 1019.387    0.001      0.00883     6.89e-05       0.0089       0.0437       0.0615       0.0309        0.081       0.0441        0.052       0.0398        0.107       0.0593       0.0687        0.546      0.00426        0.695      0.00543
! Validation        172 1019.387    0.001       0.0079     3.62e-06       0.0079       0.0401       0.0581       0.0284       0.0776       0.0395       0.0485       0.0371        0.104       0.0551       0.0653        0.132      0.00103        0.159      0.00124
Wall time: 1019.3874849129934
! Best model      172    0.008
Saved trainer to results/Allegro_FPS_150_DFT_Li3PS4/run_Allegro_FPS_150_DFT_Li3PS4/trainer.pth
Saved last model to to results/Allegro_FPS_150_DFT_Li3PS4/run_Allegro_FPS_150_DFT_Li3PS4/last_model.pth
EarlyStopping: 6 / 50

training
# Epoch batch         loss       loss_f       loss_e        f_mae       f_rmse     Li_f_mae      P_f_mae      S_f_mae  psavg_f_mae    Li_f_rmse     P_f_rmse     S_f_rmse psavg_f_rmse        e_mae      e/N_mae       e_rmse     e/N_rmse
    173    75      0.00559      0.00555     4.01e-05       0.0365       0.0488       0.0299       0.0657       0.0341       0.0432       0.0367       0.0845       0.0443       0.0551        0.529      0.00413         0.53      0.00414

validation
# Epoch batch         loss       loss_f       loss_e        f_mae       f_rmse     Li_f_mae      P_f_mae      S_f_mae  psavg_f_mae    Li_f_rmse     P_f_rmse     S_f_rmse psavg_f_rmse        e_mae      e/N_mae       e_rmse     e/N_rmse
    173   100      0.00533      0.00533     3.71e-06       0.0351       0.0477       0.0263       0.0667       0.0338       0.0423       0.0332       0.0846       0.0441        0.054        0.154      0.00121        0.161      0.00126
    173   160       0.0148       0.0148     8.94e-06        0.054       0.0796       0.0368          0.1       0.0555       0.0641       0.0458        0.133       0.0819       0.0868        0.208      0.00163         0.25      0.00196


  Train      #    Epoch      wal       LR       loss_f       loss_e         loss        f_mae       f_rmse     Li_f_mae      P_f_mae      S_f_mae  psavg_f_mae    Li_f_rmse     P_f_rmse     S_f_rmse psavg_f_rmse        e_mae      e/N_mae       e_rmse     e/N_rmse
! Train             173 1025.154    0.001       0.0088      6.7e-05      0.00887       0.0437       0.0614       0.0309       0.0808        0.044       0.0519       0.0397        0.107       0.0592       0.0685        0.538       0.0042        0.686      0.00536
! Validation        173 1025.154    0.001      0.00789     3.58e-06      0.00789       0.0401       0.0581       0.0283       0.0775       0.0395       0.0484       0.0371        0.104        0.055       0.0653        0.131      0.00102        0.158      0.00124
Wall time: 1025.155297545949
! Best model      173    0.008
Saved trainer to results/Allegro_FPS_150_DFT_Li3PS4/run_Allegro_FPS_150_DFT_Li3PS4/trainer.pth
Saved last model to to results/Allegro_FPS_150_DFT_Li3PS4/run_Allegro_FPS_150_DFT_Li3PS4/last_model.pth
EarlyStopping: 7 / 50

training
# Epoch batch         loss       loss_f       loss_e        f_mae       f_rmse     Li_f_mae      P_f_mae      S_f_mae  psavg_f_mae    Li_f_rmse     P_f_rmse     S_f_rmse psavg_f_rmse        e_mae      e/N_mae       e_rmse     e/N_rmse
    174    75      0.00561      0.00556     4.28e-05       0.0365       0.0488       0.0298       0.0657       0.0342       0.0432       0.0365       0.0844       0.0445       0.0551        0.547      0.00427        0.548      0.00428

validation
# Epoch batch         loss       loss_f       loss_e        f_mae       f_rmse     Li_f_mae      P_f_mae      S_f_mae  psavg_f_mae    Li_f_rmse     P_f_rmse     S_f_rmse psavg_f_rmse        e_mae      e/N_mae       e_rmse     e/N_rmse
    174   100      0.00532      0.00532     3.43e-06       0.0351       0.0477       0.0263       0.0666       0.0338       0.0422       0.0332       0.0845        0.044       0.0539        0.149      0.00117        0.155      0.00121
    174   160       0.0148       0.0148     8.79e-06        0.054       0.0796       0.0368          0.1       0.0554       0.0641       0.0458        0.133       0.0818       0.0868        0.207      0.00162        0.248      0.00194


  Train      #    Epoch      wal       LR       loss_f       loss_e         loss        f_mae       f_rmse     Li_f_mae      P_f_mae      S_f_mae  psavg_f_mae    Li_f_rmse     P_f_rmse     S_f_rmse psavg_f_rmse        e_mae      e/N_mae       e_rmse     e/N_rmse
! Train             174 1030.943    0.001      0.00877     6.67e-05      0.00884       0.0436       0.0613       0.0308       0.0807       0.0439       0.0518       0.0397        0.107        0.059       0.0684        0.536      0.00419        0.684      0.00534
! Validation        174 1030.943    0.001      0.00788     3.43e-06      0.00788         0.04       0.0581       0.0283       0.0775       0.0394       0.0484       0.0371        0.104        0.055       0.0653        0.128        0.001        0.155      0.00121
Wall time: 1030.9442313699983
! Best model      174    0.008
Saved trainer to results/Allegro_FPS_150_DFT_Li3PS4/run_Allegro_FPS_150_DFT_Li3PS4/trainer.pth
Saved last model to to results/Allegro_FPS_150_DFT_Li3PS4/run_Allegro_FPS_150_DFT_Li3PS4/last_model.pth
EarlyStopping: 8 / 50

training
# Epoch batch         loss       loss_f       loss_e        f_mae       f_rmse     Li_f_mae      P_f_mae      S_f_mae  psavg_f_mae    Li_f_rmse     P_f_rmse     S_f_rmse psavg_f_rmse        e_mae      e/N_mae       e_rmse     e/N_rmse
    175    75       0.0056      0.00556     4.33e-05       0.0365       0.0488       0.0297       0.0658       0.0342       0.0432       0.0365       0.0846       0.0444       0.0552         0.55       0.0043        0.551      0.00431

validation
# Epoch batch         loss       loss_f       loss_e        f_mae       f_rmse     Li_f_mae      P_f_mae      S_f_mae  psavg_f_mae    Li_f_rmse     P_f_rmse     S_f_rmse psavg_f_rmse        e_mae      e/N_mae       e_rmse     e/N_rmse
    175   100      0.00531      0.00531     3.85e-06        0.035       0.0477       0.0263       0.0665       0.0337       0.0422       0.0331       0.0845        0.044       0.0539        0.157      0.00123        0.164      0.00128
    175   160       0.0148       0.0148     9.09e-06        0.054       0.0795       0.0368       0.0999       0.0553        0.064       0.0458        0.133       0.0818       0.0867        0.209      0.00163        0.253      0.00197


  Train      #    Epoch      wal       LR       loss_f       loss_e         loss        f_mae       f_rmse     Li_f_mae      P_f_mae      S_f_mae  psavg_f_mae    Li_f_rmse     P_f_rmse     S_f_rmse psavg_f_rmse        e_mae      e/N_mae       e_rmse     e/N_rmse
! Train             175 1036.706    0.001      0.00875     6.61e-05      0.00881       0.0435       0.0612       0.0308       0.0806       0.0438       0.0518       0.0397        0.106        0.059       0.0683        0.534      0.00418        0.681      0.00532
! Validation        175 1036.706    0.001      0.00787     3.64e-06      0.00787         0.04        0.058       0.0283       0.0775       0.0394       0.0484       0.0371        0.104       0.0549       0.0652        0.132      0.00103         0.16      0.00125
Wall time: 1036.7064834459452
! Best model      175    0.008
Saved trainer to results/Allegro_FPS_150_DFT_Li3PS4/run_Allegro_FPS_150_DFT_Li3PS4/trainer.pth
Saved last model to to results/Allegro_FPS_150_DFT_Li3PS4/run_Allegro_FPS_150_DFT_Li3PS4/last_model.pth
EarlyStopping: 9 / 50

training
# Epoch batch         loss       loss_f       loss_e        f_mae       f_rmse     Li_f_mae      P_f_mae      S_f_mae  psavg_f_mae    Li_f_rmse     P_f_rmse     S_f_rmse psavg_f_rmse        e_mae      e/N_mae       e_rmse     e/N_rmse
    176    75      0.00563      0.00559     4.22e-05       0.0365       0.0489       0.0296       0.0659       0.0344       0.0433       0.0363       0.0847       0.0447       0.0552        0.543      0.00424        0.544      0.00425

validation
# Epoch batch         loss       loss_f       loss_e        f_mae       f_rmse     Li_f_mae      P_f_mae      S_f_mae  psavg_f_mae    Li_f_rmse     P_f_rmse     S_f_rmse psavg_f_rmse        e_mae      e/N_mae       e_rmse     e/N_rmse
    176   100       0.0053       0.0053     3.84e-06        0.035       0.0476       0.0263       0.0665       0.0337       0.0422       0.0331       0.0844        0.044       0.0538        0.157      0.00122        0.164      0.00128
    176   160       0.0148       0.0148     9.13e-06       0.0539       0.0795       0.0368       0.0999       0.0553        0.064       0.0458        0.132       0.0817       0.0867        0.209      0.00164        0.253      0.00198


  Train      #    Epoch      wal       LR       loss_f       loss_e         loss        f_mae       f_rmse     Li_f_mae      P_f_mae      S_f_mae  psavg_f_mae    Li_f_rmse     P_f_rmse     S_f_rmse psavg_f_rmse        e_mae      e/N_mae       e_rmse     e/N_rmse
! Train             176 1042.548    0.001      0.00873     6.54e-05      0.00879       0.0435       0.0611       0.0308       0.0805       0.0438       0.0517       0.0396        0.106       0.0589       0.0683        0.532      0.00416        0.677      0.00529
! Validation        176 1042.548    0.001      0.00786     3.64e-06      0.00786         0.04        0.058       0.0283       0.0774       0.0394       0.0484        0.037        0.104       0.0549       0.0652        0.132      0.00103         0.16      0.00125
Wall time: 1042.5489271628903
! Best model      176    0.008
Saved trainer to results/Allegro_FPS_150_DFT_Li3PS4/run_Allegro_FPS_150_DFT_Li3PS4/trainer.pth
Saved last model to to results/Allegro_FPS_150_DFT_Li3PS4/run_Allegro_FPS_150_DFT_Li3PS4/last_model.pth

training
# Epoch batch         loss       loss_f       loss_e        f_mae       f_rmse     Li_f_mae      P_f_mae      S_f_mae  psavg_f_mae    Li_f_rmse     P_f_rmse     S_f_rmse psavg_f_rmse        e_mae      e/N_mae       e_rmse     e/N_rmse
    177    75      0.00563      0.00559     4.44e-05       0.0365       0.0489       0.0295        0.066       0.0344       0.0433       0.0361       0.0848       0.0447       0.0552        0.557      0.00435        0.558      0.00436

validation
# Epoch batch         loss       loss_f       loss_e        f_mae       f_rmse     Li_f_mae      P_f_mae      S_f_mae  psavg_f_mae    Li_f_rmse     P_f_rmse     S_f_rmse psavg_f_rmse        e_mae      e/N_mae       e_rmse     e/N_rmse
    177   100       0.0053      0.00529     4.03e-06        0.035       0.0476       0.0263       0.0664       0.0337       0.0421       0.0331       0.0844       0.0439       0.0538         0.16      0.00125        0.168      0.00131
    177   160       0.0148       0.0148     9.48e-06       0.0539       0.0795       0.0368       0.0999       0.0552        0.064       0.0458        0.132       0.0817       0.0866        0.212      0.00166        0.258      0.00201


  Train      #    Epoch      wal       LR       loss_f       loss_e         loss        f_mae       f_rmse     Li_f_mae      P_f_mae      S_f_mae  psavg_f_mae    Li_f_rmse     P_f_rmse     S_f_rmse psavg_f_rmse        e_mae      e/N_mae       e_rmse     e/N_rmse
! Train             177 1048.465    0.001      0.00871     6.56e-05      0.00877       0.0435        0.061       0.0307       0.0804       0.0438       0.0516       0.0396        0.106       0.0588       0.0682        0.534      0.00417        0.678       0.0053
! Validation        177 1048.465    0.001      0.00785     3.77e-06      0.00785       0.0399        0.058       0.0283       0.0774       0.0393       0.0483        0.037        0.104       0.0549       0.0651        0.135      0.00105        0.163      0.00127
Wall time: 1048.4665384528926
! Best model      177    0.008
Saved trainer to results/Allegro_FPS_150_DFT_Li3PS4/run_Allegro_FPS_150_DFT_Li3PS4/trainer.pth
Saved last model to to results/Allegro_FPS_150_DFT_Li3PS4/run_Allegro_FPS_150_DFT_Li3PS4/last_model.pth
EarlyStopping: 1 / 50

training
# Epoch batch         loss       loss_f       loss_e        f_mae       f_rmse     Li_f_mae      P_f_mae      S_f_mae  psavg_f_mae    Li_f_rmse     P_f_rmse     S_f_rmse psavg_f_rmse        e_mae      e/N_mae       e_rmse     e/N_rmse
    178    75      0.00562      0.00557     4.71e-05       0.0364       0.0488       0.0294       0.0661       0.0343       0.0433       0.0361       0.0849       0.0446       0.0552        0.574      0.00448        0.575      0.00449

validation
# Epoch batch         loss       loss_f       loss_e        f_mae       f_rmse     Li_f_mae      P_f_mae      S_f_mae  psavg_f_mae    Li_f_rmse     P_f_rmse     S_f_rmse psavg_f_rmse        e_mae      e/N_mae       e_rmse     e/N_rmse
    178   100      0.00529      0.00529     3.91e-06        0.035       0.0476       0.0263       0.0664       0.0336       0.0421       0.0331       0.0843       0.0439       0.0538        0.158      0.00123        0.166      0.00129
    178   160       0.0147       0.0147     9.25e-06       0.0539       0.0794       0.0368       0.0999       0.0551       0.0639       0.0457        0.132       0.0817       0.0866         0.21      0.00164        0.255      0.00199


  Train      #    Epoch      wal       LR       loss_f       loss_e         loss        f_mae       f_rmse     Li_f_mae      P_f_mae      S_f_mae  psavg_f_mae    Li_f_rmse     P_f_rmse     S_f_rmse psavg_f_rmse        e_mae      e/N_mae       e_rmse     e/N_rmse
! Train             178 1054.299    0.001      0.00869      6.5e-05      0.00875       0.0434        0.061       0.0307       0.0803       0.0437       0.0516       0.0396        0.106       0.0588       0.0681        0.532      0.00416        0.675      0.00527
! Validation        178 1054.299    0.001      0.00784     3.68e-06      0.00784       0.0399       0.0579       0.0283       0.0774       0.0393       0.0483        0.037        0.104       0.0548       0.0651        0.133      0.00104        0.161      0.00125
Wall time: 1054.300186472945
! Best model      178    0.008
Saved trainer to results/Allegro_FPS_150_DFT_Li3PS4/run_Allegro_FPS_150_DFT_Li3PS4/trainer.pth
Saved last model to to results/Allegro_FPS_150_DFT_Li3PS4/run_Allegro_FPS_150_DFT_Li3PS4/last_model.pth
EarlyStopping: 2 / 50

training
# Epoch batch         loss       loss_f       loss_e        f_mae       f_rmse     Li_f_mae      P_f_mae      S_f_mae  psavg_f_mae    Li_f_rmse     P_f_rmse     S_f_rmse psavg_f_rmse        e_mae      e/N_mae       e_rmse     e/N_rmse
    179    75      0.00561      0.00556     5.15e-05       0.0364       0.0488       0.0292        0.066       0.0343       0.0432       0.0358       0.0849       0.0446       0.0551          0.6      0.00469        0.601      0.00469

validation
# Epoch batch         loss       loss_f       loss_e        f_mae       f_rmse     Li_f_mae      P_f_mae      S_f_mae  psavg_f_mae    Li_f_rmse     P_f_rmse     S_f_rmse psavg_f_rmse        e_mae      e/N_mae       e_rmse     e/N_rmse
    179   100      0.00528      0.00527     3.83e-06       0.0349       0.0475       0.0262       0.0663       0.0336        0.042        0.033       0.0842       0.0438       0.0537        0.157      0.00122        0.164      0.00128
    179   160       0.0147       0.0147     9.39e-06       0.0538       0.0794       0.0368       0.0999       0.0551       0.0639       0.0457        0.132       0.0817       0.0865        0.212      0.00165        0.257        0.002


  Train      #    Epoch      wal       LR       loss_f       loss_e         loss        f_mae       f_rmse     Li_f_mae      P_f_mae      S_f_mae  psavg_f_mae    Li_f_rmse     P_f_rmse     S_f_rmse psavg_f_rmse        e_mae      e/N_mae       e_rmse     e/N_rmse
! Train             179 1060.231    0.001      0.00866     6.43e-05      0.00873       0.0434       0.0609       0.0307       0.0802       0.0437       0.0515       0.0395        0.106       0.0587        0.068        0.531      0.00415        0.671      0.00525
! Validation        179 1060.231    0.001      0.00783     3.63e-06      0.00783       0.0399       0.0579       0.0282       0.0773       0.0393       0.0483        0.037        0.103       0.0548       0.0651        0.132      0.00103         0.16      0.00125
Wall time: 1060.2317972729215
! Best model      179    0.008
Saved trainer to results/Allegro_FPS_150_DFT_Li3PS4/run_Allegro_FPS_150_DFT_Li3PS4/trainer.pth
Saved last model to to results/Allegro_FPS_150_DFT_Li3PS4/run_Allegro_FPS_150_DFT_Li3PS4/last_model.pth
EarlyStopping: 3 / 50

training
# Epoch batch         loss       loss_f       loss_e        f_mae       f_rmse     Li_f_mae      P_f_mae      S_f_mae  psavg_f_mae    Li_f_rmse     P_f_rmse     S_f_rmse psavg_f_rmse        e_mae      e/N_mae       e_rmse     e/N_rmse
    180    75      0.00563      0.00558     4.34e-05       0.0364       0.0489       0.0292       0.0661       0.0345       0.0432       0.0357        0.085       0.0449       0.0552        0.551      0.00431        0.552      0.00431

validation
# Epoch batch         loss       loss_f       loss_e        f_mae       f_rmse     Li_f_mae      P_f_mae      S_f_mae  psavg_f_mae    Li_f_rmse     P_f_rmse     S_f_rmse psavg_f_rmse        e_mae      e/N_mae       e_rmse     e/N_rmse
    180   100      0.00527      0.00527     3.95e-06       0.0349       0.0475       0.0262       0.0662       0.0336        0.042        0.033       0.0841       0.0438       0.0537        0.159      0.00124        0.166       0.0013
    180   160       0.0147       0.0147      9.5e-06       0.0538       0.0794       0.0368       0.0999        0.055       0.0639       0.0457        0.132       0.0816       0.0865        0.212      0.00166        0.258      0.00202


  Train      #    Epoch      wal       LR       loss_f       loss_e         loss        f_mae       f_rmse     Li_f_mae      P_f_mae      S_f_mae  psavg_f_mae    Li_f_rmse     P_f_rmse     S_f_rmse psavg_f_rmse        e_mae      e/N_mae       e_rmse     e/N_rmse
! Train             180 1065.991    0.001      0.00863     6.39e-05       0.0087       0.0433       0.0608       0.0306       0.0801       0.0436       0.0514       0.0395        0.106       0.0586       0.0679         0.53      0.00414        0.669      0.00523
! Validation        180 1065.991    0.001      0.00782     3.71e-06      0.00783       0.0399       0.0579       0.0282       0.0773       0.0392       0.0483        0.037        0.103       0.0547        0.065        0.134      0.00104        0.161      0.00126
Wall time: 1065.992072645924
! Best model      180    0.008
Saved trainer to results/Allegro_FPS_150_DFT_Li3PS4/run_Allegro_FPS_150_DFT_Li3PS4/trainer.pth
Saved last model to to results/Allegro_FPS_150_DFT_Li3PS4/run_Allegro_FPS_150_DFT_Li3PS4/last_model.pth
EarlyStopping: 4 / 50

training
# Epoch batch         loss       loss_f       loss_e        f_mae       f_rmse     Li_f_mae      P_f_mae      S_f_mae  psavg_f_mae    Li_f_rmse     P_f_rmse     S_f_rmse psavg_f_rmse        e_mae      e/N_mae       e_rmse     e/N_rmse
    181    75      0.00562      0.00557     4.69e-05       0.0364       0.0488        0.029       0.0662       0.0344       0.0432       0.0356       0.0851       0.0448       0.0552        0.573      0.00448        0.574      0.00448

validation
# Epoch batch         loss       loss_f       loss_e        f_mae       f_rmse     Li_f_mae      P_f_mae      S_f_mae  psavg_f_mae    Li_f_rmse     P_f_rmse     S_f_rmse psavg_f_rmse        e_mae      e/N_mae       e_rmse     e/N_rmse
    181   100      0.00526      0.00525     3.47e-06       0.0349       0.0474       0.0262       0.0661       0.0335        0.042        0.033       0.0841       0.0437       0.0536         0.15      0.00117        0.156      0.00122
    181   160       0.0147       0.0147     9.25e-06       0.0538       0.0793       0.0368       0.0998       0.0549       0.0639       0.0457        0.132       0.0816       0.0865        0.211      0.00165        0.255      0.00199


  Train      #    Epoch      wal       LR       loss_f       loss_e         loss        f_mae       f_rmse     Li_f_mae      P_f_mae      S_f_mae  psavg_f_mae    Li_f_rmse     P_f_rmse     S_f_rmse psavg_f_rmse        e_mae      e/N_mae       e_rmse     e/N_rmse
! Train             181 1071.747    0.001      0.00861     6.16e-05      0.00867       0.0432       0.0607       0.0306         0.08       0.0435       0.0514       0.0394        0.106       0.0585       0.0678        0.521      0.00407        0.657      0.00513
! Validation        181 1071.747    0.001      0.00781     3.45e-06      0.00782       0.0398       0.0578       0.0282       0.0773       0.0392       0.0482       0.0369        0.103       0.0547        0.065        0.128        0.001        0.155      0.00121
Wall time: 1071.748165205936
! Best model      181    0.008
Saved trainer to results/Allegro_FPS_150_DFT_Li3PS4/run_Allegro_FPS_150_DFT_Li3PS4/trainer.pth
Saved last model to to results/Allegro_FPS_150_DFT_Li3PS4/run_Allegro_FPS_150_DFT_Li3PS4/last_model.pth
EarlyStopping: 5 / 50

training
# Epoch batch         loss       loss_f       loss_e        f_mae       f_rmse     Li_f_mae      P_f_mae      S_f_mae  psavg_f_mae    Li_f_rmse     P_f_rmse     S_f_rmse psavg_f_rmse        e_mae      e/N_mae       e_rmse     e/N_rmse
    182    75      0.00565       0.0056     4.81e-05       0.0364       0.0489        0.029       0.0661       0.0346       0.0432       0.0355       0.0851       0.0451       0.0552         0.58      0.00453        0.581      0.00454

validation
# Epoch batch         loss       loss_f       loss_e        f_mae       f_rmse     Li_f_mae      P_f_mae      S_f_mae  psavg_f_mae    Li_f_rmse     P_f_rmse     S_f_rmse psavg_f_rmse        e_mae      e/N_mae       e_rmse     e/N_rmse
    182   100      0.00525      0.00525     3.81e-06       0.0348       0.0474       0.0262       0.0661       0.0335       0.0419        0.033        0.084       0.0437       0.0536        0.156      0.00122        0.163      0.00128
    182   160       0.0147       0.0147     9.51e-06       0.0537       0.0793       0.0368       0.0998       0.0549       0.0638       0.0457        0.132       0.0816       0.0864        0.212      0.00166        0.258      0.00202


  Train      #    Epoch      wal       LR       loss_f       loss_e         loss        f_mae       f_rmse     Li_f_mae      P_f_mae      S_f_mae  psavg_f_mae    Li_f_rmse     P_f_rmse     S_f_rmse psavg_f_rmse        e_mae      e/N_mae       e_rmse     e/N_rmse
! Train             182 1077.498    0.001       0.0086     6.26e-05      0.00866       0.0432       0.0606       0.0306       0.0799       0.0435       0.0513       0.0394        0.105       0.0585       0.0677        0.528      0.00412        0.662      0.00518
! Validation        182 1077.498    0.001      0.00781     3.64e-06      0.00781       0.0398       0.0578       0.0282       0.0772       0.0392       0.0482       0.0369        0.103       0.0547        0.065        0.132      0.00103         0.16      0.00125
Wall time: 1077.4992208729964
! Best model      182    0.008
Saved trainer to results/Allegro_FPS_150_DFT_Li3PS4/run_Allegro_FPS_150_DFT_Li3PS4/trainer.pth
Saved last model to to results/Allegro_FPS_150_DFT_Li3PS4/run_Allegro_FPS_150_DFT_Li3PS4/last_model.pth
EarlyStopping: 6 / 50

training
# Epoch batch         loss       loss_f       loss_e        f_mae       f_rmse     Li_f_mae      P_f_mae      S_f_mae  psavg_f_mae    Li_f_rmse     P_f_rmse     S_f_rmse psavg_f_rmse        e_mae      e/N_mae       e_rmse     e/N_rmse
    183    75      0.00564       0.0056      4.8e-05       0.0364       0.0489       0.0289       0.0662       0.0346       0.0432       0.0354       0.0852       0.0451       0.0552        0.579      0.00452         0.58      0.00453

validation
# Epoch batch         loss       loss_f       loss_e        f_mae       f_rmse     Li_f_mae      P_f_mae      S_f_mae  psavg_f_mae    Li_f_rmse     P_f_rmse     S_f_rmse psavg_f_rmse        e_mae      e/N_mae       e_rmse     e/N_rmse
    183   100      0.00524      0.00524     3.69e-06       0.0348       0.0473       0.0262       0.0661       0.0335       0.0419        0.033        0.084       0.0437       0.0535        0.154      0.00121        0.161      0.00126
    183   160       0.0147       0.0147     9.48e-06       0.0537       0.0793       0.0368       0.0998       0.0548       0.0638       0.0457        0.132       0.0816       0.0864        0.212      0.00166        0.258      0.00201


  Train      #    Epoch      wal       LR       loss_f       loss_e         loss        f_mae       f_rmse     Li_f_mae      P_f_mae      S_f_mae  psavg_f_mae    Li_f_rmse     P_f_rmse     S_f_rmse psavg_f_rmse        e_mae      e/N_mae       e_rmse     e/N_rmse
! Train             183 1083.533    0.001      0.00856     6.22e-05      0.00863       0.0431       0.0605       0.0305       0.0797       0.0434       0.0512       0.0394        0.105       0.0583       0.0676        0.526      0.00411         0.66      0.00516
! Validation        183 1083.533    0.001       0.0078     3.56e-06       0.0078       0.0398       0.0578       0.0282       0.0772       0.0391       0.0482       0.0369        0.103       0.0546       0.0649         0.13      0.00102        0.158      0.00123
Wall time: 1083.5341173239285
! Best model      183    0.008
Saved trainer to results/Allegro_FPS_150_DFT_Li3PS4/run_Allegro_FPS_150_DFT_Li3PS4/trainer.pth
Saved last model to to results/Allegro_FPS_150_DFT_Li3PS4/run_Allegro_FPS_150_DFT_Li3PS4/last_model.pth
EarlyStopping: 7 / 50

training
# Epoch batch         loss       loss_f       loss_e        f_mae       f_rmse     Li_f_mae      P_f_mae      S_f_mae  psavg_f_mae    Li_f_rmse     P_f_rmse     S_f_rmse psavg_f_rmse        e_mae      e/N_mae       e_rmse     e/N_rmse
    184    75      0.00562      0.00557     4.77e-05       0.0363       0.0488       0.0288       0.0661       0.0345       0.0431       0.0353       0.0852        0.045       0.0551        0.578      0.00451        0.579      0.00452

validation
# Epoch batch         loss       loss_f       loss_e        f_mae       f_rmse     Li_f_mae      P_f_mae      S_f_mae  psavg_f_mae    Li_f_rmse     P_f_rmse     S_f_rmse psavg_f_rmse        e_mae      e/N_mae       e_rmse     e/N_rmse
    184   100      0.00523      0.00523     3.65e-06       0.0348       0.0473       0.0262        0.066       0.0334       0.0419       0.0329       0.0839       0.0436       0.0535        0.154       0.0012         0.16      0.00125
    184   160       0.0147       0.0147     9.37e-06       0.0537       0.0793       0.0369       0.0998       0.0548       0.0638       0.0457        0.132       0.0816       0.0864        0.211      0.00165        0.256        0.002


  Train      #    Epoch      wal       LR       loss_f       loss_e         loss        f_mae       f_rmse     Li_f_mae      P_f_mae      S_f_mae  psavg_f_mae    Li_f_rmse     P_f_rmse     S_f_rmse psavg_f_rmse        e_mae      e/N_mae       e_rmse     e/N_rmse
! Train             184 1089.364    0.001      0.00855     6.05e-05      0.00861       0.0431       0.0605       0.0305       0.0796       0.0434       0.0512       0.0393        0.105       0.0583       0.0675         0.52      0.00406        0.651      0.00509
! Validation        184 1089.364    0.001      0.00779     3.53e-06      0.00779       0.0398       0.0577       0.0282       0.0772       0.0391       0.0482       0.0369        0.103       0.0546       0.0649         0.13      0.00101        0.157      0.00123
Wall time: 1089.3651405419223
! Best model      184    0.008
Saved trainer to results/Allegro_FPS_150_DFT_Li3PS4/run_Allegro_FPS_150_DFT_Li3PS4/trainer.pth
Saved last model to to results/Allegro_FPS_150_DFT_Li3PS4/run_Allegro_FPS_150_DFT_Li3PS4/last_model.pth
EarlyStopping: 8 / 50

training
# Epoch batch         loss       loss_f       loss_e        f_mae       f_rmse     Li_f_mae      P_f_mae      S_f_mae  psavg_f_mae    Li_f_rmse     P_f_rmse     S_f_rmse psavg_f_rmse        e_mae      e/N_mae       e_rmse     e/N_rmse
    185    75      0.00562      0.00557     5.04e-05       0.0363       0.0488       0.0287       0.0661       0.0345       0.0431       0.0351       0.0853        0.045       0.0551        0.594      0.00464        0.594      0.00464

validation
# Epoch batch         loss       loss_f       loss_e        f_mae       f_rmse     Li_f_mae      P_f_mae      S_f_mae  psavg_f_mae    Li_f_rmse     P_f_rmse     S_f_rmse psavg_f_rmse        e_mae      e/N_mae       e_rmse     e/N_rmse
    185   100      0.00522      0.00522     3.37e-06       0.0347       0.0473       0.0261       0.0659       0.0334       0.0418       0.0329       0.0838       0.0436       0.0534        0.149      0.00116        0.154       0.0012
    185   160       0.0147       0.0147      9.3e-06       0.0536       0.0792       0.0369       0.0998       0.0547       0.0638       0.0457        0.132       0.0815       0.0863        0.211      0.00165        0.255        0.002


  Train      #    Epoch      wal       LR       loss_f       loss_e         loss        f_mae       f_rmse     Li_f_mae      P_f_mae      S_f_mae  psavg_f_mae    Li_f_rmse     P_f_rmse     S_f_rmse psavg_f_rmse        e_mae      e/N_mae       e_rmse     e/N_rmse
! Train             185 1095.266    0.001      0.00851      6.1e-05      0.00857        0.043       0.0603       0.0305       0.0795       0.0433       0.0511       0.0393        0.105       0.0581       0.0674        0.524      0.00409        0.654      0.00511
! Validation        185 1095.266    0.001      0.00778     3.37e-06      0.00779       0.0397       0.0577       0.0282       0.0772       0.0391       0.0481       0.0369        0.103       0.0546       0.0649        0.127     0.000989        0.154       0.0012
Wall time: 1095.266626209952
! Best model      185    0.008
Saved trainer to results/Allegro_FPS_150_DFT_Li3PS4/run_Allegro_FPS_150_DFT_Li3PS4/trainer.pth
Saved last model to to results/Allegro_FPS_150_DFT_Li3PS4/run_Allegro_FPS_150_DFT_Li3PS4/last_model.pth
EarlyStopping: 9 / 50

training
# Epoch batch         loss       loss_f       loss_e        f_mae       f_rmse     Li_f_mae      P_f_mae      S_f_mae  psavg_f_mae    Li_f_rmse     P_f_rmse     S_f_rmse psavg_f_rmse        e_mae      e/N_mae       e_rmse     e/N_rmse
    186    75      0.00559      0.00554     4.43e-05       0.0361       0.0487       0.0286        0.066       0.0344        0.043        0.035       0.0852       0.0448        0.055        0.557      0.00435        0.558      0.00436

validation
# Epoch batch         loss       loss_f       loss_e        f_mae       f_rmse     Li_f_mae      P_f_mae      S_f_mae  psavg_f_mae    Li_f_rmse     P_f_rmse     S_f_rmse psavg_f_rmse        e_mae      e/N_mae       e_rmse     e/N_rmse
    186   100      0.00521      0.00521     3.76e-06       0.0347       0.0472       0.0261       0.0658       0.0333       0.0418       0.0329       0.0837       0.0435       0.0534        0.156      0.00122        0.162      0.00127
    186   160       0.0147       0.0146     9.59e-06       0.0536       0.0792       0.0369       0.0998       0.0546       0.0637       0.0457        0.132       0.0815       0.0863        0.213      0.00166        0.259      0.00203


  Train      #    Epoch      wal       LR       loss_f       loss_e         loss        f_mae       f_rmse     Li_f_mae      P_f_mae      S_f_mae  psavg_f_mae    Li_f_rmse     P_f_rmse     S_f_rmse psavg_f_rmse        e_mae      e/N_mae       e_rmse     e/N_rmse
! Train             186 1101.479    0.001       0.0085     5.81e-05      0.00856        0.043       0.0603       0.0305       0.0794       0.0433        0.051       0.0392        0.105       0.0581       0.0674        0.514      0.00401        0.638      0.00499
! Validation        186 1101.479    0.001      0.00777      3.6e-06      0.00778       0.0397       0.0577       0.0281       0.0771       0.0391       0.0481       0.0368        0.103       0.0545       0.0649        0.131      0.00102        0.159      0.00124
Wall time: 1101.4795764039736
! Best model      186    0.008
Saved trainer to results/Allegro_FPS_150_DFT_Li3PS4/run_Allegro_FPS_150_DFT_Li3PS4/trainer.pth
Saved last model to to results/Allegro_FPS_150_DFT_Li3PS4/run_Allegro_FPS_150_DFT_Li3PS4/last_model.pth
EarlyStopping: 10 / 50

training
# Epoch batch         loss       loss_f       loss_e        f_mae       f_rmse     Li_f_mae      P_f_mae      S_f_mae  psavg_f_mae    Li_f_rmse     P_f_rmse     S_f_rmse psavg_f_rmse        e_mae      e/N_mae       e_rmse     e/N_rmse
    187    75      0.00557      0.00552     4.79e-05        0.036       0.0486       0.0285       0.0659       0.0343       0.0429       0.0349       0.0851       0.0447       0.0549        0.579      0.00453         0.58      0.00453

validation
# Epoch batch         loss       loss_f       loss_e        f_mae       f_rmse     Li_f_mae      P_f_mae      S_f_mae  psavg_f_mae    Li_f_rmse     P_f_rmse     S_f_rmse psavg_f_rmse        e_mae      e/N_mae       e_rmse     e/N_rmse
    187   100      0.00521       0.0052     3.58e-06       0.0347       0.0472       0.0261       0.0658       0.0333       0.0417       0.0329       0.0837       0.0435       0.0533        0.153      0.00119        0.159      0.00124
    187   160       0.0146       0.0146     9.45e-06       0.0536       0.0791       0.0369       0.0997       0.0546       0.0637       0.0457        0.132       0.0814       0.0862        0.212      0.00166        0.257      0.00201


  Train      #    Epoch      wal       LR       loss_f       loss_e         loss        f_mae       f_rmse     Li_f_mae      P_f_mae      S_f_mae  psavg_f_mae    Li_f_rmse     P_f_rmse     S_f_rmse psavg_f_rmse        e_mae      e/N_mae       e_rmse     e/N_rmse
! Train             187 1107.320    0.001      0.00846     5.75e-05      0.00852       0.0429       0.0602       0.0304       0.0792       0.0432       0.0509       0.0392        0.105        0.058       0.0672        0.511        0.004        0.635      0.00496
! Validation        187 1107.320    0.001      0.00777     3.48e-06      0.00777       0.0397       0.0577       0.0281       0.0771        0.039       0.0481       0.0368        0.103       0.0545       0.0648        0.129      0.00101        0.156      0.00122
Wall time: 1107.3206748398952
! Best model      187    0.008
Saved trainer to results/Allegro_FPS_150_DFT_Li3PS4/run_Allegro_FPS_150_DFT_Li3PS4/trainer.pth
Saved last model to to results/Allegro_FPS_150_DFT_Li3PS4/run_Allegro_FPS_150_DFT_Li3PS4/last_model.pth
EarlyStopping: 11 / 50

training
# Epoch batch         loss       loss_f       loss_e        f_mae       f_rmse     Li_f_mae      P_f_mae      S_f_mae  psavg_f_mae    Li_f_rmse     P_f_rmse     S_f_rmse psavg_f_rmse        e_mae      e/N_mae       e_rmse     e/N_rmse
    188    75      0.00554      0.00549      5.1e-05        0.036       0.0485       0.0284       0.0658       0.0341       0.0428       0.0348       0.0851       0.0445       0.0548        0.598      0.00467        0.598      0.00467

validation
# Epoch batch         loss       loss_f       loss_e        f_mae       f_rmse     Li_f_mae      P_f_mae      S_f_mae  psavg_f_mae    Li_f_rmse     P_f_rmse     S_f_rmse psavg_f_rmse        e_mae      e/N_mae       e_rmse     e/N_rmse
    188   100      0.00519      0.00519     3.66e-06       0.0346       0.0471       0.0261       0.0657       0.0333       0.0417       0.0328       0.0835       0.0435       0.0533        0.154       0.0012         0.16      0.00125
    188   160       0.0146       0.0146     9.62e-06       0.0536       0.0791       0.0369       0.0997       0.0545       0.0637       0.0457        0.132       0.0815       0.0862        0.213      0.00166         0.26      0.00203


  Train      #    Epoch      wal       LR       loss_f       loss_e         loss        f_mae       f_rmse     Li_f_mae      P_f_mae      S_f_mae  psavg_f_mae    Li_f_rmse     P_f_rmse     S_f_rmse psavg_f_rmse        e_mae      e/N_mae       e_rmse     e/N_rmse
! Train             188 1113.328    0.001      0.00844     5.71e-05       0.0085       0.0428       0.0601       0.0304       0.0791       0.0431       0.0509       0.0391        0.104       0.0579       0.0671        0.511      0.00399        0.633      0.00494
! Validation        188 1113.328    0.001      0.00776     3.54e-06      0.00776       0.0397       0.0576       0.0281       0.0771        0.039       0.0481       0.0368        0.103       0.0545       0.0648         0.13      0.00101        0.157      0.00123
Wall time: 1113.328802449978
! Best model      188    0.008
Saved trainer to results/Allegro_FPS_150_DFT_Li3PS4/run_Allegro_FPS_150_DFT_Li3PS4/trainer.pth
Saved last model to to results/Allegro_FPS_150_DFT_Li3PS4/run_Allegro_FPS_150_DFT_Li3PS4/last_model.pth
EarlyStopping: 12 / 50

training
# Epoch batch         loss       loss_f       loss_e        f_mae       f_rmse     Li_f_mae      P_f_mae      S_f_mae  psavg_f_mae    Li_f_rmse     P_f_rmse     S_f_rmse psavg_f_rmse        e_mae      e/N_mae       e_rmse     e/N_rmse
    189    75      0.00554      0.00549     4.89e-05       0.0359       0.0485       0.0284       0.0657       0.0342       0.0427       0.0347        0.085       0.0446       0.0548        0.585      0.00457        0.585      0.00457

validation
# Epoch batch         loss       loss_f       loss_e        f_mae       f_rmse     Li_f_mae      P_f_mae      S_f_mae  psavg_f_mae    Li_f_rmse     P_f_rmse     S_f_rmse psavg_f_rmse        e_mae      e/N_mae       e_rmse     e/N_rmse
    189   100      0.00519      0.00518     3.45e-06       0.0346       0.0471       0.0261       0.0656       0.0332       0.0417       0.0328       0.0835       0.0434       0.0532         0.15      0.00117        0.156      0.00122
    189   160       0.0146       0.0146     9.46e-06       0.0535       0.0791       0.0368       0.0997       0.0545       0.0637       0.0456        0.131       0.0814       0.0861        0.212      0.00165        0.258      0.00201


  Train      #    Epoch      wal       LR       loss_f       loss_e         loss        f_mae       f_rmse     Li_f_mae      P_f_mae      S_f_mae  psavg_f_mae    Li_f_rmse     P_f_rmse     S_f_rmse psavg_f_rmse        e_mae      e/N_mae       e_rmse     e/N_rmse
! Train             189 1119.144    0.001      0.00842     5.59e-05      0.00847       0.0428         0.06       0.0303        0.079       0.0431       0.0508       0.0391        0.104       0.0578        0.067        0.508      0.00397        0.626      0.00489
! Validation        189 1119.144    0.001      0.00775     3.42e-06      0.00776       0.0397       0.0576       0.0281        0.077        0.039        0.048       0.0368        0.103       0.0544       0.0648        0.127     0.000995        0.155      0.00121
Wall time: 1119.1451527869795
! Best model      189    0.008
Saved trainer to results/Allegro_FPS_150_DFT_Li3PS4/run_Allegro_FPS_150_DFT_Li3PS4/trainer.pth
Saved last model to to results/Allegro_FPS_150_DFT_Li3PS4/run_Allegro_FPS_150_DFT_Li3PS4/last_model.pth

training
# Epoch batch         loss       loss_f       loss_e        f_mae       f_rmse     Li_f_mae      P_f_mae      S_f_mae  psavg_f_mae    Li_f_rmse     P_f_rmse     S_f_rmse psavg_f_rmse        e_mae      e/N_mae       e_rmse     e/N_rmse
    190    75       0.0055      0.00546     4.59e-05       0.0358       0.0483       0.0283       0.0656       0.0339       0.0426       0.0347        0.085       0.0443       0.0547        0.567      0.00443        0.567      0.00443

validation
# Epoch batch         loss       loss_f       loss_e        f_mae       f_rmse     Li_f_mae      P_f_mae      S_f_mae  psavg_f_mae    Li_f_rmse     P_f_rmse     S_f_rmse psavg_f_rmse        e_mae      e/N_mae       e_rmse     e/N_rmse
    190   100      0.00518      0.00517      3.4e-06       0.0346       0.0471        0.026       0.0656       0.0332       0.0416       0.0328       0.0834       0.0434       0.0532        0.149      0.00117        0.154      0.00121
    190   160       0.0146       0.0146     9.45e-06       0.0535        0.079       0.0369       0.0997       0.0544       0.0636       0.0456        0.131       0.0814       0.0861        0.212      0.00165        0.257      0.00201


  Train      #    Epoch      wal       LR       loss_f       loss_e         loss        f_mae       f_rmse     Li_f_mae      P_f_mae      S_f_mae  psavg_f_mae    Li_f_rmse     P_f_rmse     S_f_rmse psavg_f_rmse        e_mae      e/N_mae       e_rmse     e/N_rmse
! Train             190 1125.187    0.001       0.0084     5.45e-05      0.00845       0.0427       0.0599       0.0303       0.0788        0.043       0.0507        0.039        0.104       0.0578       0.0669        0.501      0.00391        0.618      0.00483
! Validation        190 1125.187    0.001      0.00775     3.38e-06      0.00775       0.0396       0.0576       0.0281        0.077       0.0389        0.048       0.0368        0.103       0.0544       0.0647        0.127     0.000989        0.154       0.0012
Wall time: 1125.1879109649453
! Best model      190    0.008
Saved trainer to results/Allegro_FPS_150_DFT_Li3PS4/run_Allegro_FPS_150_DFT_Li3PS4/trainer.pth
Saved last model to to results/Allegro_FPS_150_DFT_Li3PS4/run_Allegro_FPS_150_DFT_Li3PS4/last_model.pth
EarlyStopping: 1 / 50

training
# Epoch batch         loss       loss_f       loss_e        f_mae       f_rmse     Li_f_mae      P_f_mae      S_f_mae  psavg_f_mae    Li_f_rmse     P_f_rmse     S_f_rmse psavg_f_rmse        e_mae      e/N_mae       e_rmse     e/N_rmse
    191    75      0.00547      0.00542      4.7e-05       0.0357       0.0482       0.0282       0.0655       0.0338       0.0425       0.0345        0.085       0.0441       0.0545        0.574      0.00448        0.574      0.00448

validation
# Epoch batch         loss       loss_f       loss_e        f_mae       f_rmse     Li_f_mae      P_f_mae      S_f_mae  psavg_f_mae    Li_f_rmse     P_f_rmse     S_f_rmse psavg_f_rmse        e_mae      e/N_mae       e_rmse     e/N_rmse
    191   100      0.00517      0.00516     3.49e-06       0.0345        0.047        0.026       0.0655       0.0332       0.0416       0.0328       0.0833       0.0433       0.0531        0.151      0.00118        0.156      0.00122
    191   160       0.0146       0.0146     9.51e-06       0.0535        0.079       0.0368       0.0997       0.0544       0.0636       0.0456        0.131       0.0814       0.0861        0.211      0.00165        0.258      0.00202


  Train      #    Epoch      wal       LR       loss_f       loss_e         loss        f_mae       f_rmse     Li_f_mae      P_f_mae      S_f_mae  psavg_f_mae    Li_f_rmse     P_f_rmse     S_f_rmse psavg_f_rmse        e_mae      e/N_mae       e_rmse     e/N_rmse
! Train             191 1130.961    0.001      0.00838      5.4e-05      0.00843       0.0427       0.0599       0.0303       0.0787        0.043       0.0507        0.039        0.104       0.0577       0.0668          0.5      0.00391        0.616      0.00481
! Validation        191 1130.961    0.001      0.00774     3.43e-06      0.00774       0.0396       0.0575       0.0281        0.077       0.0389        0.048       0.0368        0.103       0.0544       0.0647        0.128     0.000997        0.155      0.00121
Wall time: 1130.961748874979
! Best model      191    0.008
Saved trainer to results/Allegro_FPS_150_DFT_Li3PS4/run_Allegro_FPS_150_DFT_Li3PS4/trainer.pth
Saved last model to to results/Allegro_FPS_150_DFT_Li3PS4/run_Allegro_FPS_150_DFT_Li3PS4/last_model.pth
EarlyStopping: 2 / 50

training
# Epoch batch         loss       loss_f       loss_e        f_mae       f_rmse     Li_f_mae      P_f_mae      S_f_mae  psavg_f_mae    Li_f_rmse     P_f_rmse     S_f_rmse psavg_f_rmse        e_mae      e/N_mae       e_rmse     e/N_rmse
    192    75      0.00537      0.00532     5.08e-05       0.0353       0.0477       0.0283       0.0654        0.033       0.0422       0.0345       0.0849        0.043       0.0542        0.597      0.00466        0.597      0.00466

validation
# Epoch batch         loss       loss_f       loss_e        f_mae       f_rmse     Li_f_mae      P_f_mae      S_f_mae  psavg_f_mae    Li_f_rmse     P_f_rmse     S_f_rmse psavg_f_rmse        e_mae      e/N_mae       e_rmse     e/N_rmse
    192   100      0.00516      0.00516     3.31e-06       0.0345        0.047        0.026       0.0654       0.0331       0.0415       0.0327       0.0833       0.0433       0.0531        0.147      0.00115        0.152      0.00119
    192   160       0.0146       0.0146     9.43e-06       0.0534        0.079       0.0369       0.0996       0.0543       0.0636       0.0456        0.131       0.0813        0.086        0.211      0.00165        0.257      0.00201


  Train      #    Epoch      wal       LR       loss_f       loss_e         loss        f_mae       f_rmse     Li_f_mae      P_f_mae      S_f_mae  psavg_f_mae    Li_f_rmse     P_f_rmse     S_f_rmse psavg_f_rmse        e_mae      e/N_mae       e_rmse     e/N_rmse
! Train             192 1136.740    0.001      0.00835      5.1e-05       0.0084       0.0426       0.0598       0.0302       0.0786        0.043       0.0506        0.039        0.104       0.0577       0.0667        0.489      0.00382        0.598      0.00467
! Validation        192 1136.740    0.001      0.00773     3.34e-06      0.00774       0.0396       0.0575       0.0281        0.077       0.0389        0.048       0.0367        0.103       0.0543       0.0647        0.126     0.000983        0.153       0.0012
Wall time: 1136.7406475169118
! Best model      192    0.008
Saved trainer to results/Allegro_FPS_150_DFT_Li3PS4/run_Allegro_FPS_150_DFT_Li3PS4/trainer.pth
Saved last model to to results/Allegro_FPS_150_DFT_Li3PS4/run_Allegro_FPS_150_DFT_Li3PS4/last_model.pth
EarlyStopping: 3 / 50

training
# Epoch batch         loss       loss_f       loss_e        f_mae       f_rmse     Li_f_mae      P_f_mae      S_f_mae  psavg_f_mae    Li_f_rmse     P_f_rmse     S_f_rmse psavg_f_rmse        e_mae      e/N_mae       e_rmse     e/N_rmse
    193    75      0.00528      0.00522     5.54e-05       0.0349       0.0473       0.0282       0.0653       0.0323       0.0419       0.0344       0.0849       0.0422       0.0538        0.623      0.00487        0.623      0.00487

validation
# Epoch batch         loss       loss_f       loss_e        f_mae       f_rmse     Li_f_mae      P_f_mae      S_f_mae  psavg_f_mae    Li_f_rmse     P_f_rmse     S_f_rmse psavg_f_rmse        e_mae      e/N_mae       e_rmse     e/N_rmse
    193   100      0.00515      0.00515     3.13e-06       0.0345       0.0469        0.026       0.0654       0.0331       0.0415       0.0327       0.0832       0.0433       0.0531        0.144      0.00112        0.148      0.00116
    193   160       0.0146       0.0146     9.29e-06       0.0534       0.0789       0.0368       0.0996       0.0543       0.0636       0.0456        0.131       0.0813        0.086         0.21      0.00164        0.255      0.00199


  Train      #    Epoch      wal       LR       loss_f       loss_e         loss        f_mae       f_rmse     Li_f_mae      P_f_mae      S_f_mae  psavg_f_mae    Li_f_rmse     P_f_rmse     S_f_rmse psavg_f_rmse        e_mae      e/N_mae       e_rmse     e/N_rmse
! Train             193 1142.510    0.001      0.00834     4.96e-05      0.00839       0.0426       0.0597       0.0302       0.0784        0.043       0.0505       0.0389        0.103       0.0577       0.0667        0.483      0.00377         0.59      0.00461
! Validation        193 1142.510    0.001      0.00773     3.23e-06      0.00773       0.0396       0.0575        0.028       0.0769       0.0389        0.048       0.0367        0.103       0.0543       0.0647        0.123     0.000963         0.15      0.00118
Wall time: 1142.51044245495
! Best model      193    0.008
Saved trainer to results/Allegro_FPS_150_DFT_Li3PS4/run_Allegro_FPS_150_DFT_Li3PS4/trainer.pth
Saved last model to to results/Allegro_FPS_150_DFT_Li3PS4/run_Allegro_FPS_150_DFT_Li3PS4/last_model.pth
EarlyStopping: 4 / 50

training
# Epoch batch         loss       loss_f       loss_e        f_mae       f_rmse     Li_f_mae      P_f_mae      S_f_mae  psavg_f_mae    Li_f_rmse     P_f_rmse     S_f_rmse psavg_f_rmse        e_mae      e/N_mae       e_rmse     e/N_rmse
    194    75      0.00515      0.00509     6.56e-05       0.0343       0.0467       0.0282        0.065       0.0313       0.0415       0.0343       0.0848       0.0409       0.0533        0.678       0.0053        0.678       0.0053

validation
# Epoch batch         loss       loss_f       loss_e        f_mae       f_rmse     Li_f_mae      P_f_mae      S_f_mae  psavg_f_mae    Li_f_rmse     P_f_rmse     S_f_rmse psavg_f_rmse        e_mae      e/N_mae       e_rmse     e/N_rmse
    194   100      0.00514      0.00514     3.19e-06       0.0344       0.0469        0.026       0.0653       0.0331       0.0414       0.0327       0.0831       0.0432        0.053        0.145      0.00113        0.149      0.00117
    194   160       0.0146       0.0145     9.32e-06       0.0534       0.0789       0.0368       0.0996       0.0542       0.0635       0.0456        0.131       0.0813       0.0859         0.21      0.00164        0.256        0.002


  Train      #    Epoch      wal       LR       loss_f       loss_e         loss        f_mae       f_rmse     Li_f_mae      P_f_mae      S_f_mae  psavg_f_mae    Li_f_rmse     P_f_rmse     S_f_rmse psavg_f_rmse        e_mae      e/N_mae       e_rmse     e/N_rmse
! Train             194 1148.291    0.001      0.00834     4.73e-05      0.00839       0.0426       0.0597       0.0302       0.0783        0.043       0.0505       0.0389        0.103       0.0578       0.0666        0.472      0.00369        0.576       0.0045
! Validation        194 1148.291    0.001      0.00772     3.24e-06      0.00772       0.0395       0.0575        0.028       0.0769       0.0388       0.0479       0.0367        0.103       0.0543       0.0646        0.124     0.000965        0.151      0.00118
Wall time: 1148.2920218339423
! Best model      194    0.008
Saved trainer to results/Allegro_FPS_150_DFT_Li3PS4/run_Allegro_FPS_150_DFT_Li3PS4/trainer.pth
Saved last model to to results/Allegro_FPS_150_DFT_Li3PS4/run_Allegro_FPS_150_DFT_Li3PS4/last_model.pth
EarlyStopping: 5 / 50

training
# Epoch batch         loss       loss_f       loss_e        f_mae       f_rmse     Li_f_mae      P_f_mae      S_f_mae  psavg_f_mae    Li_f_rmse     P_f_rmse     S_f_rmse psavg_f_rmse        e_mae      e/N_mae       e_rmse     e/N_rmse
    195    75      0.00513      0.00504     8.81e-05       0.0342       0.0465       0.0284        0.065       0.0309       0.0415       0.0345       0.0849       0.0403       0.0532        0.785      0.00614        0.786      0.00614

validation
# Epoch batch         loss       loss_f       loss_e        f_mae       f_rmse     Li_f_mae      P_f_mae      S_f_mae  psavg_f_mae    Li_f_rmse     P_f_rmse     S_f_rmse psavg_f_rmse        e_mae      e/N_mae       e_rmse     e/N_rmse
    195   100      0.00514      0.00514     3.42e-06       0.0344       0.0469       0.0259       0.0653       0.0331       0.0414       0.0327       0.0831       0.0432        0.053         0.15      0.00117        0.155      0.00121
    195   160       0.0145       0.0145     9.55e-06       0.0533       0.0788       0.0368       0.0995       0.0542       0.0635       0.0456        0.131       0.0812       0.0859        0.211      0.00165        0.259      0.00202


  Train      #    Epoch      wal       LR       loss_f       loss_e         loss        f_mae       f_rmse     Li_f_mae      P_f_mae      S_f_mae  psavg_f_mae    Li_f_rmse     P_f_rmse     S_f_rmse psavg_f_rmse        e_mae      e/N_mae       e_rmse     e/N_rmse
! Train             195 1154.056    0.001       0.0084     4.41e-05      0.00844       0.0428       0.0599       0.0301       0.0781       0.0434       0.0506       0.0389        0.103       0.0583       0.0667        0.456      0.00356        0.556      0.00435
! Validation        195 1154.056    0.001      0.00772     3.36e-06      0.00772       0.0395       0.0575        0.028       0.0769       0.0388       0.0479       0.0367        0.103       0.0543       0.0646        0.126     0.000986        0.154       0.0012
Wall time: 1154.0572605869966
! Best model      195    0.008
Saved trainer to results/Allegro_FPS_150_DFT_Li3PS4/run_Allegro_FPS_150_DFT_Li3PS4/trainer.pth
Saved last model to to results/Allegro_FPS_150_DFT_Li3PS4/run_Allegro_FPS_150_DFT_Li3PS4/last_model.pth
EarlyStopping: 6 / 50

training
# Epoch batch         loss       loss_f       loss_e        f_mae       f_rmse     Li_f_mae      P_f_mae      S_f_mae  psavg_f_mae    Li_f_rmse     P_f_rmse     S_f_rmse psavg_f_rmse        e_mae      e/N_mae       e_rmse     e/N_rmse
    196    75      0.00548      0.00538     9.31e-05       0.0355        0.048       0.0287       0.0657        0.033       0.0425       0.0348       0.0854       0.0434       0.0545        0.808      0.00631        0.808      0.00631

validation
# Epoch batch         loss       loss_f       loss_e        f_mae       f_rmse     Li_f_mae      P_f_mae      S_f_mae  psavg_f_mae    Li_f_rmse     P_f_rmse     S_f_rmse psavg_f_rmse        e_mae      e/N_mae       e_rmse     e/N_rmse
    196   100      0.00514      0.00513      3.1e-06       0.0344       0.0469       0.0259       0.0653       0.0331       0.0414       0.0327       0.0831       0.0432        0.053        0.144      0.00112        0.147      0.00115
    196   160       0.0145       0.0145     9.22e-06       0.0533       0.0787       0.0368       0.0995       0.0541       0.0635       0.0456        0.131        0.081       0.0858        0.209      0.00163        0.254      0.00199


  Train      #    Epoch      wal       LR       loss_f       loss_e         loss        f_mae       f_rmse     Li_f_mae      P_f_mae      S_f_mae  psavg_f_mae    Li_f_rmse     P_f_rmse     S_f_rmse psavg_f_rmse        e_mae      e/N_mae       e_rmse     e/N_rmse
! Train             196 1159.835    0.001      0.00842     5.17e-05      0.00847       0.0429         0.06       0.0301        0.078       0.0438       0.0506       0.0388        0.103       0.0586       0.0667        0.488      0.00382        0.602       0.0047
! Validation        196 1159.835    0.001      0.00771     3.18e-06      0.00771       0.0395       0.0574        0.028       0.0769       0.0388       0.0479       0.0367        0.103       0.0542       0.0646        0.122     0.000955        0.149      0.00117
Wall time: 1159.8356108398875
! Best model      196    0.008
Saved trainer to results/Allegro_FPS_150_DFT_Li3PS4/run_Allegro_FPS_150_DFT_Li3PS4/trainer.pth
Saved last model to to results/Allegro_FPS_150_DFT_Li3PS4/run_Allegro_FPS_150_DFT_Li3PS4/last_model.pth
EarlyStopping: 7 / 50

training
# Epoch batch         loss       loss_f       loss_e        f_mae       f_rmse     Li_f_mae      P_f_mae      S_f_mae  psavg_f_mae    Li_f_rmse     P_f_rmse     S_f_rmse psavg_f_rmse        e_mae      e/N_mae       e_rmse     e/N_rmse
    197    75      0.00573      0.00566     6.53e-05       0.0364       0.0492       0.0285       0.0663       0.0349       0.0432       0.0346       0.0859       0.0458       0.0555        0.676      0.00528        0.677      0.00529

validation
# Epoch batch         loss       loss_f       loss_e        f_mae       f_rmse     Li_f_mae      P_f_mae      S_f_mae  psavg_f_mae    Li_f_rmse     P_f_rmse     S_f_rmse psavg_f_rmse        e_mae      e/N_mae       e_rmse     e/N_rmse
    197   100      0.00513      0.00513     3.18e-06       0.0344       0.0469       0.0259       0.0653       0.0331       0.0414       0.0327       0.0831       0.0432        0.053        0.145      0.00114        0.149      0.00117
    197   160       0.0144       0.0144     9.25e-06       0.0533       0.0786       0.0368       0.0994       0.0541       0.0634       0.0456        0.131       0.0807       0.0857        0.209      0.00163        0.255      0.00199


  Train      #    Epoch      wal       LR       loss_f       loss_e         loss        f_mae       f_rmse     Li_f_mae      P_f_mae      S_f_mae  psavg_f_mae    Li_f_rmse     P_f_rmse     S_f_rmse psavg_f_rmse        e_mae      e/N_mae       e_rmse     e/N_rmse
! Train             197 1165.609    0.001      0.00832     6.36e-05      0.00838       0.0427       0.0597       0.0301       0.0781       0.0432       0.0505       0.0388        0.103       0.0579       0.0665        0.546      0.00427        0.668      0.00522
! Validation        197 1165.609    0.001       0.0077     3.18e-06       0.0077       0.0395       0.0574        0.028       0.0768       0.0388       0.0479       0.0367        0.103       0.0542       0.0646        0.122     0.000955        0.149      0.00117
Wall time: 1165.6098675759276
! Best model      197    0.008
Saved trainer to results/Allegro_FPS_150_DFT_Li3PS4/run_Allegro_FPS_150_DFT_Li3PS4/trainer.pth
Saved last model to to results/Allegro_FPS_150_DFT_Li3PS4/run_Allegro_FPS_150_DFT_Li3PS4/last_model.pth
EarlyStopping: 8 / 50

training
# Epoch batch         loss       loss_f       loss_e        f_mae       f_rmse     Li_f_mae      P_f_mae      S_f_mae  psavg_f_mae    Li_f_rmse     P_f_rmse     S_f_rmse psavg_f_rmse        e_mae      e/N_mae       e_rmse     e/N_rmse
    198    75      0.00559      0.00554     4.18e-05        0.036       0.0487       0.0282       0.0668       0.0342       0.0431       0.0345       0.0862       0.0447       0.0551         0.54      0.00422        0.541      0.00423

validation
# Epoch batch         loss       loss_f       loss_e        f_mae       f_rmse     Li_f_mae      P_f_mae      S_f_mae  psavg_f_mae    Li_f_rmse     P_f_rmse     S_f_rmse psavg_f_rmse        e_mae      e/N_mae       e_rmse     e/N_rmse
    198   100      0.00513      0.00513        3e-06       0.0344       0.0468       0.0259       0.0652       0.0331       0.0414       0.0327       0.0831       0.0432        0.053        0.141       0.0011        0.145      0.00113
    198   160       0.0144       0.0144     9.29e-06       0.0533       0.0785       0.0368       0.0994       0.0541       0.0634       0.0456        0.131       0.0806       0.0856         0.21      0.00164        0.255      0.00199


  Train      #    Epoch      wal       LR       loss_f       loss_e         loss        f_mae       f_rmse     Li_f_mae      P_f_mae      S_f_mae  psavg_f_mae    Li_f_rmse     P_f_rmse     S_f_rmse psavg_f_rmse        e_mae      e/N_mae       e_rmse     e/N_rmse
! Train             198 1171.388    0.001      0.00834     7.03e-05      0.00841       0.0427       0.0597       0.0301       0.0782       0.0434       0.0505       0.0388        0.103        0.058       0.0665        0.579      0.00452        0.702      0.00548
! Validation        198 1171.388    0.001      0.00769     3.12e-06      0.00769       0.0395       0.0574        0.028       0.0768       0.0388       0.0479       0.0367        0.103       0.0541       0.0645        0.121     0.000943        0.148      0.00116
Wall time: 1171.3888663959224
! Best model      198    0.008
Saved trainer to results/Allegro_FPS_150_DFT_Li3PS4/run_Allegro_FPS_150_DFT_Li3PS4/trainer.pth
Saved last model to to results/Allegro_FPS_150_DFT_Li3PS4/run_Allegro_FPS_150_DFT_Li3PS4/last_model.pth
EarlyStopping: 9 / 50

training
# Epoch batch         loss       loss_f       loss_e        f_mae       f_rmse     Li_f_mae      P_f_mae      S_f_mae  psavg_f_mae    Li_f_rmse     P_f_rmse     S_f_rmse psavg_f_rmse        e_mae      e/N_mae       e_rmse     e/N_rmse
    199    75       0.0052      0.00516      4.2e-05       0.0347        0.047       0.0282       0.0672       0.0315       0.0423       0.0348       0.0864       0.0406       0.0539         0.54      0.00422        0.543      0.00424

validation
# Epoch batch         loss       loss_f       loss_e        f_mae       f_rmse     Li_f_mae      P_f_mae      S_f_mae  psavg_f_mae    Li_f_rmse     P_f_rmse     S_f_rmse psavg_f_rmse        e_mae      e/N_mae       e_rmse     e/N_rmse
    199   100      0.00513      0.00513     3.12e-06       0.0344       0.0468        0.026       0.0652       0.0331       0.0414       0.0327        0.083       0.0431        0.053        0.144      0.00112        0.148      0.00116
    199   160       0.0143       0.0143      9.7e-06       0.0532       0.0783       0.0368       0.0992        0.054       0.0634       0.0456        0.131       0.0803       0.0855        0.214      0.00167        0.261      0.00204


  Train      #    Epoch      wal       LR       loss_f       loss_e         loss        f_mae       f_rmse     Li_f_mae      P_f_mae      S_f_mae  psavg_f_mae    Li_f_rmse     P_f_rmse     S_f_rmse psavg_f_rmse        e_mae      e/N_mae       e_rmse     e/N_rmse
! Train             199 1177.163    0.001      0.00846     8.29e-05      0.00854       0.0431       0.0602       0.0301       0.0784        0.044       0.0508       0.0388        0.103       0.0588       0.0669         0.62      0.00485        0.762      0.00596
! Validation        199 1177.163    0.001      0.00768     3.23e-06      0.00769       0.0395       0.0573        0.028       0.0768       0.0388       0.0478       0.0367        0.103       0.0541       0.0645        0.123      0.00096         0.15      0.00118
Wall time: 1177.1636154869338
! Best model      199    0.008
Saved trainer to results/Allegro_FPS_150_DFT_Li3PS4/run_Allegro_FPS_150_DFT_Li3PS4/trainer.pth
Saved last model to to results/Allegro_FPS_150_DFT_Li3PS4/run_Allegro_FPS_150_DFT_Li3PS4/last_model.pth
EarlyStopping: 10 / 50

training
# Epoch batch         loss       loss_f       loss_e        f_mae       f_rmse     Li_f_mae      P_f_mae      S_f_mae  psavg_f_mae    Li_f_rmse     P_f_rmse     S_f_rmse psavg_f_rmse        e_mae      e/N_mae       e_rmse     e/N_rmse
    200    75      0.00511      0.00507     3.86e-05       0.0343       0.0466       0.0279       0.0662       0.0311       0.0417       0.0342       0.0855       0.0405       0.0534         0.52      0.00406         0.52      0.00406

validation
# Epoch batch         loss       loss_f       loss_e        f_mae       f_rmse     Li_f_mae      P_f_mae      S_f_mae  psavg_f_mae    Li_f_rmse     P_f_rmse     S_f_rmse psavg_f_rmse        e_mae      e/N_mae       e_rmse     e/N_rmse
    200   100      0.00513      0.00513      3.2e-06       0.0344       0.0469        0.026       0.0652       0.0331       0.0414       0.0327       0.0831       0.0432        0.053        0.145      0.00113         0.15      0.00117
    200   160       0.0143       0.0143     9.92e-06       0.0532       0.0782       0.0368       0.0991        0.054       0.0633       0.0457         0.13         0.08       0.0854        0.217      0.00169        0.264      0.00206


  Train      #    Epoch      wal       LR       loss_f       loss_e         loss        f_mae       f_rmse     Li_f_mae      P_f_mae      S_f_mae  psavg_f_mae    Li_f_rmse     P_f_rmse     S_f_rmse psavg_f_rmse        e_mae      e/N_mae       e_rmse     e/N_rmse
! Train             200 1183.030    0.001      0.00845     7.98e-05      0.00853       0.0431       0.0601       0.0301       0.0782        0.044       0.0508       0.0388        0.103       0.0588       0.0668        0.605      0.00473        0.748      0.00584
! Validation        200 1183.030    0.001      0.00768     3.31e-06      0.00768       0.0395       0.0573        0.028       0.0767       0.0387       0.0478       0.0367        0.103       0.0541       0.0645        0.125     0.000975        0.152      0.00119
Wall time: 1183.0311361349886
! Best model      200    0.008
Saved trainer to results/Allegro_FPS_150_DFT_Li3PS4/run_Allegro_FPS_150_DFT_Li3PS4/trainer.pth
Saved last model to to results/Allegro_FPS_150_DFT_Li3PS4/run_Allegro_FPS_150_DFT_Li3PS4/last_model.pth
EarlyStopping: 11 / 50

training
# Epoch batch         loss       loss_f       loss_e        f_mae       f_rmse     Li_f_mae      P_f_mae      S_f_mae  psavg_f_mae    Li_f_rmse     P_f_rmse     S_f_rmse psavg_f_rmse        e_mae      e/N_mae       e_rmse     e/N_rmse
    201    75      0.00504        0.005     4.04e-05        0.034       0.0462       0.0277       0.0653       0.0309       0.0413       0.0339       0.0847       0.0403        0.053        0.532      0.00416        0.532      0.00416

validation
# Epoch batch         loss       loss_f       loss_e        f_mae       f_rmse     Li_f_mae      P_f_mae      S_f_mae  psavg_f_mae    Li_f_rmse     P_f_rmse     S_f_rmse psavg_f_rmse        e_mae      e/N_mae       e_rmse     e/N_rmse
    201   100      0.00513      0.00512     3.37e-06       0.0344       0.0468       0.0259       0.0651       0.0331       0.0414       0.0327       0.0829       0.0432       0.0529        0.149      0.00116        0.154       0.0012
    201   160       0.0142       0.0142     1.01e-05       0.0532        0.078       0.0369        0.099        0.054       0.0633       0.0457         0.13       0.0798       0.0853         0.22      0.00172        0.266      0.00208


  Train      #    Epoch      wal       LR       loss_f       loss_e         loss        f_mae       f_rmse     Li_f_mae      P_f_mae      S_f_mae  psavg_f_mae    Li_f_rmse     P_f_rmse     S_f_rmse psavg_f_rmse        e_mae      e/N_mae       e_rmse     e/N_rmse
! Train             201 1188.887    0.001      0.00831     6.67e-05      0.00838       0.0427       0.0596         0.03       0.0778       0.0435       0.0504       0.0387        0.102       0.0581       0.0663        0.551      0.00431        0.684      0.00534
! Validation        201 1188.887    0.001      0.00767      3.4e-06      0.00767       0.0394       0.0573        0.028       0.0767       0.0387       0.0478       0.0367        0.103        0.054       0.0645        0.127      0.00099        0.154      0.00121
Wall time: 1188.8876339619746
! Best model      201    0.008
Saved trainer to results/Allegro_FPS_150_DFT_Li3PS4/run_Allegro_FPS_150_DFT_Li3PS4/trainer.pth
Saved last model to to results/Allegro_FPS_150_DFT_Li3PS4/run_Allegro_FPS_150_DFT_Li3PS4/last_model.pth
EarlyStopping: 12 / 50

training
# Epoch batch         loss       loss_f       loss_e        f_mae       f_rmse     Li_f_mae      P_f_mae      S_f_mae  psavg_f_mae    Li_f_rmse     P_f_rmse     S_f_rmse psavg_f_rmse        e_mae      e/N_mae       e_rmse     e/N_rmse
    202    75      0.00504        0.005     4.02e-05        0.034       0.0463       0.0277       0.0652        0.031       0.0413       0.0338       0.0846       0.0404       0.0529        0.531      0.00415        0.531      0.00415

validation
# Epoch batch         loss       loss_f       loss_e        f_mae       f_rmse     Li_f_mae      P_f_mae      S_f_mae  psavg_f_mae    Li_f_rmse     P_f_rmse     S_f_rmse psavg_f_rmse        e_mae      e/N_mae       e_rmse     e/N_rmse
    202   100      0.00512      0.00511     3.36e-06       0.0344       0.0468       0.0259        0.065       0.0331       0.0413       0.0327       0.0828       0.0431       0.0529        0.149      0.00116        0.154       0.0012
    202   160       0.0142       0.0142     9.84e-06       0.0532        0.078       0.0369        0.099        0.054       0.0633       0.0457         0.13       0.0798       0.0852        0.218       0.0017        0.263      0.00205


  Train      #    Epoch      wal       LR       loss_f       loss_e         loss        f_mae       f_rmse     Li_f_mae      P_f_mae      S_f_mae  psavg_f_mae    Li_f_rmse     P_f_rmse     S_f_rmse psavg_f_rmse        e_mae      e/N_mae       e_rmse     e/N_rmse
! Train             202 1194.656    0.001      0.00824     5.98e-05       0.0083       0.0426       0.0594         0.03       0.0775       0.0433       0.0502       0.0386        0.102       0.0578       0.0661        0.526      0.00411        0.648      0.00506
! Validation        202 1194.656    0.001      0.00767     3.38e-06      0.00767       0.0394       0.0573        0.028       0.0767       0.0387       0.0478       0.0367        0.103        0.054       0.0645        0.127     0.000989        0.154       0.0012
Wall time: 1194.6571494429372
! Best model      202    0.008
Saved trainer to results/Allegro_FPS_150_DFT_Li3PS4/run_Allegro_FPS_150_DFT_Li3PS4/trainer.pth
Saved last model to to results/Allegro_FPS_150_DFT_Li3PS4/run_Allegro_FPS_150_DFT_Li3PS4/last_model.pth
EarlyStopping: 13 / 50

training
# Epoch batch         loss       loss_f       loss_e        f_mae       f_rmse     Li_f_mae      P_f_mae      S_f_mae  psavg_f_mae    Li_f_rmse     P_f_rmse     S_f_rmse psavg_f_rmse        e_mae      e/N_mae       e_rmse     e/N_rmse
    203    75      0.00504        0.005     4.08e-05        0.034       0.0463       0.0277       0.0651        0.031       0.0412       0.0338       0.0846       0.0405       0.0529        0.535      0.00418        0.535      0.00418

validation
# Epoch batch         loss       loss_f       loss_e        f_mae       f_rmse     Li_f_mae      P_f_mae      S_f_mae  psavg_f_mae    Li_f_rmse     P_f_rmse     S_f_rmse psavg_f_rmse        e_mae      e/N_mae       e_rmse     e/N_rmse
    203   100      0.00511       0.0051     3.39e-06       0.0343       0.0467       0.0259        0.065        0.033       0.0413       0.0327       0.0827       0.0431       0.0528        0.149      0.00117        0.154       0.0012
    203   160       0.0142       0.0142     9.87e-06       0.0532       0.0779       0.0369       0.0989       0.0539       0.0633       0.0457         0.13       0.0797       0.0852        0.218      0.00171        0.263      0.00206


  Train      #    Epoch      wal       LR       loss_f       loss_e         loss        f_mae       f_rmse     Li_f_mae      P_f_mae      S_f_mae  psavg_f_mae    Li_f_rmse     P_f_rmse     S_f_rmse psavg_f_rmse        e_mae      e/N_mae       e_rmse     e/N_rmse
! Train             203 1200.430    0.001       0.0082     5.61e-05      0.00825       0.0425       0.0592       0.0299       0.0773       0.0431       0.0501       0.0386        0.102       0.0576       0.0659        0.511        0.004        0.627       0.0049
! Validation        203 1200.430    0.001      0.00766     3.38e-06      0.00767       0.0394       0.0573        0.028       0.0767       0.0387       0.0478       0.0367        0.103        0.054       0.0644        0.127      0.00099        0.154       0.0012
Wall time: 1200.4308680269169
! Best model      203    0.008
Saved trainer to results/Allegro_FPS_150_DFT_Li3PS4/run_Allegro_FPS_150_DFT_Li3PS4/trainer.pth
Saved last model to to results/Allegro_FPS_150_DFT_Li3PS4/run_Allegro_FPS_150_DFT_Li3PS4/last_model.pth
EarlyStopping: 14 / 50

training
# Epoch batch         loss       loss_f       loss_e        f_mae       f_rmse     Li_f_mae      P_f_mae      S_f_mae  psavg_f_mae    Li_f_rmse     P_f_rmse     S_f_rmse psavg_f_rmse        e_mae      e/N_mae       e_rmse     e/N_rmse
    204    75      0.00508      0.00504     4.14e-05       0.0341       0.0464       0.0277       0.0652       0.0312       0.0414       0.0338       0.0846       0.0408       0.0531        0.539      0.00421        0.539      0.00421

validation
# Epoch batch         loss       loss_f       loss_e        f_mae       f_rmse     Li_f_mae      P_f_mae      S_f_mae  psavg_f_mae    Li_f_rmse     P_f_rmse     S_f_rmse psavg_f_rmse        e_mae      e/N_mae       e_rmse     e/N_rmse
    204   100       0.0051      0.00509      3.4e-06       0.0343       0.0467       0.0259       0.0649        0.033       0.0413       0.0326       0.0826       0.0431       0.0528        0.149      0.00117        0.154      0.00121
    204   160       0.0142       0.0142     9.92e-06       0.0532       0.0779       0.0369       0.0989       0.0539       0.0632       0.0457         0.13       0.0797       0.0851        0.219      0.00171        0.264      0.00206


  Train      #    Epoch      wal       LR       loss_f       loss_e         loss        f_mae       f_rmse     Li_f_mae      P_f_mae      S_f_mae  psavg_f_mae    Li_f_rmse     P_f_rmse     S_f_rmse psavg_f_rmse        e_mae      e/N_mae       e_rmse     e/N_rmse
! Train             204 1206.228    0.001      0.00815     5.45e-05       0.0082       0.0423       0.0591       0.0299       0.0772       0.0429         0.05       0.0385        0.102       0.0573       0.0658        0.503      0.00393        0.618      0.00483
! Validation        204 1206.228    0.001      0.00766     3.38e-06      0.00766       0.0394       0.0572        0.028       0.0767       0.0386       0.0478       0.0366        0.103        0.054       0.0644        0.127     0.000989        0.154       0.0012
Wall time: 1206.2288304169197
! Best model      204    0.008
Saved trainer to results/Allegro_FPS_150_DFT_Li3PS4/run_Allegro_FPS_150_DFT_Li3PS4/trainer.pth
Saved last model to to results/Allegro_FPS_150_DFT_Li3PS4/run_Allegro_FPS_150_DFT_Li3PS4/last_model.pth
EarlyStopping: 15 / 50

training
# Epoch batch         loss       loss_f       loss_e        f_mae       f_rmse     Li_f_mae      P_f_mae      S_f_mae  psavg_f_mae    Li_f_rmse     P_f_rmse     S_f_rmse psavg_f_rmse        e_mae      e/N_mae       e_rmse     e/N_rmse
    205    75      0.00509      0.00504     4.86e-05       0.0341       0.0465       0.0276       0.0652       0.0312       0.0414       0.0338       0.0846       0.0409       0.0531        0.584      0.00456        0.584      0.00456

validation
# Epoch batch         loss       loss_f       loss_e        f_mae       f_rmse     Li_f_mae      P_f_mae      S_f_mae  psavg_f_mae    Li_f_rmse     P_f_rmse     S_f_rmse psavg_f_rmse        e_mae      e/N_mae       e_rmse     e/N_rmse
    205   100      0.00509      0.00508     3.44e-06       0.0343       0.0466       0.0258       0.0648        0.033       0.0412       0.0326       0.0825        0.043       0.0527         0.15      0.00117        0.155      0.00121
    205   160       0.0142       0.0142        1e-05       0.0531       0.0779       0.0369       0.0989       0.0539       0.0632       0.0457         0.13       0.0798       0.0851         0.22      0.00172        0.265      0.00207


  Train      #    Epoch      wal       LR       loss_f       loss_e         loss        f_mae       f_rmse     Li_f_mae      P_f_mae      S_f_mae  psavg_f_mae    Li_f_rmse     P_f_rmse     S_f_rmse psavg_f_rmse        e_mae      e/N_mae       e_rmse     e/N_rmse
! Train             205 1212.213    0.001      0.00812     5.23e-05      0.00817       0.0423        0.059       0.0299       0.0771       0.0429       0.0499       0.0385        0.101       0.0572       0.0657        0.495      0.00387        0.605      0.00473
! Validation        205 1212.213    0.001      0.00765      3.4e-06      0.00766       0.0394       0.0572        0.028       0.0767       0.0386       0.0477       0.0366        0.103        0.054       0.0644        0.127     0.000993        0.154      0.00121
Wall time: 1212.214268786949
! Best model      205    0.008
Saved trainer to results/Allegro_FPS_150_DFT_Li3PS4/run_Allegro_FPS_150_DFT_Li3PS4/trainer.pth
Saved last model to to results/Allegro_FPS_150_DFT_Li3PS4/run_Allegro_FPS_150_DFT_Li3PS4/last_model.pth
EarlyStopping: 16 / 50

training
# Epoch batch         loss       loss_f       loss_e        f_mae       f_rmse     Li_f_mae      P_f_mae      S_f_mae  psavg_f_mae    Li_f_rmse     P_f_rmse     S_f_rmse psavg_f_rmse        e_mae      e/N_mae       e_rmse     e/N_rmse
    206    75      0.00508      0.00503     4.49e-05       0.0341       0.0464       0.0276       0.0651       0.0312       0.0413       0.0337       0.0845       0.0409        0.053        0.561      0.00438        0.561      0.00439

validation
# Epoch batch         loss       loss_f       loss_e        f_mae       f_rmse     Li_f_mae      P_f_mae      S_f_mae  psavg_f_mae    Li_f_rmse     P_f_rmse     S_f_rmse psavg_f_rmse        e_mae      e/N_mae       e_rmse     e/N_rmse
    206   100      0.00508      0.00508      3.2e-06       0.0343       0.0466       0.0258       0.0648       0.0329       0.0412       0.0326       0.0824        0.043       0.0527        0.146      0.00114         0.15      0.00117
    206   160       0.0142       0.0142     9.89e-06       0.0531       0.0779       0.0369       0.0989       0.0539       0.0632       0.0457         0.13       0.0798       0.0851        0.219      0.00171        0.263      0.00206


  Train      #    Epoch      wal       LR       loss_f       loss_e         loss        f_mae       f_rmse     Li_f_mae      P_f_mae      S_f_mae  psavg_f_mae    Li_f_rmse     P_f_rmse     S_f_rmse psavg_f_rmse        e_mae      e/N_mae       e_rmse     e/N_rmse
! Train             206 1218.144    0.001      0.00808     5.24e-05      0.00813       0.0422       0.0588       0.0298        0.077       0.0427       0.0498       0.0384        0.101        0.057       0.0655        0.496      0.00388        0.606      0.00473
! Validation        206 1218.144    0.001      0.00765     3.27e-06      0.00765       0.0394       0.0572       0.0279       0.0766       0.0386       0.0477       0.0366        0.103       0.0539       0.0644        0.124      0.00097        0.151      0.00118
Wall time: 1218.1451518039685
! Best model      206    0.008
Saved trainer to results/Allegro_FPS_150_DFT_Li3PS4/run_Allegro_FPS_150_DFT_Li3PS4/trainer.pth
Saved last model to to results/Allegro_FPS_150_DFT_Li3PS4/run_Allegro_FPS_150_DFT_Li3PS4/last_model.pth

training
# Epoch batch         loss       loss_f       loss_e        f_mae       f_rmse     Li_f_mae      P_f_mae      S_f_mae  psavg_f_mae    Li_f_rmse     P_f_rmse     S_f_rmse psavg_f_rmse        e_mae      e/N_mae       e_rmse     e/N_rmse
    207    75      0.00507      0.00502     5.13e-05        0.034       0.0464       0.0276       0.0652       0.0311       0.0413       0.0337       0.0846       0.0407        0.053          0.6      0.00469          0.6      0.00469

validation
# Epoch batch         loss       loss_f       loss_e        f_mae       f_rmse     Li_f_mae      P_f_mae      S_f_mae  psavg_f_mae    Li_f_rmse     P_f_rmse     S_f_rmse psavg_f_rmse        e_mae      e/N_mae       e_rmse     e/N_rmse
    207   100      0.00507      0.00507     3.34e-06       0.0342       0.0466       0.0258       0.0647       0.0329       0.0412       0.0326       0.0824        0.043       0.0526        0.148      0.00116        0.153       0.0012
    207   160       0.0142       0.0142     9.97e-06       0.0531        0.078       0.0368       0.0989       0.0539       0.0632       0.0457         0.13       0.0799       0.0851        0.219      0.00171        0.264      0.00207


  Train      #    Epoch      wal       LR       loss_f       loss_e         loss        f_mae       f_rmse     Li_f_mae      P_f_mae      S_f_mae  psavg_f_mae    Li_f_rmse     P_f_rmse     S_f_rmse psavg_f_rmse        e_mae      e/N_mae       e_rmse     e/N_rmse
! Train             207 1223.954    0.001      0.00803     5.14e-05      0.00808        0.042       0.0586       0.0298       0.0769       0.0425       0.0497       0.0384        0.101       0.0567       0.0654        0.491      0.00384          0.6      0.00469
! Validation        207 1223.954    0.001      0.00765     3.33e-06      0.00765       0.0393       0.0572       0.0279       0.0766       0.0386       0.0477       0.0366        0.103       0.0539       0.0644        0.126     0.000981        0.153      0.00119
Wall time: 1223.9544900279725
! Best model      207    0.008
Saved trainer to results/Allegro_FPS_150_DFT_Li3PS4/run_Allegro_FPS_150_DFT_Li3PS4/trainer.pth
Saved last model to to results/Allegro_FPS_150_DFT_Li3PS4/run_Allegro_FPS_150_DFT_Li3PS4/last_model.pth
EarlyStopping: 1 / 50

training
# Epoch batch         loss       loss_f       loss_e        f_mae       f_rmse     Li_f_mae      P_f_mae      S_f_mae  psavg_f_mae    Li_f_rmse     P_f_rmse     S_f_rmse psavg_f_rmse        e_mae      e/N_mae       e_rmse     e/N_rmse
    208    75      0.00505      0.00499     5.06e-05       0.0339       0.0462       0.0275        0.065        0.031       0.0412       0.0336       0.0845       0.0405       0.0529        0.596      0.00465        0.596      0.00465

validation
# Epoch batch         loss       loss_f       loss_e        f_mae       f_rmse     Li_f_mae      P_f_mae      S_f_mae  psavg_f_mae    Li_f_rmse     P_f_rmse     S_f_rmse psavg_f_rmse        e_mae      e/N_mae       e_rmse     e/N_rmse
    208   100      0.00506      0.00506     3.33e-06       0.0342       0.0465       0.0258       0.0647       0.0329       0.0411       0.0325       0.0823       0.0429       0.0526        0.148      0.00116        0.153      0.00119
    208   160       0.0142       0.0142        1e-05       0.0531        0.078       0.0369       0.0988       0.0538       0.0632       0.0457         0.13       0.0799       0.0851         0.22      0.00172        0.265      0.00207


  Train      #    Epoch      wal       LR       loss_f       loss_e         loss        f_mae       f_rmse     Li_f_mae      P_f_mae      S_f_mae  psavg_f_mae    Li_f_rmse     P_f_rmse     S_f_rmse psavg_f_rmse        e_mae      e/N_mae       e_rmse     e/N_rmse
! Train             208 1229.862    0.001      0.00802     5.14e-05      0.00807        0.042       0.0586       0.0298       0.0767       0.0425       0.0497       0.0383        0.101       0.0568       0.0653        0.492      0.00384          0.6      0.00469
! Validation        208 1229.862    0.001      0.00764     3.33e-06      0.00764       0.0393       0.0572       0.0279       0.0766       0.0386       0.0477       0.0366        0.103       0.0539       0.0644        0.125      0.00098        0.153      0.00119
Wall time: 1229.8633167519001
! Best model      208    0.008
Saved trainer to results/Allegro_FPS_150_DFT_Li3PS4/run_Allegro_FPS_150_DFT_Li3PS4/trainer.pth
Saved last model to to results/Allegro_FPS_150_DFT_Li3PS4/run_Allegro_FPS_150_DFT_Li3PS4/last_model.pth
EarlyStopping: 2 / 50

training
# Epoch batch         loss       loss_f       loss_e        f_mae       f_rmse     Li_f_mae      P_f_mae      S_f_mae  psavg_f_mae    Li_f_rmse     P_f_rmse     S_f_rmse psavg_f_rmse        e_mae      e/N_mae       e_rmse     e/N_rmse
    209    75      0.00505        0.005     5.13e-05       0.0339       0.0462       0.0275        0.065        0.031       0.0412       0.0336       0.0845       0.0405       0.0529          0.6      0.00468          0.6      0.00469

validation
# Epoch batch         loss       loss_f       loss_e        f_mae       f_rmse     Li_f_mae      P_f_mae      S_f_mae  psavg_f_mae    Li_f_rmse     P_f_rmse     S_f_rmse psavg_f_rmse        e_mae      e/N_mae       e_rmse     e/N_rmse
    209   100      0.00506      0.00506     3.12e-06       0.0342       0.0465       0.0258       0.0647       0.0329       0.0411       0.0325       0.0823       0.0429       0.0526        0.144      0.00112        0.148      0.00115
    209   160       0.0142       0.0142     9.88e-06       0.0531       0.0779       0.0368       0.0989       0.0538       0.0632       0.0457         0.13       0.0799       0.0851         0.22      0.00171        0.263      0.00206


  Train      #    Epoch      wal       LR       loss_f       loss_e         loss        f_mae       f_rmse     Li_f_mae      P_f_mae      S_f_mae  psavg_f_mae    Li_f_rmse     P_f_rmse     S_f_rmse psavg_f_rmse        e_mae      e/N_mae       e_rmse     e/N_rmse
! Train             209 1235.825    0.001        0.008     5.05e-05      0.00805        0.042       0.0585       0.0297       0.0766       0.0424       0.0496       0.0383        0.101       0.0566       0.0652        0.487       0.0038        0.595      0.00465
! Validation        209 1235.825    0.001      0.00764     3.19e-06      0.00764       0.0393       0.0572       0.0279       0.0766       0.0385       0.0477       0.0366        0.103       0.0539       0.0643        0.123     0.000957         0.15      0.00117
Wall time: 1235.8258289959049
! Best model      209    0.008
Saved trainer to results/Allegro_FPS_150_DFT_Li3PS4/run_Allegro_FPS_150_DFT_Li3PS4/trainer.pth
Saved last model to to results/Allegro_FPS_150_DFT_Li3PS4/run_Allegro_FPS_150_DFT_Li3PS4/last_model.pth
EarlyStopping: 3 / 50

training
# Epoch batch         loss       loss_f       loss_e        f_mae       f_rmse     Li_f_mae      P_f_mae      S_f_mae  psavg_f_mae    Li_f_rmse     P_f_rmse     S_f_rmse psavg_f_rmse        e_mae      e/N_mae       e_rmse     e/N_rmse
    210    75      0.00501      0.00496     5.16e-05       0.0338       0.0461       0.0274        0.065       0.0308       0.0411       0.0335       0.0844       0.0402       0.0527        0.602       0.0047        0.602       0.0047

validation
# Epoch batch         loss       loss_f       loss_e        f_mae       f_rmse     Li_f_mae      P_f_mae      S_f_mae  psavg_f_mae    Li_f_rmse     P_f_rmse     S_f_rmse psavg_f_rmse        e_mae      e/N_mae       e_rmse     e/N_rmse
    210   100      0.00505      0.00505     3.18e-06       0.0342       0.0465       0.0257       0.0646       0.0329       0.0411       0.0325       0.0822       0.0429       0.0525        0.145      0.00113        0.149      0.00117
    210   160       0.0142       0.0142     1.01e-05       0.0531       0.0779       0.0368       0.0989       0.0538       0.0632       0.0457         0.13       0.0799       0.0851        0.221      0.00172        0.266      0.00208


  Train      #    Epoch      wal       LR       loss_f       loss_e         loss        f_mae       f_rmse     Li_f_mae      P_f_mae      S_f_mae  psavg_f_mae    Li_f_rmse     P_f_rmse     S_f_rmse psavg_f_rmse        e_mae      e/N_mae       e_rmse     e/N_rmse
! Train             210 1241.847    0.001      0.00797     5.02e-05      0.00802       0.0419       0.0584       0.0297       0.0765       0.0424       0.0495       0.0383        0.101       0.0565       0.0651        0.486      0.00379        0.593      0.00463
! Validation        210 1241.847    0.001      0.00763     3.24e-06      0.00764       0.0393       0.0572       0.0279       0.0766       0.0385       0.0477       0.0366        0.103       0.0539       0.0643        0.123     0.000964        0.151      0.00118
Wall time: 1241.8478552219458
! Best model      210    0.008
Saved trainer to results/Allegro_FPS_150_DFT_Li3PS4/run_Allegro_FPS_150_DFT_Li3PS4/trainer.pth
Saved last model to to results/Allegro_FPS_150_DFT_Li3PS4/run_Allegro_FPS_150_DFT_Li3PS4/last_model.pth
EarlyStopping: 4 / 50

training
# Epoch batch         loss       loss_f       loss_e        f_mae       f_rmse     Li_f_mae      P_f_mae      S_f_mae  psavg_f_mae    Li_f_rmse     P_f_rmse     S_f_rmse psavg_f_rmse        e_mae      e/N_mae       e_rmse     e/N_rmse
    211    75      0.00502      0.00496     5.31e-05       0.0338       0.0461       0.0274       0.0651       0.0309       0.0411       0.0335       0.0845       0.0402       0.0528         0.61      0.00477         0.61      0.00477

validation
# Epoch batch         loss       loss_f       loss_e        f_mae       f_rmse     Li_f_mae      P_f_mae      S_f_mae  psavg_f_mae    Li_f_rmse     P_f_rmse     S_f_rmse psavg_f_rmse        e_mae      e/N_mae       e_rmse     e/N_rmse
    211   100      0.00504      0.00504     3.26e-06       0.0341       0.0464       0.0257       0.0645       0.0329        0.041       0.0325       0.0821       0.0429       0.0525        0.146      0.00114        0.151      0.00118
    211   160       0.0142       0.0142     1.02e-05        0.053       0.0779       0.0368       0.0988       0.0538       0.0631       0.0457         0.13       0.0799        0.085        0.221      0.00173        0.267      0.00209


  Train      #    Epoch      wal       LR       loss_f       loss_e         loss        f_mae       f_rmse     Li_f_mae      P_f_mae      S_f_mae  psavg_f_mae    Li_f_rmse     P_f_rmse     S_f_rmse psavg_f_rmse        e_mae      e/N_mae       e_rmse     e/N_rmse
! Train             211 1247.836    0.001      0.00796     5.07e-05      0.00801       0.0419       0.0583       0.0297       0.0764       0.0423       0.0495       0.0382          0.1       0.0565       0.0651        0.487       0.0038        0.596      0.00466
! Validation        211 1247.836    0.001      0.00763     3.29e-06      0.00763       0.0393       0.0571       0.0279       0.0765       0.0385       0.0476       0.0365        0.103       0.0538       0.0643        0.124     0.000972        0.152      0.00119
Wall time: 1247.8365916159237
! Best model      211    0.008
Saved trainer to results/Allegro_FPS_150_DFT_Li3PS4/run_Allegro_FPS_150_DFT_Li3PS4/trainer.pth
Saved last model to to results/Allegro_FPS_150_DFT_Li3PS4/run_Allegro_FPS_150_DFT_Li3PS4/last_model.pth
EarlyStopping: 5 / 50

training
# Epoch batch         loss       loss_f       loss_e        f_mae       f_rmse     Li_f_mae      P_f_mae      S_f_mae  psavg_f_mae    Li_f_rmse     P_f_rmse     S_f_rmse psavg_f_rmse        e_mae      e/N_mae       e_rmse     e/N_rmse
    212    75      0.00499      0.00494     4.76e-05       0.0338        0.046       0.0274       0.0649       0.0308        0.041       0.0335       0.0843       0.0401       0.0526        0.577      0.00451        0.578      0.00451

validation
# Epoch batch         loss       loss_f       loss_e        f_mae       f_rmse     Li_f_mae      P_f_mae      S_f_mae  psavg_f_mae    Li_f_rmse     P_f_rmse     S_f_rmse psavg_f_rmse        e_mae      e/N_mae       e_rmse     e/N_rmse
    212   100      0.00504      0.00504     3.29e-06       0.0341       0.0464       0.0257       0.0645       0.0328        0.041       0.0324       0.0821       0.0428       0.0525        0.147      0.00115        0.152      0.00119
    212   160       0.0142       0.0142     1.03e-05        0.053       0.0779       0.0368       0.0988       0.0538       0.0631       0.0457         0.13       0.0799        0.085        0.222      0.00174        0.269       0.0021


  Train      #    Epoch      wal       LR       loss_f       loss_e         loss        f_mae       f_rmse     Li_f_mae      P_f_mae      S_f_mae  psavg_f_mae    Li_f_rmse     P_f_rmse     S_f_rmse psavg_f_rmse        e_mae      e/N_mae       e_rmse     e/N_rmse
! Train             212 1253.773    0.001      0.00793     4.86e-05      0.00798       0.0418       0.0583       0.0297       0.0763       0.0423       0.0494       0.0382          0.1       0.0564        0.065         0.48      0.00375        0.584      0.00456
! Validation        212 1253.773    0.001      0.00763     3.31e-06      0.00763       0.0393       0.0571       0.0279       0.0765       0.0385       0.0476       0.0365        0.103       0.0538       0.0643        0.125     0.000975        0.152      0.00119
Wall time: 1253.7739019439323
! Best model      212    0.008
Saved trainer to results/Allegro_FPS_150_DFT_Li3PS4/run_Allegro_FPS_150_DFT_Li3PS4/trainer.pth
Saved last model to to results/Allegro_FPS_150_DFT_Li3PS4/run_Allegro_FPS_150_DFT_Li3PS4/last_model.pth
EarlyStopping: 6 / 50

training
# Epoch batch         loss       loss_f       loss_e        f_mae       f_rmse     Li_f_mae      P_f_mae      S_f_mae  psavg_f_mae    Li_f_rmse     P_f_rmse     S_f_rmse psavg_f_rmse        e_mae      e/N_mae       e_rmse     e/N_rmse
    213    75      0.00497      0.00492     4.88e-05       0.0337       0.0459       0.0273       0.0649       0.0308        0.041       0.0334       0.0842       0.0401       0.0526        0.585      0.00457        0.585      0.00457

validation
# Epoch batch         loss       loss_f       loss_e        f_mae       f_rmse     Li_f_mae      P_f_mae      S_f_mae  psavg_f_mae    Li_f_rmse     P_f_rmse     S_f_rmse psavg_f_rmse        e_mae      e/N_mae       e_rmse     e/N_rmse
    213   100      0.00503      0.00503      3.2e-06       0.0341       0.0464       0.0257       0.0645       0.0328        0.041       0.0324        0.082       0.0428       0.0524        0.145      0.00113         0.15      0.00117
    213   160       0.0142       0.0142     1.04e-05        0.053       0.0779       0.0368       0.0988       0.0538       0.0631       0.0457         0.13       0.0799        0.085        0.223      0.00174         0.27      0.00211


  Train      #    Epoch      wal       LR       loss_f       loss_e         loss        f_mae       f_rmse     Li_f_mae      P_f_mae      S_f_mae  psavg_f_mae    Li_f_rmse     P_f_rmse     S_f_rmse psavg_f_rmse        e_mae      e/N_mae       e_rmse     e/N_rmse
! Train             213 1259.682    0.001       0.0079     4.85e-05      0.00795       0.0417       0.0581       0.0296       0.0762       0.0421       0.0493       0.0382          0.1       0.0562       0.0648        0.477      0.00372        0.583      0.00456
! Validation        213 1259.682    0.001      0.00762     3.26e-06      0.00763       0.0393       0.0571       0.0279       0.0765       0.0385       0.0476       0.0365        0.103       0.0538       0.0643        0.124     0.000967        0.151      0.00118
Wall time: 1259.68326589989
! Best model      213    0.008
Saved trainer to results/Allegro_FPS_150_DFT_Li3PS4/run_Allegro_FPS_150_DFT_Li3PS4/trainer.pth
Saved last model to to results/Allegro_FPS_150_DFT_Li3PS4/run_Allegro_FPS_150_DFT_Li3PS4/last_model.pth
EarlyStopping: 7 / 50

training
# Epoch batch         loss       loss_f       loss_e        f_mae       f_rmse     Li_f_mae      P_f_mae      S_f_mae  psavg_f_mae    Li_f_rmse     P_f_rmse     S_f_rmse psavg_f_rmse        e_mae      e/N_mae       e_rmse     e/N_rmse
    214    75      0.00497      0.00492     4.87e-05       0.0337       0.0459       0.0273       0.0648       0.0308        0.041       0.0333       0.0841       0.0401       0.0525        0.584      0.00456        0.584      0.00457

validation
# Epoch batch         loss       loss_f       loss_e        f_mae       f_rmse     Li_f_mae      P_f_mae      S_f_mae  psavg_f_mae    Li_f_rmse     P_f_rmse     S_f_rmse psavg_f_rmse        e_mae      e/N_mae       e_rmse     e/N_rmse
    214   100      0.00502      0.00502     3.19e-06       0.0341       0.0464       0.0257       0.0644       0.0328        0.041       0.0324        0.082       0.0428       0.0524        0.145      0.00113         0.15      0.00117
    214   160       0.0142       0.0142     1.05e-05        0.053       0.0779       0.0367       0.0988       0.0537       0.0631       0.0457        0.129       0.0799        0.085        0.224      0.00175        0.271      0.00212


  Train      #    Epoch      wal       LR       loss_f       loss_e         loss        f_mae       f_rmse     Li_f_mae      P_f_mae      S_f_mae  psavg_f_mae    Li_f_rmse     P_f_rmse     S_f_rmse psavg_f_rmse        e_mae      e/N_mae       e_rmse     e/N_rmse
! Train             214 1265.823    0.001      0.00789     4.84e-05      0.00794       0.0417       0.0581       0.0296       0.0761       0.0422       0.0493       0.0382          0.1       0.0562       0.0648        0.476      0.00372        0.583      0.00455
! Validation        214 1265.823    0.001      0.00762     3.25e-06      0.00762       0.0392       0.0571       0.0279       0.0765       0.0385       0.0476       0.0365        0.103       0.0538       0.0643        0.123     0.000964        0.151      0.00118
Wall time: 1265.8241745339474
! Best model      214    0.008
Saved trainer to results/Allegro_FPS_150_DFT_Li3PS4/run_Allegro_FPS_150_DFT_Li3PS4/trainer.pth
Saved last model to to results/Allegro_FPS_150_DFT_Li3PS4/run_Allegro_FPS_150_DFT_Li3PS4/last_model.pth
EarlyStopping: 8 / 50

training
# Epoch batch         loss       loss_f       loss_e        f_mae       f_rmse     Li_f_mae      P_f_mae      S_f_mae  psavg_f_mae    Li_f_rmse     P_f_rmse     S_f_rmse psavg_f_rmse        e_mae      e/N_mae       e_rmse     e/N_rmse
    215    75      0.00496       0.0049     5.44e-05       0.0337       0.0458       0.0272       0.0647       0.0307       0.0409       0.0333        0.084         0.04       0.0524        0.617      0.00482        0.618      0.00482

validation
# Epoch batch         loss       loss_f       loss_e        f_mae       f_rmse     Li_f_mae      P_f_mae      S_f_mae  psavg_f_mae    Li_f_rmse     P_f_rmse     S_f_rmse psavg_f_rmse        e_mae      e/N_mae       e_rmse     e/N_rmse
    215   100      0.00502      0.00501     3.29e-06       0.0341       0.0463       0.0256       0.0644       0.0328       0.0409       0.0323       0.0819       0.0428       0.0523        0.147      0.00115        0.152      0.00119
    215   160       0.0142       0.0142     1.05e-05        0.053       0.0779       0.0367       0.0988       0.0537       0.0631       0.0457        0.129       0.0799        0.085        0.224      0.00175        0.272      0.00212


  Train      #    Epoch      wal       LR       loss_f       loss_e         loss        f_mae       f_rmse     Li_f_mae      P_f_mae      S_f_mae  psavg_f_mae    Li_f_rmse     P_f_rmse     S_f_rmse psavg_f_rmse        e_mae      e/N_mae       e_rmse     e/N_rmse
! Train             215 1271.725    0.001      0.00786     4.85e-05      0.00791       0.0416        0.058       0.0296       0.0759       0.0421       0.0492       0.0381       0.0998       0.0561       0.0647        0.476      0.00372        0.583      0.00455
! Validation        215 1271.725    0.001      0.00762      3.3e-06      0.00762       0.0392       0.0571       0.0279       0.0765       0.0385       0.0476       0.0365        0.103       0.0538       0.0643        0.124     0.000972        0.152      0.00119
Wall time: 1271.725942042889
! Best model      215    0.008
Saved trainer to results/Allegro_FPS_150_DFT_Li3PS4/run_Allegro_FPS_150_DFT_Li3PS4/trainer.pth
Saved last model to to results/Allegro_FPS_150_DFT_Li3PS4/run_Allegro_FPS_150_DFT_Li3PS4/last_model.pth
EarlyStopping: 9 / 50

training
# Epoch batch         loss       loss_f       loss_e        f_mae       f_rmse     Li_f_mae      P_f_mae      S_f_mae  psavg_f_mae    Li_f_rmse     P_f_rmse     S_f_rmse psavg_f_rmse        e_mae      e/N_mae       e_rmse     e/N_rmse
    216    75      0.00496       0.0049     5.65e-05       0.0337       0.0458       0.0272       0.0647       0.0308       0.0409       0.0333       0.0839       0.0401       0.0524        0.629      0.00491        0.629      0.00492

validation
# Epoch batch         loss       loss_f       loss_e        f_mae       f_rmse     Li_f_mae      P_f_mae      S_f_mae  psavg_f_mae    Li_f_rmse     P_f_rmse     S_f_rmse psavg_f_rmse        e_mae      e/N_mae       e_rmse     e/N_rmse
    216   100      0.00501      0.00501     3.26e-06        0.034       0.0463       0.0256       0.0643       0.0328       0.0409       0.0323       0.0818       0.0427       0.0523        0.146      0.00114        0.151      0.00118
    216   160       0.0142       0.0142     1.06e-05        0.053       0.0779       0.0367       0.0988       0.0537       0.0631       0.0457        0.129       0.0799        0.085        0.225      0.00176        0.272      0.00213


  Train      #    Epoch      wal       LR       loss_f       loss_e         loss        f_mae       f_rmse     Li_f_mae      P_f_mae      S_f_mae  psavg_f_mae    Li_f_rmse     P_f_rmse     S_f_rmse psavg_f_rmse        e_mae      e/N_mae       e_rmse     e/N_rmse
! Train             216 1277.647    0.001      0.00783     4.85e-05      0.00788       0.0416       0.0579       0.0296       0.0758        0.042       0.0491       0.0381       0.0997        0.056       0.0646        0.478      0.00374        0.583      0.00456
! Validation        216 1277.647    0.001      0.00762     3.28e-06      0.00762       0.0392       0.0571       0.0278       0.0765       0.0384       0.0476       0.0365        0.102       0.0538       0.0643        0.124     0.000969        0.152      0.00119
Wall time: 1277.6473912739893
! Best model      216    0.008
Saved trainer to results/Allegro_FPS_150_DFT_Li3PS4/run_Allegro_FPS_150_DFT_Li3PS4/trainer.pth
Saved last model to to results/Allegro_FPS_150_DFT_Li3PS4/run_Allegro_FPS_150_DFT_Li3PS4/last_model.pth
EarlyStopping: 10 / 50

training
# Epoch batch         loss       loss_f       loss_e        f_mae       f_rmse     Li_f_mae      P_f_mae      S_f_mae  psavg_f_mae    Li_f_rmse     P_f_rmse     S_f_rmse psavg_f_rmse        e_mae      e/N_mae       e_rmse     e/N_rmse
    217    75      0.00495       0.0049     5.31e-05       0.0337       0.0458       0.0271       0.0647       0.0308       0.0409       0.0332       0.0839         0.04       0.0524         0.61      0.00476         0.61      0.00477

validation
# Epoch batch         loss       loss_f       loss_e        f_mae       f_rmse     Li_f_mae      P_f_mae      S_f_mae  psavg_f_mae    Li_f_rmse     P_f_rmse     S_f_rmse psavg_f_rmse        e_mae      e/N_mae       e_rmse     e/N_rmse
    217   100        0.005        0.005     3.17e-06        0.034       0.0463       0.0256       0.0643       0.0328       0.0409       0.0323       0.0818       0.0427       0.0523        0.144      0.00113        0.149      0.00116
    217   160       0.0142       0.0142     1.06e-05        0.053       0.0779       0.0367       0.0988       0.0537       0.0631       0.0457        0.129       0.0799        0.085        0.225      0.00176        0.273      0.00213


  Train      #    Epoch      wal       LR       loss_f       loss_e         loss        f_mae       f_rmse     Li_f_mae      P_f_mae      S_f_mae  psavg_f_mae    Li_f_rmse     P_f_rmse     S_f_rmse psavg_f_rmse        e_mae      e/N_mae       e_rmse     e/N_rmse
! Train             217 1283.542    0.001      0.00781     4.82e-05      0.00785       0.0415       0.0578       0.0295       0.0757       0.0419       0.0491       0.0381       0.0995       0.0559       0.0645        0.477      0.00373        0.581      0.00454
! Validation        217 1283.542    0.001      0.00761     3.23e-06      0.00762       0.0392       0.0571       0.0278       0.0765       0.0384       0.0476       0.0365        0.102       0.0538       0.0643        0.123      0.00096        0.151      0.00118
Wall time: 1283.5428229509853
! Best model      217    0.008
Saved trainer to results/Allegro_FPS_150_DFT_Li3PS4/run_Allegro_FPS_150_DFT_Li3PS4/trainer.pth
Saved last model to to results/Allegro_FPS_150_DFT_Li3PS4/run_Allegro_FPS_150_DFT_Li3PS4/last_model.pth
EarlyStopping: 11 / 50

training
# Epoch batch         loss       loss_f       loss_e        f_mae       f_rmse     Li_f_mae      P_f_mae      S_f_mae  psavg_f_mae    Li_f_rmse     P_f_rmse     S_f_rmse psavg_f_rmse        e_mae      e/N_mae       e_rmse     e/N_rmse
    218    75      0.00494      0.00488     5.28e-05       0.0336       0.0457       0.0272       0.0646       0.0308       0.0408       0.0333       0.0837         0.04       0.0523        0.608      0.00475        0.608      0.00475

validation
# Epoch batch         loss       loss_f       loss_e        f_mae       f_rmse     Li_f_mae      P_f_mae      S_f_mae  psavg_f_mae    Li_f_rmse     P_f_rmse     S_f_rmse psavg_f_rmse        e_mae      e/N_mae       e_rmse     e/N_rmse
    218   100        0.005      0.00499     3.32e-06        0.034       0.0462       0.0256       0.0642       0.0328       0.0409       0.0323       0.0817       0.0427       0.0522        0.147      0.00115        0.152      0.00119
    218   160       0.0142       0.0142     1.07e-05        0.053       0.0779       0.0367       0.0988       0.0537       0.0631       0.0457        0.129       0.0799        0.085        0.226      0.00176        0.274      0.00214


  Train      #    Epoch      wal       LR       loss_f       loss_e         loss        f_mae       f_rmse     Li_f_mae      P_f_mae      S_f_mae  psavg_f_mae    Li_f_rmse     P_f_rmse     S_f_rmse psavg_f_rmse        e_mae      e/N_mae       e_rmse     e/N_rmse
! Train             218 1289.492    0.001      0.00778     4.84e-05      0.00783       0.0414       0.0577       0.0295       0.0756       0.0418        0.049        0.038       0.0993       0.0557       0.0644        0.477      0.00372        0.582      0.00455
! Validation        218 1289.492    0.001      0.00761     3.31e-06      0.00761       0.0392       0.0571       0.0278       0.0764       0.0384       0.0476       0.0365        0.102       0.0538       0.0642        0.125     0.000973        0.152      0.00119
Wall time: 1289.4931155869272
! Best model      218    0.008
Saved trainer to results/Allegro_FPS_150_DFT_Li3PS4/run_Allegro_FPS_150_DFT_Li3PS4/trainer.pth
Saved last model to to results/Allegro_FPS_150_DFT_Li3PS4/run_Allegro_FPS_150_DFT_Li3PS4/last_model.pth
EarlyStopping: 12 / 50

training
# Epoch batch         loss       loss_f       loss_e        f_mae       f_rmse     Li_f_mae      P_f_mae      S_f_mae  psavg_f_mae    Li_f_rmse     P_f_rmse     S_f_rmse psavg_f_rmse        e_mae      e/N_mae       e_rmse     e/N_rmse
    219    75      0.00493      0.00488     5.48e-05       0.0336       0.0457       0.0271       0.0645       0.0308       0.0408       0.0332       0.0836         0.04       0.0523        0.619      0.00484         0.62      0.00484

validation
# Epoch batch         loss       loss_f       loss_e        f_mae       f_rmse     Li_f_mae      P_f_mae      S_f_mae  psavg_f_mae    Li_f_rmse     P_f_rmse     S_f_rmse psavg_f_rmse        e_mae      e/N_mae       e_rmse     e/N_rmse
    219   100      0.00499      0.00499     2.98e-06        0.034       0.0462       0.0256       0.0642       0.0327       0.0408       0.0322       0.0817       0.0427       0.0522         0.14       0.0011        0.144      0.00113
    219   160       0.0142       0.0142     1.06e-05        0.053       0.0779       0.0367       0.0988       0.0537       0.0631       0.0457        0.129       0.0799        0.085        0.225      0.00176        0.273      0.00213


  Train      #    Epoch      wal       LR       loss_f       loss_e         loss        f_mae       f_rmse     Li_f_mae      P_f_mae      S_f_mae  psavg_f_mae    Li_f_rmse     P_f_rmse     S_f_rmse psavg_f_rmse        e_mae      e/N_mae       e_rmse     e/N_rmse
! Train             219 1295.450    0.001      0.00776     4.79e-05      0.00781       0.0414       0.0576       0.0295       0.0755       0.0418       0.0489        0.038       0.0991       0.0557       0.0643        0.474       0.0037        0.579      0.00453
! Validation        219 1295.450    0.001      0.00761     3.13e-06      0.00761       0.0392       0.0571       0.0278       0.0764       0.0384       0.0475       0.0365        0.102       0.0538       0.0642        0.121     0.000942        0.148      0.00116
Wall time: 1295.4510537500028
! Best model      219    0.008
Saved trainer to results/Allegro_FPS_150_DFT_Li3PS4/run_Allegro_FPS_150_DFT_Li3PS4/trainer.pth
Saved last model to to results/Allegro_FPS_150_DFT_Li3PS4/run_Allegro_FPS_150_DFT_Li3PS4/last_model.pth
EarlyStopping: 13 / 50

training
# Epoch batch         loss       loss_f       loss_e        f_mae       f_rmse     Li_f_mae      P_f_mae      S_f_mae  psavg_f_mae    Li_f_rmse     P_f_rmse     S_f_rmse psavg_f_rmse        e_mae      e/N_mae       e_rmse     e/N_rmse
    220    75      0.00493      0.00488     5.56e-05       0.0336       0.0457       0.0271       0.0645       0.0308       0.0408       0.0331       0.0835       0.0401       0.0523        0.624      0.00488        0.624      0.00488

validation
# Epoch batch         loss       loss_f       loss_e        f_mae       f_rmse     Li_f_mae      P_f_mae      S_f_mae  psavg_f_mae    Li_f_rmse     P_f_rmse     S_f_rmse psavg_f_rmse        e_mae      e/N_mae       e_rmse     e/N_rmse
    220   100      0.00498      0.00498     3.08e-06        0.034       0.0462       0.0255       0.0642       0.0327       0.0408       0.0322       0.0816       0.0427       0.0521        0.142      0.00111        0.147      0.00115
    220   160       0.0142       0.0142     1.07e-05       0.0529       0.0779       0.0367       0.0988       0.0537       0.0631       0.0457        0.129       0.0799       0.0849        0.226      0.00177        0.273      0.00214


  Train      #    Epoch      wal       LR       loss_f       loss_e         loss        f_mae       f_rmse     Li_f_mae      P_f_mae      S_f_mae  psavg_f_mae    Li_f_rmse     P_f_rmse     S_f_rmse psavg_f_rmse        e_mae      e/N_mae       e_rmse     e/N_rmse
! Train             220 1301.422    0.001      0.00773     4.72e-05      0.00778       0.0413       0.0575       0.0295       0.0753       0.0417       0.0488        0.038        0.099       0.0556       0.0642         0.47      0.00367        0.575      0.00449
! Validation        220 1301.422    0.001      0.00761     3.17e-06      0.00761       0.0392       0.0571       0.0278       0.0764       0.0384       0.0475       0.0365        0.102       0.0538       0.0642        0.122      0.00095        0.149      0.00117
Wall time: 1301.423007579986
! Best model      220    0.008
Saved trainer to results/Allegro_FPS_150_DFT_Li3PS4/run_Allegro_FPS_150_DFT_Li3PS4/trainer.pth
Saved last model to to results/Allegro_FPS_150_DFT_Li3PS4/run_Allegro_FPS_150_DFT_Li3PS4/last_model.pth
EarlyStopping: 14 / 50

training
# Epoch batch         loss       loss_f       loss_e        f_mae       f_rmse     Li_f_mae      P_f_mae      S_f_mae  psavg_f_mae    Li_f_rmse     P_f_rmse     S_f_rmse psavg_f_rmse        e_mae      e/N_mae       e_rmse     e/N_rmse
    221    75      0.00492      0.00487     5.79e-05       0.0336       0.0456       0.0271       0.0643       0.0308       0.0408       0.0332       0.0833       0.0401       0.0522        0.637      0.00497        0.637      0.00498

validation
# Epoch batch         loss       loss_f       loss_e        f_mae       f_rmse     Li_f_mae      P_f_mae      S_f_mae  psavg_f_mae    Li_f_rmse     P_f_rmse     S_f_rmse psavg_f_rmse        e_mae      e/N_mae       e_rmse     e/N_rmse
    221   100      0.00498      0.00497      3.2e-06       0.0339       0.0461       0.0255       0.0642       0.0327       0.0408       0.0322       0.0815       0.0426       0.0521        0.145      0.00113         0.15      0.00117
    221   160       0.0142       0.0142     1.09e-05       0.0529       0.0779       0.0367       0.0988       0.0537        0.063       0.0457        0.129       0.0799       0.0849        0.227      0.00178        0.276      0.00216


  Train      #    Epoch      wal       LR       loss_f       loss_e         loss        f_mae       f_rmse     Li_f_mae      P_f_mae      S_f_mae  psavg_f_mae    Li_f_rmse     P_f_rmse     S_f_rmse psavg_f_rmse        e_mae      e/N_mae       e_rmse     e/N_rmse
! Train             221 1307.389    0.001       0.0077     4.79e-05      0.00775       0.0412       0.0574       0.0294       0.0752       0.0416       0.0487       0.0379       0.0988       0.0554       0.0641        0.471      0.00368        0.579      0.00453
! Validation        221 1307.389    0.001       0.0076     3.25e-06      0.00761       0.0392        0.057       0.0278       0.0764       0.0384       0.0475       0.0365        0.102       0.0537       0.0642        0.123     0.000961        0.151      0.00118
Wall time: 1307.3896892609773
! Best model      221    0.008
Saved trainer to results/Allegro_FPS_150_DFT_Li3PS4/run_Allegro_FPS_150_DFT_Li3PS4/trainer.pth
Saved last model to to results/Allegro_FPS_150_DFT_Li3PS4/run_Allegro_FPS_150_DFT_Li3PS4/last_model.pth
EarlyStopping: 15 / 50

training
# Epoch batch         loss       loss_f       loss_e        f_mae       f_rmse     Li_f_mae      P_f_mae      S_f_mae  psavg_f_mae    Li_f_rmse     P_f_rmse     S_f_rmse psavg_f_rmse        e_mae      e/N_mae       e_rmse     e/N_rmse
    222    75      0.00492      0.00486     5.98e-05       0.0336       0.0456       0.0271       0.0643       0.0308       0.0407       0.0331       0.0833       0.0401       0.0522        0.647      0.00506        0.648      0.00506

validation
# Epoch batch         loss       loss_f       loss_e        f_mae       f_rmse     Li_f_mae      P_f_mae      S_f_mae  psavg_f_mae    Li_f_rmse     P_f_rmse     S_f_rmse psavg_f_rmse        e_mae      e/N_mae       e_rmse     e/N_rmse
    222   100      0.00497      0.00496     3.11e-06       0.0339       0.0461       0.0255       0.0641       0.0327       0.0408       0.0322       0.0814       0.0426       0.0521        0.143      0.00112        0.148      0.00115
    222   160       0.0142       0.0142     1.07e-05       0.0529       0.0779       0.0366       0.0988       0.0537       0.0631       0.0457        0.129       0.0799       0.0849        0.226      0.00176        0.274      0.00214


  Train      #    Epoch      wal       LR       loss_f       loss_e         loss        f_mae       f_rmse     Li_f_mae      P_f_mae      S_f_mae  psavg_f_mae    Li_f_rmse     P_f_rmse     S_f_rmse psavg_f_rmse        e_mae      e/N_mae       e_rmse     e/N_rmse
! Train             222 1313.277    0.001      0.00767     4.79e-05      0.00772       0.0412       0.0573       0.0294       0.0751       0.0415       0.0487       0.0379       0.0986       0.0553       0.0639        0.473       0.0037        0.579      0.00453
! Validation        222 1313.277    0.001       0.0076     3.19e-06      0.00761       0.0392        0.057       0.0278       0.0764       0.0384       0.0475       0.0365        0.102       0.0537       0.0642        0.122     0.000952        0.149      0.00117
Wall time: 1313.2779502469348
! Best model      222    0.008
Saved trainer to results/Allegro_FPS_150_DFT_Li3PS4/run_Allegro_FPS_150_DFT_Li3PS4/trainer.pth
Saved last model to to results/Allegro_FPS_150_DFT_Li3PS4/run_Allegro_FPS_150_DFT_Li3PS4/last_model.pth
EarlyStopping: 16 / 50

training
# Epoch batch         loss       loss_f       loss_e        f_mae       f_rmse     Li_f_mae      P_f_mae      S_f_mae  psavg_f_mae    Li_f_rmse     P_f_rmse     S_f_rmse psavg_f_rmse        e_mae      e/N_mae       e_rmse     e/N_rmse
    223    75       0.0049      0.00484     5.98e-05       0.0335       0.0455        0.027       0.0642       0.0308       0.0407       0.0331       0.0831         0.04        0.052        0.647      0.00506        0.648      0.00506

validation
# Epoch batch         loss       loss_f       loss_e        f_mae       f_rmse     Li_f_mae      P_f_mae      S_f_mae  psavg_f_mae    Li_f_rmse     P_f_rmse     S_f_rmse psavg_f_rmse        e_mae      e/N_mae       e_rmse     e/N_rmse
    223   100      0.00496      0.00496      3.1e-06       0.0339       0.0461       0.0255        0.064       0.0327       0.0407       0.0321       0.0814       0.0426        0.052        0.143      0.00112        0.147      0.00115
    223   160       0.0142       0.0142     1.09e-05       0.0529       0.0779       0.0366       0.0988       0.0537       0.0631       0.0457        0.129         0.08        0.085        0.228      0.00178        0.276      0.00216


  Train      #    Epoch      wal       LR       loss_f       loss_e         loss        f_mae       f_rmse     Li_f_mae      P_f_mae      S_f_mae  psavg_f_mae    Li_f_rmse     P_f_rmse     S_f_rmse psavg_f_rmse        e_mae      e/N_mae       e_rmse     e/N_rmse
! Train             223 1319.173    0.001      0.00764     4.82e-05      0.00769       0.0411       0.0572       0.0294       0.0749       0.0414       0.0486       0.0379       0.0984       0.0552       0.0638        0.474      0.00371        0.582      0.00454
! Validation        223 1319.173    0.001       0.0076     3.19e-06       0.0076       0.0391        0.057       0.0278       0.0764       0.0384       0.0475       0.0364        0.102       0.0537       0.0642        0.122     0.000952         0.15      0.00117
Wall time: 1319.174255119986
! Best model      223    0.008
Saved trainer to results/Allegro_FPS_150_DFT_Li3PS4/run_Allegro_FPS_150_DFT_Li3PS4/trainer.pth
Saved last model to to results/Allegro_FPS_150_DFT_Li3PS4/run_Allegro_FPS_150_DFT_Li3PS4/last_model.pth
EarlyStopping: 17 / 50

training
# Epoch batch         loss       loss_f       loss_e        f_mae       f_rmse     Li_f_mae      P_f_mae      S_f_mae  psavg_f_mae    Li_f_rmse     P_f_rmse     S_f_rmse psavg_f_rmse        e_mae      e/N_mae       e_rmse     e/N_rmse
    224    75      0.00491      0.00484     6.29e-05       0.0336       0.0455        0.027       0.0641       0.0308       0.0407       0.0331       0.0829       0.0401        0.052        0.664      0.00519        0.664      0.00519

validation
# Epoch batch         loss       loss_f       loss_e        f_mae       f_rmse     Li_f_mae      P_f_mae      S_f_mae  psavg_f_mae    Li_f_rmse     P_f_rmse     S_f_rmse psavg_f_rmse        e_mae      e/N_mae       e_rmse     e/N_rmse
    224   100      0.00495      0.00495     2.99e-06       0.0339        0.046       0.0254        0.064       0.0327       0.0407       0.0321       0.0813       0.0425        0.052        0.141       0.0011        0.145      0.00113
    224   160       0.0142       0.0142     1.07e-05       0.0529       0.0779       0.0366       0.0988       0.0537        0.063       0.0457        0.129         0.08       0.0849        0.226      0.00177        0.274      0.00214


  Train      #    Epoch      wal       LR       loss_f       loss_e         loss        f_mae       f_rmse     Li_f_mae      P_f_mae      S_f_mae  psavg_f_mae    Li_f_rmse     P_f_rmse     S_f_rmse psavg_f_rmse        e_mae      e/N_mae       e_rmse     e/N_rmse
! Train             224 1325.097    0.001       0.0076     4.86e-05      0.00765        0.041        0.057       0.0294       0.0748       0.0413       0.0485       0.0378       0.0982        0.055       0.0637        0.477      0.00373        0.584      0.00456
! Validation        224 1325.097    0.001       0.0076     3.11e-06       0.0076       0.0391        0.057       0.0278       0.0763       0.0383       0.0475       0.0364        0.102       0.0537       0.0642         0.12     0.000938        0.148      0.00115
Wall time: 1325.098168097902
! Best model      224    0.008
Saved trainer to results/Allegro_FPS_150_DFT_Li3PS4/run_Allegro_FPS_150_DFT_Li3PS4/trainer.pth
Saved last model to to results/Allegro_FPS_150_DFT_Li3PS4/run_Allegro_FPS_150_DFT_Li3PS4/last_model.pth
EarlyStopping: 18 / 50

training
# Epoch batch         loss       loss_f       loss_e        f_mae       f_rmse     Li_f_mae      P_f_mae      S_f_mae  psavg_f_mae    Li_f_rmse     P_f_rmse     S_f_rmse psavg_f_rmse        e_mae      e/N_mae       e_rmse     e/N_rmse
    225    75       0.0049      0.00484     6.29e-05       0.0336       0.0455        0.027       0.0639       0.0309       0.0406       0.0331       0.0828       0.0401        0.052        0.664      0.00519        0.664      0.00519

validation
# Epoch batch         loss       loss_f       loss_e        f_mae       f_rmse     Li_f_mae      P_f_mae      S_f_mae  psavg_f_mae    Li_f_rmse     P_f_rmse     S_f_rmse psavg_f_rmse        e_mae      e/N_mae       e_rmse     e/N_rmse
    225   100      0.00494      0.00494     3.14e-06       0.0339        0.046       0.0254        0.064       0.0327       0.0407       0.0321       0.0812       0.0425       0.0519        0.143      0.00112        0.148      0.00116
    225   160       0.0142       0.0142     1.09e-05       0.0529       0.0779       0.0366       0.0989       0.0536        0.063       0.0457        0.129         0.08       0.0849        0.228      0.00178        0.277      0.00216


  Train      #    Epoch      wal       LR       loss_f       loss_e         loss        f_mae       f_rmse     Li_f_mae      P_f_mae      S_f_mae  psavg_f_mae    Li_f_rmse     P_f_rmse     S_f_rmse psavg_f_rmse        e_mae      e/N_mae       e_rmse     e/N_rmse
! Train             225 1330.992    0.001      0.00757     4.93e-05      0.00762       0.0409       0.0569       0.0293       0.0746       0.0411       0.0484       0.0378        0.098       0.0548       0.0635        0.478      0.00374        0.588      0.00459
! Validation        225 1330.992    0.001       0.0076      3.2e-06       0.0076       0.0391        0.057       0.0278       0.0763       0.0383       0.0475       0.0364        0.102       0.0537       0.0642        0.122     0.000953         0.15      0.00117
Wall time: 1330.9926124719204
! Best model      225    0.008
Saved trainer to results/Allegro_FPS_150_DFT_Li3PS4/run_Allegro_FPS_150_DFT_Li3PS4/trainer.pth
Saved last model to to results/Allegro_FPS_150_DFT_Li3PS4/run_Allegro_FPS_150_DFT_Li3PS4/last_model.pth
EarlyStopping: 19 / 50

training
# Epoch batch         loss       loss_f       loss_e        f_mae       f_rmse     Li_f_mae      P_f_mae      S_f_mae  psavg_f_mae    Li_f_rmse     P_f_rmse     S_f_rmse psavg_f_rmse        e_mae      e/N_mae       e_rmse     e/N_rmse
    226    75       0.0049      0.00484     6.53e-05       0.0336       0.0455        0.027        0.064       0.0309       0.0406       0.0331       0.0828         0.04        0.052        0.676      0.00528        0.676      0.00529

validation
# Epoch batch         loss       loss_f       loss_e        f_mae       f_rmse     Li_f_mae      P_f_mae      S_f_mae  psavg_f_mae    Li_f_rmse     P_f_rmse     S_f_rmse psavg_f_rmse        e_mae      e/N_mae       e_rmse     e/N_rmse
    226   100      0.00493      0.00493     2.94e-06       0.0338       0.0459       0.0254       0.0639       0.0326       0.0407        0.032       0.0812       0.0424       0.0519        0.139      0.00109        0.144      0.00112
    226   160       0.0142       0.0142     1.09e-05       0.0529       0.0779       0.0366       0.0989       0.0536        0.063       0.0457        0.129         0.08       0.0849        0.228      0.00178        0.276      0.00216


  Train      #    Epoch      wal       LR       loss_f       loss_e         loss        f_mae       f_rmse     Li_f_mae      P_f_mae      S_f_mae  psavg_f_mae    Li_f_rmse     P_f_rmse     S_f_rmse psavg_f_rmse        e_mae      e/N_mae       e_rmse     e/N_rmse
! Train             226 1336.917    0.001      0.00754     4.98e-05      0.00759       0.0408       0.0568       0.0293       0.0745        0.041       0.0483       0.0377       0.0978       0.0547       0.0634        0.482      0.00377        0.591      0.00462
! Validation        226 1336.917    0.001      0.00759     3.09e-06       0.0076       0.0391        0.057       0.0278       0.0763       0.0383       0.0475       0.0364        0.102       0.0537       0.0642         0.12     0.000934        0.147      0.00115
Wall time: 1336.9174172129715
! Best model      226    0.008
Saved trainer to results/Allegro_FPS_150_DFT_Li3PS4/run_Allegro_FPS_150_DFT_Li3PS4/trainer.pth
Saved last model to to results/Allegro_FPS_150_DFT_Li3PS4/run_Allegro_FPS_150_DFT_Li3PS4/last_model.pth
EarlyStopping: 20 / 50

training
# Epoch batch         loss       loss_f       loss_e        f_mae       f_rmse     Li_f_mae      P_f_mae      S_f_mae  psavg_f_mae    Li_f_rmse     P_f_rmse     S_f_rmse psavg_f_rmse        e_mae      e/N_mae       e_rmse     e/N_rmse
    227    75       0.0049      0.00483     7.21e-05       0.0335       0.0455        0.027       0.0638       0.0309       0.0406       0.0332       0.0827         0.04       0.0519        0.711      0.00555        0.711      0.00556

validation
# Epoch batch         loss       loss_f       loss_e        f_mae       f_rmse     Li_f_mae      P_f_mae      S_f_mae  psavg_f_mae    Li_f_rmse     P_f_rmse     S_f_rmse psavg_f_rmse        e_mae      e/N_mae       e_rmse     e/N_rmse
    227   100      0.00492      0.00492     2.99e-06       0.0338       0.0459       0.0254       0.0639       0.0326       0.0406        0.032       0.0811       0.0424       0.0518         0.14       0.0011        0.145      0.00113
    227   160       0.0142       0.0142     1.09e-05       0.0529       0.0779       0.0366       0.0989       0.0537        0.063       0.0457        0.129         0.08       0.0849        0.228      0.00178        0.276      0.00216


  Train      #    Epoch      wal       LR       loss_f       loss_e         loss        f_mae       f_rmse     Li_f_mae      P_f_mae      S_f_mae  psavg_f_mae    Li_f_rmse     P_f_rmse     S_f_rmse psavg_f_rmse        e_mae      e/N_mae       e_rmse     e/N_rmse
! Train             227 1342.815    0.001       0.0075     5.02e-05      0.00755       0.0407       0.0567       0.0292       0.0744       0.0409       0.0482       0.0377       0.0976       0.0545       0.0633        0.481      0.00376        0.593      0.00463
! Validation        227 1342.815    0.001      0.00759     3.11e-06       0.0076       0.0391        0.057       0.0278       0.0763       0.0383       0.0474       0.0364        0.102       0.0537       0.0642         0.12     0.000937        0.148      0.00115
Wall time: 1342.8154237979325
! Best model      227    0.008
Saved trainer to results/Allegro_FPS_150_DFT_Li3PS4/run_Allegro_FPS_150_DFT_Li3PS4/trainer.pth
Saved last model to to results/Allegro_FPS_150_DFT_Li3PS4/run_Allegro_FPS_150_DFT_Li3PS4/last_model.pth
EarlyStopping: 21 / 50

training
# Epoch batch         loss       loss_f       loss_e        f_mae       f_rmse     Li_f_mae      P_f_mae      S_f_mae  psavg_f_mae    Li_f_rmse     P_f_rmse     S_f_rmse psavg_f_rmse        e_mae      e/N_mae       e_rmse     e/N_rmse
    228    75      0.00488       0.0048     8.01e-05       0.0334       0.0453       0.0269       0.0635       0.0308       0.0404       0.0331       0.0823       0.0399       0.0518        0.749      0.00585         0.75      0.00586

validation
# Epoch batch         loss       loss_f       loss_e        f_mae       f_rmse     Li_f_mae      P_f_mae      S_f_mae  psavg_f_mae    Li_f_rmse     P_f_rmse     S_f_rmse psavg_f_rmse        e_mae      e/N_mae       e_rmse     e/N_rmse
    228   100      0.00491      0.00491     2.96e-06       0.0338       0.0458       0.0254       0.0639       0.0326       0.0406        0.032       0.0811       0.0423       0.0518         0.14      0.00109        0.144      0.00113
    228   160       0.0142       0.0142      1.1e-05       0.0529       0.0779       0.0366        0.099       0.0537       0.0631       0.0457        0.129       0.0801        0.085        0.228      0.00178        0.277      0.00217


  Train      #    Epoch      wal       LR       loss_f       loss_e         loss        f_mae       f_rmse     Li_f_mae      P_f_mae      S_f_mae  psavg_f_mae    Li_f_rmse     P_f_rmse     S_f_rmse psavg_f_rmse        e_mae      e/N_mae       e_rmse     e/N_rmse
! Train             228 1348.834    0.001      0.00747     4.96e-05      0.00752       0.0406       0.0565       0.0292       0.0742       0.0407       0.0481       0.0377       0.0974       0.0543       0.0631        0.482      0.00377         0.59      0.00461
! Validation        228 1348.834    0.001      0.00759     3.09e-06      0.00759       0.0391        0.057       0.0278       0.0763       0.0383       0.0474       0.0364        0.102       0.0537       0.0642        0.119     0.000932        0.147      0.00115
Wall time: 1348.8348807399161
! Best model      228    0.008
Saved trainer to results/Allegro_FPS_150_DFT_Li3PS4/run_Allegro_FPS_150_DFT_Li3PS4/trainer.pth
Saved last model to to results/Allegro_FPS_150_DFT_Li3PS4/run_Allegro_FPS_150_DFT_Li3PS4/last_model.pth
EarlyStopping: 22 / 50

training
# Epoch batch         loss       loss_f       loss_e        f_mae       f_rmse     Li_f_mae      P_f_mae      S_f_mae  psavg_f_mae    Li_f_rmse     P_f_rmse     S_f_rmse psavg_f_rmse        e_mae      e/N_mae       e_rmse     e/N_rmse
    229    75      0.00485      0.00477      7.5e-05       0.0333       0.0452       0.0268       0.0633       0.0307       0.0403        0.033       0.0821       0.0397       0.0516        0.725      0.00566        0.725      0.00567

validation
# Epoch batch         loss       loss_f       loss_e        f_mae       f_rmse     Li_f_mae      P_f_mae      S_f_mae  psavg_f_mae    Li_f_rmse     P_f_rmse     S_f_rmse psavg_f_rmse        e_mae      e/N_mae       e_rmse     e/N_rmse
    229   100       0.0049       0.0049     3.03e-06       0.0338       0.0458       0.0253       0.0639       0.0325       0.0406        0.032        0.081       0.0423       0.0518        0.141       0.0011        0.146      0.00114
    229   160       0.0142       0.0142     1.09e-05       0.0529        0.078       0.0365        0.099       0.0537       0.0631       0.0457        0.129       0.0801        0.085        0.227      0.00177        0.276      0.00216


  Train      #    Epoch      wal       LR       loss_f       loss_e         loss        f_mae       f_rmse     Li_f_mae      P_f_mae      S_f_mae  psavg_f_mae    Li_f_rmse     P_f_rmse     S_f_rmse psavg_f_rmse        e_mae      e/N_mae       e_rmse     e/N_rmse
! Train             229 1354.941    0.001      0.00744     4.74e-05      0.00748       0.0405       0.0564       0.0292       0.0741       0.0406        0.048       0.0376       0.0972       0.0542        0.063        0.473      0.00369        0.577      0.00451
! Validation        229 1354.941    0.001      0.00759      3.1e-06      0.00759       0.0391        0.057       0.0277       0.0763       0.0383       0.0474       0.0364        0.102       0.0537       0.0641         0.12     0.000934        0.147      0.00115
Wall time: 1354.941412026994
! Best model      229    0.008
Saved trainer to results/Allegro_FPS_150_DFT_Li3PS4/run_Allegro_FPS_150_DFT_Li3PS4/trainer.pth
Saved last model to to results/Allegro_FPS_150_DFT_Li3PS4/run_Allegro_FPS_150_DFT_Li3PS4/last_model.pth
EarlyStopping: 23 / 50

training
# Epoch batch         loss       loss_f       loss_e        f_mae       f_rmse     Li_f_mae      P_f_mae      S_f_mae  psavg_f_mae    Li_f_rmse     P_f_rmse     S_f_rmse psavg_f_rmse        e_mae      e/N_mae       e_rmse     e/N_rmse
    230    75      0.00481      0.00472      8.8e-05       0.0331        0.045       0.0268       0.0631       0.0304       0.0401        0.033       0.0819       0.0393       0.0514        0.785      0.00613        0.785      0.00614

validation
# Epoch batch         loss       loss_f       loss_e        f_mae       f_rmse     Li_f_mae      P_f_mae      S_f_mae  psavg_f_mae    Li_f_rmse     P_f_rmse     S_f_rmse psavg_f_rmse        e_mae      e/N_mae       e_rmse     e/N_rmse
    230   100       0.0049      0.00489     2.75e-06       0.0337       0.0458       0.0253       0.0639       0.0325       0.0406       0.0319        0.081       0.0422       0.0517        0.135      0.00106        0.139      0.00108
    230   160       0.0142       0.0142     1.07e-05       0.0529        0.078       0.0365       0.0991       0.0537       0.0631       0.0457        0.129       0.0802        0.085        0.226      0.00176        0.274      0.00214


  Train      #    Epoch      wal       LR       loss_f       loss_e         loss        f_mae       f_rmse     Li_f_mae      P_f_mae      S_f_mae  psavg_f_mae    Li_f_rmse     P_f_rmse     S_f_rmse psavg_f_rmse        e_mae      e/N_mae       e_rmse     e/N_rmse
! Train             230 1360.960    0.001      0.00742     4.63e-05      0.00747       0.0405       0.0564       0.0292       0.0739       0.0406       0.0479       0.0376        0.097       0.0542       0.0629        0.466      0.00364         0.57      0.00445
! Validation        230 1360.960    0.001      0.00759     2.95e-06      0.00759       0.0391        0.057       0.0277       0.0762       0.0382       0.0474       0.0364        0.102       0.0537       0.0641        0.116     0.000906        0.144      0.00112
Wall time: 1360.9610635439167
! Best model      230    0.008
Saved trainer to results/Allegro_FPS_150_DFT_Li3PS4/run_Allegro_FPS_150_DFT_Li3PS4/trainer.pth
Saved last model to to results/Allegro_FPS_150_DFT_Li3PS4/run_Allegro_FPS_150_DFT_Li3PS4/last_model.pth
EarlyStopping: 24 / 50

training
# Epoch batch         loss       loss_f       loss_e        f_mae       f_rmse     Li_f_mae      P_f_mae      S_f_mae  psavg_f_mae    Li_f_rmse     P_f_rmse     S_f_rmse psavg_f_rmse        e_mae      e/N_mae       e_rmse     e/N_rmse
    231    75      0.00478      0.00469     9.34e-05        0.033       0.0448       0.0267       0.0631       0.0302         0.04       0.0329       0.0818       0.0391       0.0513        0.809      0.00632        0.809      0.00632

validation
# Epoch batch         loss       loss_f       loss_e        f_mae       f_rmse     Li_f_mae      P_f_mae      S_f_mae  psavg_f_mae    Li_f_rmse     P_f_rmse     S_f_rmse psavg_f_rmse        e_mae      e/N_mae       e_rmse     e/N_rmse
    231   100      0.00489      0.00488     2.65e-06       0.0337       0.0457       0.0253       0.0639       0.0325       0.0406       0.0319        0.081       0.0422       0.0517        0.133      0.00104        0.136      0.00106
    231   160       0.0142       0.0142     1.05e-05       0.0529        0.078       0.0365       0.0992       0.0537       0.0631       0.0457        0.129       0.0802        0.085        0.224      0.00175        0.272      0.00212


  Train      #    Epoch      wal       LR       loss_f       loss_e         loss        f_mae       f_rmse     Li_f_mae      P_f_mae      S_f_mae  psavg_f_mae    Li_f_rmse     P_f_rmse     S_f_rmse psavg_f_rmse        e_mae      e/N_mae       e_rmse     e/N_rmse
! Train             231 1366.978    0.001      0.00739     4.71e-05      0.00744       0.0404       0.0562       0.0291       0.0737       0.0405       0.0478       0.0376       0.0967       0.0541       0.0628        0.469      0.00366        0.575      0.00449
! Validation        231 1366.978    0.001      0.00759     2.89e-06      0.00759        0.039        0.057       0.0277       0.0762       0.0382       0.0474       0.0364        0.102       0.0537       0.0641        0.114     0.000894        0.142      0.00111
Wall time: 1366.9795711339684
! Best model      231    0.008
Saved trainer to results/Allegro_FPS_150_DFT_Li3PS4/run_Allegro_FPS_150_DFT_Li3PS4/trainer.pth
Saved last model to to results/Allegro_FPS_150_DFT_Li3PS4/run_Allegro_FPS_150_DFT_Li3PS4/last_model.pth
EarlyStopping: 25 / 50

training
# Epoch batch         loss       loss_f       loss_e        f_mae       f_rmse     Li_f_mae      P_f_mae      S_f_mae  psavg_f_mae    Li_f_rmse     P_f_rmse     S_f_rmse psavg_f_rmse        e_mae      e/N_mae       e_rmse     e/N_rmse
    232    75      0.00476      0.00467     9.34e-05       0.0329       0.0447       0.0266       0.0631       0.0301       0.0399       0.0329       0.0817       0.0389       0.0512        0.809      0.00632        0.809      0.00632

validation
# Epoch batch         loss       loss_f       loss_e        f_mae       f_rmse     Li_f_mae      P_f_mae      S_f_mae  psavg_f_mae    Li_f_rmse     P_f_rmse     S_f_rmse psavg_f_rmse        e_mae      e/N_mae       e_rmse     e/N_rmse
    232   100      0.00488      0.00488     2.88e-06       0.0337       0.0457       0.0253       0.0638       0.0324       0.0405       0.0319        0.081       0.0421       0.0516        0.138      0.00107        0.142      0.00111
    232   160       0.0142       0.0142     1.07e-05       0.0529        0.078       0.0365       0.0992       0.0537       0.0631       0.0457        0.129       0.0802        0.085        0.224      0.00175        0.274      0.00214


  Train      #    Epoch      wal       LR       loss_f       loss_e         loss        f_mae       f_rmse     Li_f_mae      P_f_mae      S_f_mae  psavg_f_mae    Li_f_rmse     P_f_rmse     S_f_rmse psavg_f_rmse        e_mae      e/N_mae       e_rmse     e/N_rmse
! Train             232 1373.082    0.001      0.00736     4.67e-05      0.00741       0.0403       0.0561       0.0291       0.0736       0.0404       0.0477       0.0376       0.0965        0.054       0.0627        0.468      0.00366        0.572      0.00447
! Validation        232 1373.082    0.001      0.00759     2.99e-06      0.00759        0.039        0.057       0.0277       0.0762       0.0382       0.0474       0.0364        0.102       0.0537       0.0641        0.117     0.000913        0.145      0.00113
Wall time: 1373.083301067003
! Best model      232    0.008
Saved trainer to results/Allegro_FPS_150_DFT_Li3PS4/run_Allegro_FPS_150_DFT_Li3PS4/trainer.pth
Saved last model to to results/Allegro_FPS_150_DFT_Li3PS4/run_Allegro_FPS_150_DFT_Li3PS4/last_model.pth
EarlyStopping: 26 / 50

training
# Epoch batch         loss       loss_f       loss_e        f_mae       f_rmse     Li_f_mae      P_f_mae      S_f_mae  psavg_f_mae    Li_f_rmse     P_f_rmse     S_f_rmse psavg_f_rmse        e_mae      e/N_mae       e_rmse     e/N_rmse
    233    75      0.00475      0.00465     9.87e-05       0.0328       0.0446       0.0266        0.063       0.0299       0.0399       0.0329       0.0816       0.0388       0.0511        0.831      0.00649        0.832       0.0065

validation
# Epoch batch         loss       loss_f       loss_e        f_mae       f_rmse     Li_f_mae      P_f_mae      S_f_mae  psavg_f_mae    Li_f_rmse     P_f_rmse     S_f_rmse psavg_f_rmse        e_mae      e/N_mae       e_rmse     e/N_rmse
    233   100      0.00487      0.00487     2.56e-06       0.0337       0.0457       0.0253       0.0638       0.0324       0.0405       0.0319       0.0809       0.0421       0.0516        0.131      0.00102        0.134      0.00105
    233   160       0.0142       0.0142     1.05e-05        0.053       0.0781       0.0365       0.0992       0.0538       0.0632       0.0457        0.129       0.0803       0.0851        0.223      0.00174        0.272      0.00212


  Train      #    Epoch      wal       LR       loss_f       loss_e         loss        f_mae       f_rmse     Li_f_mae      P_f_mae      S_f_mae  psavg_f_mae    Li_f_rmse     P_f_rmse     S_f_rmse psavg_f_rmse        e_mae      e/N_mae       e_rmse     e/N_rmse
! Train             233 1379.063    0.001      0.00734     4.66e-05      0.00738       0.0403        0.056       0.0291       0.0734       0.0404       0.0476       0.0375       0.0962       0.0539       0.0626        0.468      0.00366        0.572      0.00447
! Validation        233 1379.063    0.001      0.00759     2.82e-06      0.00759        0.039        0.057       0.0277       0.0762       0.0382       0.0474       0.0364        0.102       0.0537       0.0641        0.113     0.000882        0.141       0.0011
Wall time: 1379.0636511188932
Saved trainer to results/Allegro_FPS_150_DFT_Li3PS4/run_Allegro_FPS_150_DFT_Li3PS4/trainer.pth
Saved last model to to results/Allegro_FPS_150_DFT_Li3PS4/run_Allegro_FPS_150_DFT_Li3PS4/last_model.pth
EarlyStopping: 27 / 50

training
# Epoch batch         loss       loss_f       loss_e        f_mae       f_rmse     Li_f_mae      P_f_mae      S_f_mae  psavg_f_mae    Li_f_rmse     P_f_rmse     S_f_rmse psavg_f_rmse        e_mae      e/N_mae       e_rmse     e/N_rmse
    234    75      0.00473      0.00463     0.000102       0.0328       0.0445       0.0266       0.0629       0.0299       0.0398       0.0328       0.0815       0.0386        0.051        0.846      0.00661        0.846      0.00661

validation
# Epoch batch         loss       loss_f       loss_e        f_mae       f_rmse     Li_f_mae      P_f_mae      S_f_mae  psavg_f_mae    Li_f_rmse     P_f_rmse     S_f_rmse psavg_f_rmse        e_mae      e/N_mae       e_rmse     e/N_rmse
    234   100      0.00486      0.00486     2.58e-06       0.0336       0.0456       0.0253       0.0638       0.0324       0.0405       0.0318       0.0809        0.042       0.0516        0.131      0.00103        0.134      0.00105
    234   160       0.0143       0.0142     1.06e-05        0.053       0.0781       0.0365       0.0993       0.0538       0.0632       0.0457        0.129       0.0803       0.0851        0.224      0.00175        0.272      0.00213


  Train      #    Epoch      wal       LR       loss_f       loss_e         loss        f_mae       f_rmse     Li_f_mae      P_f_mae      S_f_mae  psavg_f_mae    Li_f_rmse     P_f_rmse     S_f_rmse psavg_f_rmse        e_mae      e/N_mae       e_rmse     e/N_rmse
! Train             234 1384.835    0.001      0.00731     4.62e-05      0.00736       0.0402       0.0559       0.0291       0.0732       0.0403       0.0475       0.0375        0.096       0.0538       0.0624        0.463      0.00362        0.569      0.00445
! Validation        234 1384.835    0.001      0.00759     2.82e-06      0.00759        0.039        0.057       0.0277       0.0762       0.0382       0.0474       0.0364        0.102       0.0537       0.0641        0.113      0.00088        0.141       0.0011
Wall time: 1384.835809086915
Saved trainer to results/Allegro_FPS_150_DFT_Li3PS4/run_Allegro_FPS_150_DFT_Li3PS4/trainer.pth
Saved last model to to results/Allegro_FPS_150_DFT_Li3PS4/run_Allegro_FPS_150_DFT_Li3PS4/last_model.pth
EarlyStopping: 28 / 50

training
# Epoch batch         loss       loss_f       loss_e        f_mae       f_rmse     Li_f_mae      P_f_mae      S_f_mae  psavg_f_mae    Li_f_rmse     P_f_rmse     S_f_rmse psavg_f_rmse        e_mae      e/N_mae       e_rmse     e/N_rmse
    235    75      0.00471       0.0046     0.000104       0.0327       0.0444       0.0266       0.0628       0.0297       0.0397       0.0328       0.0814       0.0384       0.0509        0.854      0.00667        0.854      0.00667

validation
# Epoch batch         loss       loss_f       loss_e        f_mae       f_rmse     Li_f_mae      P_f_mae      S_f_mae  psavg_f_mae    Li_f_rmse     P_f_rmse     S_f_rmse psavg_f_rmse        e_mae      e/N_mae       e_rmse     e/N_rmse
    235   100      0.00485      0.00485      2.7e-06       0.0336       0.0456       0.0252       0.0637       0.0324       0.0404       0.0318       0.0808        0.042       0.0515        0.134      0.00105        0.138      0.00108
    235   160       0.0143       0.0143     1.07e-05        0.053       0.0781       0.0365       0.0993       0.0538       0.0632       0.0457        0.129       0.0803       0.0851        0.224      0.00175        0.274      0.00214


  Train      #    Epoch      wal       LR       loss_f       loss_e         loss        f_mae       f_rmse     Li_f_mae      P_f_mae      S_f_mae  psavg_f_mae    Li_f_rmse     P_f_rmse     S_f_rmse psavg_f_rmse        e_mae      e/N_mae       e_rmse     e/N_rmse
! Train             235 1390.691    0.001      0.00729     4.67e-05      0.00733       0.0402       0.0558       0.0291       0.0731       0.0403       0.0475       0.0375       0.0957       0.0538       0.0623        0.468      0.00366        0.572      0.00447
! Validation        235 1390.691    0.001      0.00759     2.87e-06      0.00759        0.039        0.057       0.0277       0.0762       0.0382       0.0474       0.0363        0.102       0.0537       0.0641        0.114      0.00089        0.142      0.00111
Wall time: 1390.6915627979906
Saved trainer to results/Allegro_FPS_150_DFT_Li3PS4/run_Allegro_FPS_150_DFT_Li3PS4/trainer.pth
Saved last model to to results/Allegro_FPS_150_DFT_Li3PS4/run_Allegro_FPS_150_DFT_Li3PS4/last_model.pth
EarlyStopping: 29 / 50

training
# Epoch batch         loss       loss_f       loss_e        f_mae       f_rmse     Li_f_mae      P_f_mae      S_f_mae  psavg_f_mae    Li_f_rmse     P_f_rmse     S_f_rmse psavg_f_rmse        e_mae      e/N_mae       e_rmse     e/N_rmse
    236    75       0.0047       0.0046     0.000105       0.0327       0.0444       0.0265       0.0626       0.0298       0.0396       0.0327       0.0813       0.0385       0.0508        0.858       0.0067        0.859      0.00671

validation
# Epoch batch         loss       loss_f       loss_e        f_mae       f_rmse     Li_f_mae      P_f_mae      S_f_mae  psavg_f_mae    Li_f_rmse     P_f_rmse     S_f_rmse psavg_f_rmse        e_mae      e/N_mae       e_rmse     e/N_rmse
    236   100      0.00485      0.00484     2.55e-06       0.0336       0.0455       0.0252       0.0636       0.0324       0.0404       0.0318       0.0807        0.042       0.0515        0.131      0.00102        0.134      0.00104
    236   160       0.0143       0.0143     1.06e-05        0.053       0.0781       0.0365       0.0993       0.0538       0.0632       0.0458        0.129       0.0803       0.0852        0.224      0.00175        0.272      0.00213


  Train      #    Epoch      wal       LR       loss_f       loss_e         loss        f_mae       f_rmse     Li_f_mae      P_f_mae      S_f_mae  psavg_f_mae    Li_f_rmse     P_f_rmse     S_f_rmse psavg_f_rmse        e_mae      e/N_mae       e_rmse     e/N_rmse
! Train             236 1396.828    0.001      0.00725     4.74e-05       0.0073       0.0401       0.0557       0.0291       0.0729       0.0402       0.0474       0.0375       0.0954       0.0536       0.0622         0.47      0.00367        0.577      0.00451
! Validation        236 1396.828    0.001      0.00759     2.79e-06      0.00759        0.039        0.057       0.0277       0.0762       0.0382       0.0474       0.0363        0.102       0.0537       0.0641        0.112     0.000874         0.14      0.00109
Wall time: 1396.828685576911
Saved trainer to results/Allegro_FPS_150_DFT_Li3PS4/run_Allegro_FPS_150_DFT_Li3PS4/trainer.pth
Saved last model to to results/Allegro_FPS_150_DFT_Li3PS4/run_Allegro_FPS_150_DFT_Li3PS4/last_model.pth
EarlyStopping: 30 / 50

training
# Epoch batch         loss       loss_f       loss_e        f_mae       f_rmse     Li_f_mae      P_f_mae      S_f_mae  psavg_f_mae    Li_f_rmse     P_f_rmse     S_f_rmse psavg_f_rmse        e_mae      e/N_mae       e_rmse     e/N_rmse
    237    75      0.00468      0.00458     9.97e-05       0.0326       0.0443       0.0265       0.0625       0.0298       0.0396       0.0327        0.081       0.0385       0.0507        0.836      0.00653        0.836      0.00653

validation
# Epoch batch         loss       loss_f       loss_e        f_mae       f_rmse     Li_f_mae      P_f_mae      S_f_mae  psavg_f_mae    Li_f_rmse     P_f_rmse     S_f_rmse psavg_f_rmse        e_mae      e/N_mae       e_rmse     e/N_rmse
    237   100      0.00484      0.00484     2.44e-06       0.0336       0.0455       0.0252       0.0636       0.0323       0.0404       0.0318       0.0807       0.0419       0.0515        0.128        0.001        0.131      0.00102
    237   160       0.0143       0.0143     1.06e-05        0.053       0.0782       0.0365       0.0994       0.0538       0.0632       0.0458        0.129       0.0804       0.0852        0.223      0.00175        0.272      0.00213


  Train      #    Epoch      wal       LR       loss_f       loss_e         loss        f_mae       f_rmse     Li_f_mae      P_f_mae      S_f_mae  psavg_f_mae    Li_f_rmse     P_f_rmse     S_f_rmse psavg_f_rmse        e_mae      e/N_mae       e_rmse     e/N_rmse
! Train             237 1402.859    0.001      0.00723     4.74e-05      0.00727         0.04       0.0556        0.029       0.0727       0.0401       0.0473       0.0375       0.0952       0.0535       0.0621         0.47      0.00367        0.577      0.00451
! Validation        237 1402.859    0.001      0.00759     2.72e-06      0.00759        0.039        0.057       0.0277       0.0761       0.0382       0.0473       0.0363        0.102       0.0537       0.0641         0.11     0.000859        0.138      0.00108
Wall time: 1402.8601334228879
Saved trainer to results/Allegro_FPS_150_DFT_Li3PS4/run_Allegro_FPS_150_DFT_Li3PS4/trainer.pth
Saved last model to to results/Allegro_FPS_150_DFT_Li3PS4/run_Allegro_FPS_150_DFT_Li3PS4/last_model.pth
EarlyStopping: 31 / 50

training
# Epoch batch         loss       loss_f       loss_e        f_mae       f_rmse     Li_f_mae      P_f_mae      S_f_mae  psavg_f_mae    Li_f_rmse     P_f_rmse     S_f_rmse psavg_f_rmse        e_mae      e/N_mae       e_rmse     e/N_rmse
    238    75      0.00468      0.00458     0.000102       0.0326       0.0443       0.0265       0.0626       0.0297       0.0396       0.0327        0.081       0.0384       0.0507        0.844      0.00659        0.844      0.00659

validation
# Epoch batch         loss       loss_f       loss_e        f_mae       f_rmse     Li_f_mae      P_f_mae      S_f_mae  psavg_f_mae    Li_f_rmse     P_f_rmse     S_f_rmse psavg_f_rmse        e_mae      e/N_mae       e_rmse     e/N_rmse
    238   100      0.00483      0.00483     2.63e-06       0.0336       0.0455       0.0252       0.0636       0.0323       0.0404       0.0318       0.0806       0.0419       0.0514        0.132      0.00103        0.136      0.00106
    238   160       0.0143       0.0143     1.08e-05        0.053       0.0782       0.0365       0.0995       0.0539       0.0633       0.0458        0.129       0.0804       0.0852        0.224      0.00175        0.275      0.00215


  Train      #    Epoch      wal       LR       loss_f       loss_e         loss        f_mae       f_rmse     Li_f_mae      P_f_mae      S_f_mae  psavg_f_mae    Li_f_rmse     P_f_rmse     S_f_rmse psavg_f_rmse        e_mae      e/N_mae       e_rmse     e/N_rmse
! Train             238 1409.136    0.001       0.0072      4.7e-05      0.00724         0.04       0.0555        0.029       0.0726         0.04       0.0472       0.0375       0.0949       0.0534       0.0619        0.469      0.00367        0.574      0.00448
! Validation        238 1409.136    0.001      0.00759     2.81e-06      0.00759        0.039        0.057       0.0277       0.0761       0.0382       0.0473       0.0363        0.102       0.0537       0.0641        0.112     0.000876         0.14       0.0011
Wall time: 1409.1367119719507
Saved trainer to results/Allegro_FPS_150_DFT_Li3PS4/run_Allegro_FPS_150_DFT_Li3PS4/trainer.pth
Saved last model to to results/Allegro_FPS_150_DFT_Li3PS4/run_Allegro_FPS_150_DFT_Li3PS4/last_model.pth
EarlyStopping: 32 / 50

training
# Epoch batch         loss       loss_f       loss_e        f_mae       f_rmse     Li_f_mae      P_f_mae      S_f_mae  psavg_f_mae    Li_f_rmse     P_f_rmse     S_f_rmse psavg_f_rmse        e_mae      e/N_mae       e_rmse     e/N_rmse
    239    75      0.00468      0.00457      0.00011       0.0326       0.0442       0.0264       0.0623       0.0298       0.0395       0.0327       0.0808       0.0385       0.0506        0.879      0.00687        0.879      0.00687

validation
# Epoch batch         loss       loss_f       loss_e        f_mae       f_rmse     Li_f_mae      P_f_mae      S_f_mae  psavg_f_mae    Li_f_rmse     P_f_rmse     S_f_rmse psavg_f_rmse        e_mae      e/N_mae       e_rmse     e/N_rmse
    239   100      0.00483      0.00482     2.17e-06       0.0335       0.0454       0.0252       0.0635       0.0323       0.0403       0.0318       0.0805       0.0419       0.0514        0.122     0.000951        0.123     0.000965
    239   160       0.0143       0.0143     1.05e-05       0.0531       0.0782       0.0365       0.0996       0.0539       0.0633       0.0458         0.13       0.0804       0.0853        0.223      0.00174        0.271      0.00212


  Train      #    Epoch      wal       LR       loss_f       loss_e         loss        f_mae       f_rmse     Li_f_mae      P_f_mae      S_f_mae  psavg_f_mae    Li_f_rmse     P_f_rmse     S_f_rmse psavg_f_rmse        e_mae      e/N_mae       e_rmse     e/N_rmse
! Train             239 1414.975    0.001      0.00717        5e-05      0.00722       0.0399       0.0554        0.029       0.0724         0.04       0.0471       0.0375       0.0946       0.0533       0.0618         0.48      0.00375        0.592      0.00462
! Validation        239 1414.975    0.001      0.00759     2.58e-06      0.00759        0.039        0.057       0.0277       0.0761       0.0382       0.0473       0.0363        0.102       0.0537       0.0642        0.106     0.000828        0.135      0.00105
Wall time: 1414.9757159989094
Saved trainer to results/Allegro_FPS_150_DFT_Li3PS4/run_Allegro_FPS_150_DFT_Li3PS4/trainer.pth
Saved last model to to results/Allegro_FPS_150_DFT_Li3PS4/run_Allegro_FPS_150_DFT_Li3PS4/last_model.pth
EarlyStopping: 33 / 50

training
# Epoch batch         loss       loss_f       loss_e        f_mae       f_rmse     Li_f_mae      P_f_mae      S_f_mae  psavg_f_mae    Li_f_rmse     P_f_rmse     S_f_rmse psavg_f_rmse        e_mae      e/N_mae       e_rmse     e/N_rmse
    240    75      0.00467      0.00456     0.000111       0.0326       0.0442       0.0264       0.0622       0.0298       0.0395       0.0327       0.0807       0.0384       0.0506        0.883       0.0069        0.883       0.0069

validation
# Epoch batch         loss       loss_f       loss_e        f_mae       f_rmse     Li_f_mae      P_f_mae      S_f_mae  psavg_f_mae    Li_f_rmse     P_f_rmse     S_f_rmse psavg_f_rmse        e_mae      e/N_mae       e_rmse     e/N_rmse
    240   100      0.00482      0.00482     2.22e-06       0.0335       0.0454       0.0252       0.0635       0.0323       0.0403       0.0317       0.0805       0.0418       0.0513        0.123     0.000959        0.125     0.000975
    240   160       0.0143       0.0143     1.06e-05       0.0531       0.0783       0.0365       0.0996       0.0539       0.0633       0.0458         0.13       0.0804       0.0853        0.223      0.00174        0.272      0.00213


  Train      #    Epoch      wal       LR       loss_f       loss_e         loss        f_mae       f_rmse     Li_f_mae      P_f_mae      S_f_mae  psavg_f_mae    Li_f_rmse     P_f_rmse     S_f_rmse psavg_f_rmse        e_mae      e/N_mae       e_rmse     e/N_rmse
! Train             240 1420.770    0.001      0.00713     4.91e-05      0.00718       0.0398       0.0552        0.029       0.0722       0.0399        0.047       0.0374       0.0943       0.0532       0.0616        0.476      0.00372        0.587      0.00459
! Validation        240 1420.770    0.001      0.00759     2.59e-06       0.0076        0.039        0.057       0.0277       0.0761       0.0382       0.0473       0.0363        0.102       0.0537       0.0642        0.106     0.000829        0.135      0.00105
Wall time: 1420.7705666169059
Saved trainer to results/Allegro_FPS_150_DFT_Li3PS4/run_Allegro_FPS_150_DFT_Li3PS4/trainer.pth
Saved last model to to results/Allegro_FPS_150_DFT_Li3PS4/run_Allegro_FPS_150_DFT_Li3PS4/last_model.pth
EarlyStopping: 34 / 50

training
# Epoch batch         loss       loss_f       loss_e        f_mae       f_rmse     Li_f_mae      P_f_mae      S_f_mae  psavg_f_mae    Li_f_rmse     P_f_rmse     S_f_rmse psavg_f_rmse        e_mae      e/N_mae       e_rmse     e/N_rmse
    241    75      0.00466      0.00456     0.000105       0.0325       0.0442       0.0264        0.062       0.0298       0.0394       0.0326       0.0806       0.0384       0.0506        0.857       0.0067        0.858       0.0067

validation
# Epoch batch         loss       loss_f       loss_e        f_mae       f_rmse     Li_f_mae      P_f_mae      S_f_mae  psavg_f_mae    Li_f_rmse     P_f_rmse     S_f_rmse psavg_f_rmse        e_mae      e/N_mae       e_rmse     e/N_rmse
    241   100      0.00481      0.00481      2.3e-06       0.0335       0.0454       0.0251       0.0634       0.0322       0.0403       0.0317       0.0804       0.0418       0.0513        0.125     0.000975        0.127     0.000992
    241   160       0.0143       0.0143     1.07e-05       0.0531       0.0783       0.0364       0.0997        0.054       0.0634       0.0458         0.13       0.0805       0.0854        0.224      0.00175        0.274      0.00214


  Train      #    Epoch      wal       LR       loss_f       loss_e         loss        f_mae       f_rmse     Li_f_mae      P_f_mae      S_f_mae  psavg_f_mae    Li_f_rmse     P_f_rmse     S_f_rmse psavg_f_rmse        e_mae      e/N_mae       e_rmse     e/N_rmse
! Train             241 1426.460    0.001      0.00711     4.86e-05      0.00716       0.0398       0.0552        0.029        0.072       0.0399        0.047       0.0374       0.0941       0.0531       0.0615        0.471      0.00368        0.584      0.00456
! Validation        241 1426.460    0.001       0.0076     2.62e-06       0.0076        0.039        0.057       0.0277       0.0761       0.0382       0.0473       0.0363        0.102       0.0538       0.0642        0.107     0.000834        0.136      0.00106
Wall time: 1426.460447071935
Saved trainer to results/Allegro_FPS_150_DFT_Li3PS4/run_Allegro_FPS_150_DFT_Li3PS4/trainer.pth
Saved last model to to results/Allegro_FPS_150_DFT_Li3PS4/run_Allegro_FPS_150_DFT_Li3PS4/last_model.pth
EarlyStopping: 35 / 50

training
# Epoch batch         loss       loss_f       loss_e        f_mae       f_rmse     Li_f_mae      P_f_mae      S_f_mae  psavg_f_mae    Li_f_rmse     P_f_rmse     S_f_rmse psavg_f_rmse        e_mae      e/N_mae       e_rmse     e/N_rmse
    242    75      0.00465      0.00455     0.000107       0.0325       0.0441       0.0263       0.0618       0.0299       0.0393       0.0326       0.0804       0.0384       0.0505        0.864      0.00675        0.865      0.00675

validation
# Epoch batch         loss       loss_f       loss_e        f_mae       f_rmse     Li_f_mae      P_f_mae      S_f_mae  psavg_f_mae    Li_f_rmse     P_f_rmse     S_f_rmse psavg_f_rmse        e_mae      e/N_mae       e_rmse     e/N_rmse
    242   100       0.0048       0.0048      2.4e-06       0.0334       0.0453       0.0251       0.0634       0.0322       0.0402       0.0317       0.0803       0.0417       0.0513        0.127     0.000993         0.13      0.00101
    242   160       0.0144       0.0144      1.1e-05       0.0531       0.0784       0.0364       0.0998        0.054       0.0634       0.0459         0.13       0.0805       0.0854        0.226      0.00177        0.277      0.00217


  Train      #    Epoch      wal       LR       loss_f       loss_e         loss        f_mae       f_rmse     Li_f_mae      P_f_mae      S_f_mae  psavg_f_mae    Li_f_rmse     P_f_rmse     S_f_rmse psavg_f_rmse        e_mae      e/N_mae       e_rmse     e/N_rmse
! Train             242 1432.181    0.001      0.00708     5.07e-05      0.00713       0.0397        0.055        0.029       0.0719       0.0398       0.0469       0.0374       0.0938        0.053       0.0614        0.484      0.00378        0.596      0.00466
! Validation        242 1432.181    0.001       0.0076     2.67e-06       0.0076        0.039        0.057       0.0277       0.0761       0.0382       0.0473       0.0363        0.102       0.0538       0.0642        0.108     0.000845        0.137      0.00107
Wall time: 1432.1814967659302
Saved trainer to results/Allegro_FPS_150_DFT_Li3PS4/run_Allegro_FPS_150_DFT_Li3PS4/trainer.pth
Saved last model to to results/Allegro_FPS_150_DFT_Li3PS4/run_Allegro_FPS_150_DFT_Li3PS4/last_model.pth
EarlyStopping: 36 / 50

training
# Epoch batch         loss       loss_f       loss_e        f_mae       f_rmse     Li_f_mae      P_f_mae      S_f_mae  psavg_f_mae    Li_f_rmse     P_f_rmse     S_f_rmse psavg_f_rmse        e_mae      e/N_mae       e_rmse     e/N_rmse
    243    75      0.00464      0.00454     0.000102       0.0325       0.0441       0.0263       0.0617       0.0299       0.0393       0.0326       0.0803       0.0384       0.0505        0.846      0.00661        0.846      0.00661

validation
# Epoch batch         loss       loss_f       loss_e        f_mae       f_rmse     Li_f_mae      P_f_mae      S_f_mae  psavg_f_mae    Li_f_rmse     P_f_rmse     S_f_rmse psavg_f_rmse        e_mae      e/N_mae       e_rmse     e/N_rmse
    243   100       0.0048       0.0048     2.26e-06       0.0334       0.0453       0.0251       0.0633       0.0322       0.0402       0.0317       0.0803       0.0417       0.0512        0.124     0.000968        0.126     0.000985
    243   160       0.0144       0.0144      1.1e-05       0.0532       0.0784       0.0365       0.0998       0.0541       0.0634       0.0459         0.13       0.0806       0.0855        0.226      0.00177        0.277      0.00217


  Train      #    Epoch      wal       LR       loss_f       loss_e         loss        f_mae       f_rmse     Li_f_mae      P_f_mae      S_f_mae  psavg_f_mae    Li_f_rmse     P_f_rmse     S_f_rmse psavg_f_rmse        e_mae      e/N_mae       e_rmse     e/N_rmse
! Train             243 1437.870    0.001      0.00705     4.96e-05       0.0071       0.0397       0.0549        0.029       0.0717       0.0397       0.0468       0.0374       0.0935       0.0529       0.0613         0.48      0.00375        0.589      0.00461
! Validation        243 1437.870    0.001       0.0076     2.61e-06      0.00761        0.039        0.057       0.0277       0.0761       0.0382       0.0473       0.0363        0.102       0.0538       0.0642        0.106     0.000829        0.135      0.00106
Wall time: 1437.8712370758876
Saved trainer to results/Allegro_FPS_150_DFT_Li3PS4/run_Allegro_FPS_150_DFT_Li3PS4/trainer.pth
Saved last model to to results/Allegro_FPS_150_DFT_Li3PS4/run_Allegro_FPS_150_DFT_Li3PS4/last_model.pth
EarlyStopping: 37 / 50

training
# Epoch batch         loss       loss_f       loss_e        f_mae       f_rmse     Li_f_mae      P_f_mae      S_f_mae  psavg_f_mae    Li_f_rmse     P_f_rmse     S_f_rmse psavg_f_rmse        e_mae      e/N_mae       e_rmse     e/N_rmse
    244    75      0.00464      0.00455     9.12e-05       0.0325       0.0441       0.0262       0.0616         0.03       0.0393       0.0326       0.0803       0.0386       0.0505          0.8      0.00625          0.8      0.00625

validation
# Epoch batch         loss       loss_f       loss_e        f_mae       f_rmse     Li_f_mae      P_f_mae      S_f_mae  psavg_f_mae    Li_f_rmse     P_f_rmse     S_f_rmse psavg_f_rmse        e_mae      e/N_mae       e_rmse     e/N_rmse
    244   100      0.00479      0.00479     2.29e-06       0.0334       0.0453       0.0251       0.0633       0.0322       0.0402       0.0317       0.0802       0.0417       0.0512        0.125     0.000973        0.127      0.00099
    244   160       0.0144       0.0144      1.1e-05       0.0532       0.0785       0.0364       0.0999       0.0541       0.0635       0.0459         0.13       0.0806       0.0856        0.226      0.00177        0.278      0.00217


  Train      #    Epoch      wal       LR       loss_f       loss_e         loss        f_mae       f_rmse     Li_f_mae      P_f_mae      S_f_mae  psavg_f_mae    Li_f_rmse     P_f_rmse     S_f_rmse psavg_f_rmse        e_mae      e/N_mae       e_rmse     e/N_rmse
! Train             244 1443.838    0.001      0.00702     4.86e-05      0.00707       0.0396       0.0548        0.029       0.0715       0.0397       0.0467       0.0373       0.0933       0.0528       0.0611        0.477      0.00373        0.584      0.00456
! Validation        244 1443.838    0.001      0.00761     2.62e-06      0.00761        0.039       0.0571       0.0277       0.0761       0.0382       0.0473       0.0363        0.102       0.0538       0.0642        0.107     0.000834        0.136      0.00106
Wall time: 1443.8389945179224
Saved trainer to results/Allegro_FPS_150_DFT_Li3PS4/run_Allegro_FPS_150_DFT_Li3PS4/trainer.pth
Saved last model to to results/Allegro_FPS_150_DFT_Li3PS4/run_Allegro_FPS_150_DFT_Li3PS4/last_model.pth
EarlyStopping: 38 / 50

training
# Epoch batch         loss       loss_f       loss_e        f_mae       f_rmse     Li_f_mae      P_f_mae      S_f_mae  psavg_f_mae    Li_f_rmse     P_f_rmse     S_f_rmse psavg_f_rmse        e_mae      e/N_mae       e_rmse     e/N_rmse
    245    75      0.00464      0.00455     9.24e-05       0.0326       0.0441       0.0262       0.0614       0.0301       0.0393       0.0326       0.0801       0.0387       0.0505        0.805      0.00629        0.805      0.00629

validation
# Epoch batch         loss       loss_f       loss_e        f_mae       f_rmse     Li_f_mae      P_f_mae      S_f_mae  psavg_f_mae    Li_f_rmse     P_f_rmse     S_f_rmse psavg_f_rmse        e_mae      e/N_mae       e_rmse     e/N_rmse
    245   100      0.00479      0.00478      2.2e-06       0.0334       0.0452       0.0251       0.0633       0.0322       0.0402       0.0317       0.0802       0.0417       0.0512        0.122     0.000956        0.124     0.000969
    245   160       0.0144       0.0144     1.09e-05       0.0532       0.0786       0.0364          0.1       0.0541       0.0635       0.0459         0.13       0.0807       0.0857        0.226      0.00176        0.276      0.00216


  Train      #    Epoch      wal       LR       loss_f       loss_e         loss        f_mae       f_rmse     Li_f_mae      P_f_mae      S_f_mae  psavg_f_mae    Li_f_rmse     P_f_rmse     S_f_rmse psavg_f_rmse        e_mae      e/N_mae       e_rmse     e/N_rmse
! Train             245 1449.623    0.001      0.00699     4.94e-05      0.00704       0.0396       0.0547       0.0289       0.0713       0.0396       0.0466       0.0373       0.0929       0.0527        0.061        0.483      0.00377        0.588       0.0046
! Validation        245 1449.623    0.001      0.00761     2.56e-06      0.00761        0.039       0.0571       0.0277       0.0761       0.0382       0.0473       0.0364        0.103       0.0538       0.0642        0.105     0.000819        0.134      0.00105
Wall time: 1449.6234045359306
Saved trainer to results/Allegro_FPS_150_DFT_Li3PS4/run_Allegro_FPS_150_DFT_Li3PS4/trainer.pth
Saved last model to to results/Allegro_FPS_150_DFT_Li3PS4/run_Allegro_FPS_150_DFT_Li3PS4/last_model.pth
EarlyStopping: 39 / 50

training
# Epoch batch         loss       loss_f       loss_e        f_mae       f_rmse     Li_f_mae      P_f_mae      S_f_mae  psavg_f_mae    Li_f_rmse     P_f_rmse     S_f_rmse psavg_f_rmse        e_mae      e/N_mae       e_rmse     e/N_rmse
    246    75      0.00464      0.00456     8.21e-05       0.0326       0.0442       0.0261       0.0613       0.0303       0.0393       0.0325       0.0799       0.0389       0.0504        0.759      0.00593        0.759      0.00593

validation
# Epoch batch         loss       loss_f       loss_e        f_mae       f_rmse     Li_f_mae      P_f_mae      S_f_mae  psavg_f_mae    Li_f_rmse     P_f_rmse     S_f_rmse psavg_f_rmse        e_mae      e/N_mae       e_rmse     e/N_rmse
    246   100      0.00478      0.00478     2.41e-06       0.0334       0.0452       0.0251       0.0633       0.0321       0.0402       0.0317       0.0801       0.0416       0.0511        0.127     0.000996         0.13      0.00101
    246   160       0.0145       0.0144     1.11e-05       0.0533       0.0786       0.0365          0.1       0.0542       0.0636        0.046        0.131       0.0807       0.0857        0.227      0.00178         0.28      0.00218


  Train      #    Epoch      wal       LR       loss_f       loss_e         loss        f_mae       f_rmse     Li_f_mae      P_f_mae      S_f_mae  psavg_f_mae    Li_f_rmse     P_f_rmse     S_f_rmse psavg_f_rmse        e_mae      e/N_mae       e_rmse     e/N_rmse
! Train             246 1455.331    0.001      0.00695     4.86e-05        0.007       0.0395       0.0546       0.0289       0.0711       0.0395       0.0465       0.0373       0.0926       0.0526       0.0608        0.481      0.00376        0.584      0.00456
! Validation        246 1455.331    0.001      0.00762     2.66e-06      0.00762        0.039       0.0571       0.0277       0.0761       0.0382       0.0473       0.0364        0.103       0.0538       0.0642        0.108     0.000841        0.137      0.00107
Wall time: 1455.3314139789436
Saved trainer to results/Allegro_FPS_150_DFT_Li3PS4/run_Allegro_FPS_150_DFT_Li3PS4/trainer.pth
Saved last model to to results/Allegro_FPS_150_DFT_Li3PS4/run_Allegro_FPS_150_DFT_Li3PS4/last_model.pth
EarlyStopping: 40 / 50

training
# Epoch batch         loss       loss_f       loss_e        f_mae       f_rmse     Li_f_mae      P_f_mae      S_f_mae  psavg_f_mae    Li_f_rmse     P_f_rmse     S_f_rmse psavg_f_rmse        e_mae      e/N_mae       e_rmse     e/N_rmse
    247    75      0.00464      0.00455     8.69e-05       0.0326       0.0441       0.0262       0.0612       0.0303       0.0392       0.0325       0.0798       0.0388       0.0504         0.78       0.0061        0.781       0.0061

validation
# Epoch batch         loss       loss_f       loss_e        f_mae       f_rmse     Li_f_mae      P_f_mae      S_f_mae  psavg_f_mae    Li_f_rmse     P_f_rmse     S_f_rmse psavg_f_rmse        e_mae      e/N_mae       e_rmse     e/N_rmse
    247   100      0.00478      0.00478     2.27e-06       0.0334       0.0452        0.025       0.0633       0.0321       0.0402       0.0316       0.0801       0.0416       0.0511        0.124      0.00097        0.126     0.000985
    247   160       0.0145       0.0145     1.12e-05       0.0533       0.0787       0.0364          0.1       0.0542       0.0637        0.046        0.131       0.0808       0.0858        0.228      0.00178         0.28      0.00219


  Train      #    Epoch      wal       LR       loss_f       loss_e         loss        f_mae       f_rmse     Li_f_mae      P_f_mae      S_f_mae  psavg_f_mae    Li_f_rmse     P_f_rmse     S_f_rmse psavg_f_rmse        e_mae      e/N_mae       e_rmse     e/N_rmse
! Train             247 1461.133    0.001      0.00692     4.97e-05      0.00697       0.0394       0.0544       0.0289       0.0709       0.0394       0.0464       0.0373       0.0923       0.0524       0.0607        0.486       0.0038        0.591      0.00461
! Validation        247 1461.133    0.001      0.00762      2.6e-06      0.00762        0.039       0.0571       0.0277       0.0762       0.0382       0.0474       0.0364        0.103       0.0539       0.0643        0.106     0.000826        0.135      0.00105
Wall time: 1461.1334143509157
Saved trainer to results/Allegro_FPS_150_DFT_Li3PS4/run_Allegro_FPS_150_DFT_Li3PS4/trainer.pth
Saved last model to to results/Allegro_FPS_150_DFT_Li3PS4/run_Allegro_FPS_150_DFT_Li3PS4/last_model.pth
EarlyStopping: 41 / 50

training
# Epoch batch         loss       loss_f       loss_e        f_mae       f_rmse     Li_f_mae      P_f_mae      S_f_mae  psavg_f_mae    Li_f_rmse     P_f_rmse     S_f_rmse psavg_f_rmse        e_mae      e/N_mae       e_rmse     e/N_rmse
    248    75      0.00466      0.00458      8.1e-05       0.0328       0.0443       0.0261       0.0611       0.0307       0.0393       0.0325       0.0798       0.0392       0.0505        0.754      0.00589        0.754      0.00589

validation
# Epoch batch         loss       loss_f       loss_e        f_mae       f_rmse     Li_f_mae      P_f_mae      S_f_mae  psavg_f_mae    Li_f_rmse     P_f_rmse     S_f_rmse psavg_f_rmse        e_mae      e/N_mae       e_rmse     e/N_rmse
    248   100      0.00477      0.00477     2.03e-06       0.0333       0.0452        0.025       0.0632       0.0321       0.0401       0.0316         0.08       0.0416       0.0511        0.118     0.000923        0.119     0.000932
    248   160       0.0145       0.0145      1.1e-05       0.0534       0.0788       0.0365          0.1       0.0543       0.0637        0.046        0.131       0.0809       0.0859        0.226      0.00177        0.277      0.00217


  Train      #    Epoch      wal       LR       loss_f       loss_e         loss        f_mae       f_rmse     Li_f_mae      P_f_mae      S_f_mae  psavg_f_mae    Li_f_rmse     P_f_rmse     S_f_rmse psavg_f_rmse        e_mae      e/N_mae       e_rmse     e/N_rmse
! Train             248 1466.778    0.001       0.0069     4.95e-05      0.00695       0.0394       0.0543       0.0289       0.0707       0.0394       0.0463       0.0372        0.092       0.0524       0.0606        0.487      0.00381        0.589       0.0046
! Validation        248 1466.778    0.001      0.00763     2.46e-06      0.00763        0.039       0.0571       0.0277       0.0762       0.0382       0.0474       0.0364        0.103       0.0539       0.0643        0.102     0.000794        0.131      0.00103
Wall time: 1466.7783672889927
Saved trainer to results/Allegro_FPS_150_DFT_Li3PS4/run_Allegro_FPS_150_DFT_Li3PS4/trainer.pth
Saved last model to to results/Allegro_FPS_150_DFT_Li3PS4/run_Allegro_FPS_150_DFT_Li3PS4/last_model.pth
EarlyStopping: 42 / 50

training
# Epoch batch         loss       loss_f       loss_e        f_mae       f_rmse     Li_f_mae      P_f_mae      S_f_mae  psavg_f_mae    Li_f_rmse     P_f_rmse     S_f_rmse psavg_f_rmse        e_mae      e/N_mae       e_rmse     e/N_rmse
    249    75      0.00467       0.0046     6.64e-05       0.0329       0.0444       0.0261       0.0608        0.031       0.0393       0.0325       0.0796       0.0395       0.0505        0.682      0.00533        0.682      0.00533

validation
# Epoch batch         loss       loss_f       loss_e        f_mae       f_rmse     Li_f_mae      P_f_mae      S_f_mae  psavg_f_mae    Li_f_rmse     P_f_rmse     S_f_rmse psavg_f_rmse        e_mae      e/N_mae       e_rmse     e/N_rmse
    249   100      0.00477      0.00476     2.11e-06       0.0333       0.0452        0.025       0.0632       0.0321       0.0401       0.0316       0.0799       0.0416       0.0511         0.12      0.00094        0.122      0.00095
    249   160       0.0145       0.0145     1.13e-05       0.0534       0.0788       0.0365        0.101       0.0543       0.0638       0.0461        0.131       0.0809        0.086        0.229      0.00179        0.281       0.0022


  Train      #    Epoch      wal       LR       loss_f       loss_e         loss        f_mae       f_rmse     Li_f_mae      P_f_mae      S_f_mae  psavg_f_mae    Li_f_rmse     P_f_rmse     S_f_rmse psavg_f_rmse        e_mae      e/N_mae       e_rmse     e/N_rmse
! Train             249 1472.533    0.001      0.00687     4.94e-05      0.00692       0.0393       0.0542       0.0289       0.0705       0.0394       0.0463       0.0372       0.0917       0.0524       0.0604        0.491      0.00383        0.589       0.0046
! Validation        249 1472.533    0.001      0.00763     2.51e-06      0.00764        0.039       0.0572       0.0277       0.0762       0.0382       0.0474       0.0364        0.103       0.0539       0.0643        0.103     0.000805        0.133      0.00104
Wall time: 1472.5341963669052
Saved trainer to results/Allegro_FPS_150_DFT_Li3PS4/run_Allegro_FPS_150_DFT_Li3PS4/trainer.pth
Saved last model to to results/Allegro_FPS_150_DFT_Li3PS4/run_Allegro_FPS_150_DFT_Li3PS4/last_model.pth
EarlyStopping: 43 / 50

training
# Epoch batch         loss       loss_f       loss_e        f_mae       f_rmse     Li_f_mae      P_f_mae      S_f_mae  psavg_f_mae    Li_f_rmse     P_f_rmse     S_f_rmse psavg_f_rmse        e_mae      e/N_mae       e_rmse     e/N_rmse
    250    75      0.00468      0.00462     6.15e-05        0.033       0.0444       0.0261       0.0607       0.0312       0.0393       0.0325       0.0795       0.0397       0.0506        0.657      0.00513        0.657      0.00513

validation
# Epoch batch         loss       loss_f       loss_e        f_mae       f_rmse     Li_f_mae      P_f_mae      S_f_mae  psavg_f_mae    Li_f_rmse     P_f_rmse     S_f_rmse psavg_f_rmse        e_mae      e/N_mae       e_rmse     e/N_rmse
    250   100      0.00476      0.00476     2.15e-06       0.0333       0.0451        0.025       0.0632       0.0321       0.0401       0.0316       0.0799       0.0416        0.051        0.121     0.000947        0.123     0.000959
    250   160       0.0146       0.0146     1.14e-05       0.0535       0.0789       0.0365        0.101       0.0544       0.0638       0.0461        0.131        0.081       0.0861         0.23       0.0018        0.283      0.00221


  Train      #    Epoch      wal       LR       loss_f       loss_e         loss        f_mae       f_rmse     Li_f_mae      P_f_mae      S_f_mae  psavg_f_mae    Li_f_rmse     P_f_rmse     S_f_rmse psavg_f_rmse        e_mae      e/N_mae       e_rmse     e/N_rmse
! Train             250 1478.285    0.001      0.00686      4.9e-05      0.00691       0.0393       0.0542       0.0288       0.0703       0.0394       0.0462       0.0372       0.0914       0.0524       0.0603        0.492      0.00384        0.586      0.00458
! Validation        250 1478.285    0.001      0.00764     2.54e-06      0.00764        0.039       0.0572       0.0277       0.0762       0.0382       0.0474       0.0364        0.103       0.0539       0.0643        0.104      0.00081        0.133      0.00104
Wall time: 1478.2860050239833
Saved trainer to results/Allegro_FPS_150_DFT_Li3PS4/run_Allegro_FPS_150_DFT_Li3PS4/trainer.pth
Saved last model to to results/Allegro_FPS_150_DFT_Li3PS4/run_Allegro_FPS_150_DFT_Li3PS4/last_model.pth
EarlyStopping: 44 / 50

training
# Epoch batch         loss       loss_f       loss_e        f_mae       f_rmse     Li_f_mae      P_f_mae      S_f_mae  psavg_f_mae    Li_f_rmse     P_f_rmse     S_f_rmse psavg_f_rmse        e_mae      e/N_mae       e_rmse     e/N_rmse
    251    75      0.00467      0.00462     5.01e-05        0.033       0.0444       0.0261       0.0609       0.0312       0.0394       0.0327       0.0795       0.0396       0.0506        0.592      0.00463        0.593      0.00463

validation
# Epoch batch         loss       loss_f       loss_e        f_mae       f_rmse     Li_f_mae      P_f_mae      S_f_mae  psavg_f_mae    Li_f_rmse     P_f_rmse     S_f_rmse psavg_f_rmse        e_mae      e/N_mae       e_rmse     e/N_rmse
    251   100      0.00476      0.00476     2.27e-06       0.0333       0.0451        0.025       0.0632       0.0321       0.0401       0.0316       0.0798       0.0416        0.051        0.124     0.000971        0.126     0.000986
    251   160       0.0146       0.0146     1.17e-05       0.0535        0.079       0.0365        0.101       0.0545       0.0639       0.0461        0.131        0.081       0.0862        0.232      0.00182        0.287      0.00224


  Train      #    Epoch      wal       LR       loss_f       loss_e         loss        f_mae       f_rmse     Li_f_mae      P_f_mae      S_f_mae  psavg_f_mae    Li_f_rmse     P_f_rmse     S_f_rmse psavg_f_rmse        e_mae      e/N_mae       e_rmse     e/N_rmse
! Train             251 1484.061    0.001      0.00689     5.01e-05      0.00694       0.0395       0.0543       0.0289       0.0702       0.0397       0.0463       0.0372       0.0912       0.0527       0.0604        0.502      0.00392        0.593      0.00463
! Validation        251 1484.061    0.001      0.00765     2.61e-06      0.00765        0.039       0.0572       0.0277       0.0762       0.0383       0.0474       0.0364        0.103        0.054       0.0644        0.106     0.000825        0.135      0.00106
Wall time: 1484.0614075469784
Saved trainer to results/Allegro_FPS_150_DFT_Li3PS4/run_Allegro_FPS_150_DFT_Li3PS4/trainer.pth
Saved last model to to results/Allegro_FPS_150_DFT_Li3PS4/run_Allegro_FPS_150_DFT_Li3PS4/last_model.pth
EarlyStopping: 45 / 50

training
# Epoch batch         loss       loss_f       loss_e        f_mae       f_rmse     Li_f_mae      P_f_mae      S_f_mae  psavg_f_mae    Li_f_rmse     P_f_rmse     S_f_rmse psavg_f_rmse        e_mae      e/N_mae       e_rmse     e/N_rmse
    252    75      0.00517      0.00511     5.14e-05       0.0348       0.0468       0.0267       0.0617       0.0342       0.0409       0.0334       0.0803       0.0439       0.0525          0.6      0.00469        0.601      0.00469

validation
# Epoch batch         loss       loss_f       loss_e        f_mae       f_rmse     Li_f_mae      P_f_mae      S_f_mae  psavg_f_mae    Li_f_rmse     P_f_rmse     S_f_rmse psavg_f_rmse        e_mae      e/N_mae       e_rmse     e/N_rmse
    252   100      0.00476      0.00476     2.27e-06       0.0333       0.0451        0.025       0.0632       0.0321       0.0401       0.0316       0.0798       0.0416        0.051        0.124     0.000969        0.126     0.000985
    252   160       0.0146       0.0146      1.2e-05       0.0536        0.079       0.0365        0.101       0.0545        0.064       0.0462        0.132        0.081       0.0863        0.234      0.00183         0.29      0.00227


  Train      #    Epoch      wal       LR       loss_f       loss_e         loss        f_mae       f_rmse     Li_f_mae      P_f_mae      S_f_mae  psavg_f_mae    Li_f_rmse     P_f_rmse     S_f_rmse psavg_f_rmse        e_mae      e/N_mae       e_rmse     e/N_rmse
! Train             252 1489.735    0.001      0.00707     5.46e-05      0.00712       0.0401        0.055       0.0289       0.0703       0.0409       0.0467       0.0373       0.0912       0.0541       0.0609        0.527      0.00412        0.619      0.00484
! Validation        252 1489.735    0.001      0.00765     2.65e-06      0.00766       0.0391       0.0572       0.0277       0.0762       0.0383       0.0474       0.0364        0.103        0.054       0.0644        0.106     0.000831        0.136      0.00106
Wall time: 1489.7355336549226
Saved trainer to results/Allegro_FPS_150_DFT_Li3PS4/run_Allegro_FPS_150_DFT_Li3PS4/trainer.pth
Saved last model to to results/Allegro_FPS_150_DFT_Li3PS4/run_Allegro_FPS_150_DFT_Li3PS4/last_model.pth
EarlyStopping: 46 / 50

training
# Epoch batch         loss       loss_f       loss_e        f_mae       f_rmse     Li_f_mae      P_f_mae      S_f_mae  psavg_f_mae    Li_f_rmse     P_f_rmse     S_f_rmse psavg_f_rmse        e_mae      e/N_mae       e_rmse     e/N_rmse
    253    75      0.00677      0.00673     4.63e-05       0.0403       0.0537       0.0269       0.0619        0.045       0.0446       0.0339       0.0807       0.0572       0.0572        0.569      0.00445         0.57      0.00445

validation
# Epoch batch         loss       loss_f       loss_e        f_mae       f_rmse     Li_f_mae      P_f_mae      S_f_mae  psavg_f_mae    Li_f_rmse     P_f_rmse     S_f_rmse psavg_f_rmse        e_mae      e/N_mae       e_rmse     e/N_rmse
    253   100      0.00476      0.00475     2.52e-06       0.0333       0.0451        0.025       0.0631       0.0321         0.04       0.0316       0.0797       0.0416        0.051         0.13      0.00102        0.133      0.00104
    253   160       0.0145       0.0145     1.29e-05       0.0535       0.0788       0.0364        0.101       0.0544       0.0639       0.0461        0.132       0.0805       0.0861        0.242      0.00189        0.301      0.00235


  Train      #    Epoch      wal       LR       loss_f       loss_e         loss        f_mae       f_rmse     Li_f_mae      P_f_mae      S_f_mae  psavg_f_mae    Li_f_rmse     P_f_rmse     S_f_rmse psavg_f_rmse        e_mae      e/N_mae       e_rmse     e/N_rmse
! Train             253 1495.595    0.001      0.00743     7.64e-05       0.0075       0.0411       0.0564        0.029       0.0706       0.0428       0.0475       0.0374       0.0914       0.0567       0.0619        0.624      0.00488        0.732      0.00572
! Validation        253 1495.595    0.001      0.00764     2.83e-06      0.00764       0.0391       0.0572       0.0277       0.0762       0.0383       0.0474       0.0364        0.103       0.0539       0.0643        0.111     0.000867        0.141       0.0011
Wall time: 1495.5957819829928
Saved trainer to results/Allegro_FPS_150_DFT_Li3PS4/run_Allegro_FPS_150_DFT_Li3PS4/trainer.pth
Saved last model to to results/Allegro_FPS_150_DFT_Li3PS4/run_Allegro_FPS_150_DFT_Li3PS4/last_model.pth
EarlyStopping: 47 / 50

training
# Epoch batch         loss       loss_f       loss_e        f_mae       f_rmse     Li_f_mae      P_f_mae      S_f_mae  psavg_f_mae    Li_f_rmse     P_f_rmse     S_f_rmse psavg_f_rmse        e_mae      e/N_mae       e_rmse     e/N_rmse
    254    75      0.00569      0.00568      6.6e-06        0.036       0.0493       0.0259       0.0677       0.0357       0.0431       0.0324       0.0868       0.0469       0.0553        0.214      0.00167        0.215      0.00168

validation
# Epoch batch         loss       loss_f       loss_e        f_mae       f_rmse     Li_f_mae      P_f_mae      S_f_mae  psavg_f_mae    Li_f_rmse     P_f_rmse     S_f_rmse psavg_f_rmse        e_mae      e/N_mae       e_rmse     e/N_rmse
    254   100      0.00477      0.00477     2.88e-06       0.0333       0.0452        0.025        0.063       0.0322       0.0401       0.0316       0.0797       0.0417        0.051        0.139      0.00108        0.142      0.00111
    254   160       0.0144       0.0144     1.35e-05       0.0532       0.0785       0.0362        0.101       0.0541       0.0637        0.046        0.132         0.08       0.0859        0.247      0.00193        0.307       0.0024


  Train      #    Epoch      wal       LR       loss_f       loss_e         loss        f_mae       f_rmse     Li_f_mae      P_f_mae      S_f_mae  psavg_f_mae    Li_f_rmse     P_f_rmse     S_f_rmse psavg_f_rmse        e_mae      e/N_mae       e_rmse     e/N_rmse
! Train             254 1501.613    0.001      0.00779     0.000106      0.00789        0.042       0.0577       0.0298       0.0731       0.0435       0.0488       0.0384       0.0949       0.0575       0.0636        0.667      0.00521        0.862      0.00673
! Validation        254 1501.613    0.001      0.00761     3.03e-06      0.00762        0.039       0.0571       0.0277       0.0761       0.0381       0.0473       0.0364        0.103       0.0538       0.0643        0.116     0.000906        0.146      0.00114
Wall time: 1501.6143470800016
Saved trainer to results/Allegro_FPS_150_DFT_Li3PS4/run_Allegro_FPS_150_DFT_Li3PS4/trainer.pth
Saved last model to to results/Allegro_FPS_150_DFT_Li3PS4/run_Allegro_FPS_150_DFT_Li3PS4/last_model.pth
EarlyStopping: 48 / 50

training
# Epoch batch         loss       loss_f       loss_e        f_mae       f_rmse     Li_f_mae      P_f_mae      S_f_mae  psavg_f_mae    Li_f_rmse     P_f_rmse     S_f_rmse psavg_f_rmse        e_mae      e/N_mae       e_rmse     e/N_rmse
    255    75      0.00497      0.00495     1.95e-05       0.0342        0.046       0.0269       0.0611       0.0329       0.0403       0.0333        0.079       0.0429       0.0518        0.367      0.00287        0.369      0.00289

validation
# Epoch batch         loss       loss_f       loss_e        f_mae       f_rmse     Li_f_mae      P_f_mae      S_f_mae  psavg_f_mae    Li_f_rmse     P_f_rmse     S_f_rmse psavg_f_rmse        e_mae      e/N_mae       e_rmse     e/N_rmse
    255   100      0.00475      0.00475     2.54e-06       0.0333       0.0451       0.0249       0.0629       0.0322         0.04       0.0315       0.0796       0.0417       0.0509        0.131      0.00103        0.133      0.00104
    255   160       0.0146       0.0146      1.2e-05       0.0532       0.0789       0.0362        0.101       0.0542       0.0636       0.0459        0.132       0.0809       0.0861        0.236      0.00184         0.29      0.00227


  Train      #    Epoch      wal       LR       loss_f       loss_e         loss        f_mae       f_rmse     Li_f_mae      P_f_mae      S_f_mae  psavg_f_mae    Li_f_rmse     P_f_rmse     S_f_rmse psavg_f_rmse        e_mae      e/N_mae       e_rmse     e/N_rmse
! Train             255 1507.348    0.001      0.00726     3.31e-05       0.0073       0.0407       0.0558       0.0293       0.0706       0.0417       0.0472       0.0376       0.0916       0.0553       0.0615        0.394      0.00308        0.482      0.00376
! Validation        255 1507.348    0.001       0.0076     2.72e-06       0.0076       0.0389        0.057       0.0277       0.0761       0.0381       0.0473       0.0364        0.102       0.0537       0.0642         0.11     0.000856        0.138      0.00108
Wall time: 1507.3488164689625
Saved trainer to results/Allegro_FPS_150_DFT_Li3PS4/run_Allegro_FPS_150_DFT_Li3PS4/trainer.pth
Saved last model to to results/Allegro_FPS_150_DFT_Li3PS4/run_Allegro_FPS_150_DFT_Li3PS4/last_model.pth
EarlyStopping: 49 / 50

training
# Epoch batch         loss       loss_f       loss_e        f_mae       f_rmse     Li_f_mae      P_f_mae      S_f_mae  psavg_f_mae    Li_f_rmse     P_f_rmse     S_f_rmse psavg_f_rmse        e_mae      e/N_mae       e_rmse     e/N_rmse
    256    75      0.00473       0.0047     2.66e-05       0.0332       0.0448       0.0263       0.0602       0.0317       0.0394       0.0326        0.078       0.0412       0.0506        0.432      0.00337        0.432      0.00338

validation
# Epoch batch         loss       loss_f       loss_e        f_mae       f_rmse     Li_f_mae      P_f_mae      S_f_mae  psavg_f_mae    Li_f_rmse     P_f_rmse     S_f_rmse psavg_f_rmse        e_mae      e/N_mae       e_rmse     e/N_rmse
    256   100      0.00475      0.00475     2.64e-06       0.0333       0.0451       0.0249        0.063       0.0322       0.0401       0.0315       0.0796       0.0417       0.0509        0.134      0.00105        0.136      0.00106
    256   160       0.0145       0.0145     1.13e-05       0.0532       0.0789       0.0362        0.101       0.0541       0.0636        0.046        0.132       0.0807       0.0861        0.229      0.00179        0.282       0.0022


  Train      #    Epoch      wal       LR       loss_f       loss_e         loss        f_mae       f_rmse     Li_f_mae      P_f_mae      S_f_mae  psavg_f_mae    Li_f_rmse     P_f_rmse     S_f_rmse psavg_f_rmse        e_mae      e/N_mae       e_rmse     e/N_rmse
! Train             256 1513.163    0.001       0.0069     4.27e-05      0.00694       0.0396       0.0543       0.0289       0.0693       0.0402       0.0461       0.0373       0.0899       0.0533       0.0602         0.44      0.00344        0.547      0.00428
! Validation        256 1513.163    0.001      0.00761      2.7e-06      0.00761        0.039       0.0571       0.0277       0.0761       0.0381       0.0473       0.0364        0.103       0.0538       0.0642         0.11     0.000857        0.138      0.00108
Wall time: 1513.1639004199533
Saved trainer to results/Allegro_FPS_150_DFT_Li3PS4/run_Allegro_FPS_150_DFT_Li3PS4/trainer.pth
Saved last model to to results/Allegro_FPS_150_DFT_Li3PS4/run_Allegro_FPS_150_DFT_Li3PS4/last_model.pth
EarlyStopping: 50 / 50
! Stop training: Early stopping: validation_loss has not reduced for 50 epochs
Wall time: 1513.5451756749535
Cumulative wall time: 1513.5451756749535
Saved trainer to results/Allegro_FPS_150_DFT_Li3PS4/run_Allegro_FPS_150_DFT_Li3PS4/trainer.pth
Saved last model to to results/Allegro_FPS_150_DFT_Li3PS4/run_Allegro_FPS_150_DFT_Li3PS4/last_model.pth
[Sat Aug 29 08:37:42 CDT 2026] Training script finished
[Sat Aug 29 08:37:42 CDT 2026] Starting training script...
Using device: cuda
Please note that _all_ machine learning models running on CUDA hardware are generally somewhat nondeterministic and that this can manifest in small, generally unimportant variation in the final test errors.
Loading model... 
    loaded model
Loading original dataset...
Loaded dataset specified in config.yaml.
Using origial training dataset (16000 frames) minus training (150 frames) and validation frames (800 frames), yielding a test set size of 15050 frames.
Starting...

--- Final result: ---
               f_mae =  0.039316           
              f_rmse =  0.057634           
            Li_f_mae =  0.027719           
             P_f_mae =  0.076960           
             S_f_mae =  0.038604           
         psavg_f_mae =  0.047761           
           Li_f_rmse =  0.036618           
            P_f_rmse =  0.103744           
            S_f_rmse =  0.054287           
        psavg_f_rmse =  0.064883           
               e_mae =  0.119541           
             e/N_mae =  0.000934           
              e_rmse =  0.148199           
            e/N_rmse =  0.001158           
               f_mae =  0.039316           
              f_rmse =  0.057634           
            Li_f_mae =  0.027719           
             P_f_mae =  0.076960           
             S_f_mae =  0.038604           
         psavg_f_mae =  0.047761           
           Li_f_rmse =  0.036618           
            P_f_rmse =  0.103744           
            S_f_rmse =  0.054287           
        psavg_f_rmse =  0.064883           
               e_mae =  0.119541           
             e/N_mae =  0.000934           
              e_rmse =  0.148199           
            e/N_rmse =  0.001158           
[Sat Aug 29 08:41:05 CDT 2026] Training script finished
